job,model,acyl_source,uba1_chain,cys632_is_cys,reach_aden,reach_cys,n_covale,thio_len,thio_formed,planarity,clashes,n_contacts,iptm,ptm,ranking_score,contacts
uba1_cys_ub75_no_ube2w,uba1_cys_ub75_no_ube2w__seed-10_sample-0__model.cif,protein_Cterm:U75,A,True,,32.643,0,,,,6,25,,,,479;575;576;577;578;581;597;598;599;600;601;604;605;606;608;617;618;619;621;622;623;626;889;891;926
uba1_cys_ub75_no_ube2w,uba1_cys_ub75_no_ube2w__seed-10_sample-1__model.cif,protein_Cterm:U75,A,True,,30.894,0,,,,4,26,,,,479;575;576;577;578;581;597;598;599;600;601;604;605;606;608;617;618;619;621;622;623;624;625;626;891;926
uba1_cys_ub75_no_ube2w,uba1_cys_ub75_no_ube2w__seed-10_sample-2__model.cif,protein_Cterm:U75,A,True,,32.758,0,,,,5,26,,,,479;575;576;577;578;581;597;598;599;600;601;604;605;606;608;617;618;619;621;622;623;624;625;626;891;926
uba1_cys_ub75_no_ube2w,uba1_cys_ub75_no_ube2w__seed-10_sample-3__model.cif,protein_Cterm:U75,A,True,,32.569,0,,,,4,25,,,,479;575;576;577;578;581;598;599;600;601;604;605;606;608;617;618;619;621;622;623;624;625;626;891;926
uba1_cys_ub75_no_ube2w,uba1_cys_ub75_no_ube2w__seed-10_sample-4__model.cif,protein_Cterm:U75,A,True,,32.603,0,,,,5,26,,,,479;575;576;577;578;581;597;598;599;600;601;604;605;606;608;617;618;619;621;622;623;624;625;626;891;926
uba1_cys_ub75_no_ube2w,uba1_cys_ub75_no_ube2w__seed-11_sample-0__model.cif,protein_Cterm:U75,A,True,,32.33,0,,,,5,25,,,,479;575;576;577;578;581;597;598;599;600;601;604;605;606;608;617;618;619;621;622;623;624;626;891;926
uba1_cys_ub75_no_ube2w,uba1_cys_ub75_no_ube2w__seed-11_sample-1__model.cif,protein_Cterm:U75,A,True,,32.566,0,,,,6,27,,,,479;575;576;577;578;581;582;597;598;599;600;601;604;605;606;608;617;618;619;621;622;623;624;626;889;891;926
uba1_cys_ub75_no_ube2w,uba1_cys_ub75_no_ube2w__seed-11_sample-2__model.cif,protein_Cterm:U75,A,True,,32.93,0,,,,4,25,,,,479;575;576;577;578;581;597;598;599;600;601;604;605;606;608;617;618;619;621;622;623;624;626;891;926
uba1_cys_ub75_no_ube2w,uba1_cys_ub75_no_ube2w__seed-11_sample-3__model.cif,protein_Cterm:U75,A,True,,32.348,0,,,,4,25,,,,479;575;576;577;578;581;597;598;599;600;601;604;605;606;608;617;618;619;621;622;623;624;626;891;926
uba1_cys_ub75_no_ube2w,uba1_cys_ub75_no_ube2w__seed-11_sample-4__model.cif,protein_Cterm:U75,A,True,,31.146,0,,,,4,26,,,,479;575;576;577;578;581;597;598;599;600;601;604;605;606;608;617;618;619;621;622;623;624;625;626;891;926
uba1_cys_ub75_no_ube2w,uba1_cys_ub75_no_ube2w__seed-12_sample-0__model.cif,protein_Cterm:U75,A,True,,32.834,0,,,,5,24,,,,479;575;576;577;578;581;598;599;600;601;604;605;606;608;617;618;619;621;622;623;624;626;891;926
uba1_cys_ub75_no_ube2w,uba1_cys_ub75_no_ube2w__seed-12_sample-1__model.cif,protein_Cterm:U75,A,True,,32.854,0,,,,4,25,,,,479;575;576;577;578;581;597;598;599;600;601;604;605;606;608;617;618;619;621;622;623;624;626;891;926
uba1_cys_ub75_no_ube2w,uba1_cys_ub75_no_ube2w__seed-12_sample-2__model.cif,protein_Cterm:U75,A,True,,32.472,0,,,,5,26,,,,479;575;576;577;578;581;597;598;599;600;601;604;605;606;608;617;618;619;621;622;623;624;626;889;891;926
uba1_cys_ub75_no_ube2w,uba1_cys_ub75_no_ube2w__seed-12_sample-3__model.cif,protein_Cterm:U75,A,True,,30.639,0,,,,5,25,,,,479;575;576;577;578;581;598;599;600;601;604;605;606;608;617;618;619;621;622;623;624;625;626;891;926
uba1_cys_ub75_no_ube2w,uba1_cys_ub75_no_ube2w__seed-12_sample-4__model.cif,protein_Cterm:U75,A,True,,32.574,0,,,,7,26,,,,479;575;576;577;578;581;597;598;599;600;601;604;605;606;608;617;618;619;621;622;623;624;625;626;891;926
uba1_cys_ub75_no_ube2w,uba1_cys_ub75_no_ube2w__seed-13_sample-0__model.cif,protein_Cterm:U75,A,True,,32.909,0,,,,7,25,,,,479;575;576;577;578;581;597;598;599;600;601;604;605;606;608;617;618;619;621;622;623;624;626;891;926
uba1_cys_ub75_no_ube2w,uba1_cys_ub75_no_ube2w__seed-13_sample-1__model.cif,protein_Cterm:U75,A,True,,32.792,0,,,,4,26,,,,479;575;576;577;578;581;597;598;599;600;601;604;605;606;608;617;618;619;621;622;623;624;625;626;891;926
uba1_cys_ub75_no_ube2w,uba1_cys_ub75_no_ube2w__seed-13_sample-2__model.cif,protein_Cterm:U75,A,True,,32.608,0,,,,5,25,,,,479;575;576;577;578;581;597;598;599;600;601;604;605;606;608;617;618;619;621;622;623;624;626;891;926
uba1_cys_ub75_no_ube2w,uba1_cys_ub75_no_ube2w__seed-13_sample-3__model.cif,protein_Cterm:U75,A,True,,32.871,0,,,,6,25,,,,479;575;576;577;578;581;597;598;599;600;601;604;605;606;608;617;618;619;621;622;623;624;626;891;926
uba1_cys_ub75_no_ube2w,uba1_cys_ub75_no_ube2w__seed-13_sample-4__model.cif,protein_Cterm:U75,A,True,,32.695,0,,,,4,25,,,,479;575;576;577;578;581;598;599;600;601;604;605;606;608;617;618;619;621;622;623;624;625;626;891;926
uba1_cys_ub75_no_ube2w,uba1_cys_ub75_no_ube2w__seed-14_sample-0__model.cif,protein_Cterm:U75,A,True,,32.646,0,,,,4,27,,,,479;575;576;577;578;581;582;597;598;599;600;601;604;605;606;608;617;618;619;621;622;623;624;625;626;891;926
uba1_cys_ub75_no_ube2w,uba1_cys_ub75_no_ube2w__seed-14_sample-1__model.cif,protein_Cterm:U75,A,True,,32.746,0,,,,4,26,,,,479;575;576;577;578;581;597;598;599;600;601;604;605;606;608;617;618;619;621;622;623;624;625;626;891;926
uba1_cys_ub75_no_ube2w,uba1_cys_ub75_no_ube2w__seed-14_sample-2__model.cif,protein_Cterm:U75,A,True,,32.991,0,,,,4,25,,,,479;575;576;577;578;581;598;599;600;601;604;605;606;608;617;618;619;621;622;623;624;625;626;891;926
uba1_cys_ub75_no_ube2w,uba1_cys_ub75_no_ube2w__seed-14_sample-3__model.cif,protein_Cterm:U75,A,True,,30.918,0,,,,4,26,,,,479;575;576;577;578;581;597;598;599;600;601;604;605;606;608;617;618;619;621;622;623;624;625;626;891;926
uba1_cys_ub75_no_ube2w,uba1_cys_ub75_no_ube2w__seed-14_sample-4__model.cif,protein_Cterm:U75,A,True,,32.475,0,,,,6,26,,,,479;575;576;577;578;581;597;598;599;600;601;604;605;606;608;617;618;619;621;622;623;624;625;626;891;926
uba1_cys_ub75_no_ube2w,uba1_cys_ub75_no_ube2w__seed-15_sample-0__model.cif,protein_Cterm:U75,A,True,,32.447,0,,,,8,24,,,,479;575;576;577;578;581;598;599;600;601;604;605;606;608;617;618;619;621;622;623;624;626;891;926
uba1_cys_ub75_no_ube2w,uba1_cys_ub75_no_ube2w__seed-15_sample-1__model.cif,protein_Cterm:U75,A,True,,32.82,0,,,,5,25,,,,479;575;576;577;578;581;598;599;600;601;604;605;606;608;617;618;619;621;622;623;624;625;626;891;926
uba1_cys_ub75_no_ube2w,uba1_cys_ub75_no_ube2w__seed-15_sample-2__model.cif,protein_Cterm:U75,A,True,,32.86,0,,,,5,25,,,,479;575;576;577;578;581;598;599;600;601;604;605;606;608;617;618;619;621;622;623;624;625;626;891;926
uba1_cys_ub75_no_ube2w,uba1_cys_ub75_no_ube2w__seed-15_sample-3__model.cif,protein_Cterm:U75,A,True,,32.573,0,,,,6,25,,,,479;575;576;577;578;581;598;599;600;601;604;605;606;608;617;618;619;621;622;623;624;625;626;891;926
uba1_cys_ub75_no_ube2w,uba1_cys_ub75_no_ube2w__seed-15_sample-4__model.cif,protein_Cterm:U75,A,True,,32.969,0,,,,4,26,,,,479;575;576;577;578;581;597;598;599;600;601;604;605;606;608;617;618;619;621;622;623;624;625;626;891;926
uba1_cys_ub75_no_ube2w,uba1_cys_ub75_no_ube2w__seed-16_sample-0__model.cif,protein_Cterm:U75,A,True,,32.929,0,,,,4,25,,,,479;575;576;577;578;581;598;599;600;601;604;605;606;608;617;618;619;621;622;623;624;625;626;891;926
uba1_cys_ub75_no_ube2w,uba1_cys_ub75_no_ube2w__seed-16_sample-1__model.cif,protein_Cterm:U75,A,True,,32.883,0,,,,4,26,,,,479;575;576;577;578;581;597;598;599;600;601;604;605;606;608;617;618;619;621;622;623;624;625;626;891;926
uba1_cys_ub75_no_ube2w,uba1_cys_ub75_no_ube2w__seed-16_sample-2__model.cif,protein_Cterm:U75,A,True,,30.849,0,,,,8,25,,,,479;575;576;577;578;581;597;598;599;600;601;604;605;606;608;617;618;619;621;622;623;624;626;891;926
uba1_cys_ub75_no_ube2w,uba1_cys_ub75_no_ube2w__seed-16_sample-3__model.cif,protein_Cterm:U75,A,True,,32.259,0,,,,4,26,,,,479;575;576;577;578;581;597;598;599;600;601;604;605;606;608;617;618;619;621;622;623;624;625;626;891;926
uba1_cys_ub75_no_ube2w,uba1_cys_ub75_no_ube2w__seed-16_sample-4__model.cif,protein_Cterm:U75,A,True,,32.638,0,,,,4,26,,,,479;575;576;577;578;581;597;598;599;600;601;604;605;606;608;617;618;619;621;622;623;624;625;626;891;926
uba1_cys_ub75_no_ube2w,uba1_cys_ub75_no_ube2w__seed-17_sample-0__model.cif,protein_Cterm:U75,A,True,,30.881,0,,,,6,26,,,,479;575;576;577;578;581;597;598;599;600;601;604;605;606;608;617;618;619;621;622;623;624;625;626;891;926
uba1_cys_ub75_no_ube2w,uba1_cys_ub75_no_ube2w__seed-17_sample-1__model.cif,protein_Cterm:U75,A,True,,30.975,0,,,,6,25,,,,479;575;576;577;578;581;597;598;599;600;601;604;605;606;608;617;618;619;621;622;623;624;626;891;926
uba1_cys_ub75_no_ube2w,uba1_cys_ub75_no_ube2w__seed-17_sample-2__model.cif,protein_Cterm:U75,A,True,,31.166,0,,,,5,25,,,,479;575;576;577;578;581;597;598;599;600;601;604;605;606;608;617;618;619;621;622;623;624;626;891;926
uba1_cys_ub75_no_ube2w,uba1_cys_ub75_no_ube2w__seed-17_sample-3__model.cif,protein_Cterm:U75,A,True,,32.697,0,,,,5,25,,,,479;575;576;577;578;581;597;598;599;600;601;604;605;606;608;617;618;619;621;622;623;624;626;891;926
uba1_cys_ub75_no_ube2w,uba1_cys_ub75_no_ube2w__seed-17_sample-4__model.cif,protein_Cterm:U75,A,True,,31.014,0,,,,5,26,,,,479;575;576;577;578;581;597;598;599;600;601;604;605;606;608;617;618;619;621;622;623;624;625;626;891;926
uba1_cys_ub75_no_ube2w,uba1_cys_ub75_no_ube2w__seed-18_sample-0__model.cif,protein_Cterm:U75,A,True,,32.254,0,,,,5,26,,,,479;575;576;577;578;581;597;598;599;600;601;604;605;606;608;617;618;619;621;622;623;624;625;626;891;926
uba1_cys_ub75_no_ube2w,uba1_cys_ub75_no_ube2w__seed-18_sample-1__model.cif,protein_Cterm:U75,A,True,,30.752,0,,,,4,25,,,,479;575;576;577;578;581;598;599;600;601;604;605;606;608;617;618;619;621;622;623;624;625;626;891;926
uba1_cys_ub75_no_ube2w,uba1_cys_ub75_no_ube2w__seed-18_sample-2__model.cif,protein_Cterm:U75,A,True,,32.63,0,,,,4,25,,,,479;575;576;577;578;581;598;599;600;601;604;605;606;608;617;618;619;621;622;623;624;625;626;891;926
uba1_cys_ub75_no_ube2w,uba1_cys_ub75_no_ube2w__seed-18_sample-3__model.cif,protein_Cterm:U75,A,True,,30.753,0,,,,4,25,,,,479;575;576;577;578;581;598;599;600;601;604;605;606;608;617;618;619;621;622;623;624;625;626;891;926
uba1_cys_ub75_no_ube2w,uba1_cys_ub75_no_ube2w__seed-18_sample-4__model.cif,protein_Cterm:U75,A,True,,30.857,0,,,,5,24,,,,479;575;576;577;578;581;598;599;600;601;604;605;606;608;617;618;619;621;622;623;624;626;891;926
uba1_cys_ub75_no_ube2w,uba1_cys_ub75_no_ube2w__seed-19_sample-0__model.cif,protein_Cterm:U75,A,True,,32.7,0,,,,5,26,,,,479;575;576;577;578;581;597;598;599;600;601;604;605;606;608;617;618;619;621;622;623;624;625;626;891;926
uba1_cys_ub75_no_ube2w,uba1_cys_ub75_no_ube2w__seed-19_sample-1__model.cif,protein_Cterm:U75,A,True,,32.968,0,,,,6,25,,,,479;575;576;577;578;581;597;598;599;600;601;604;605;606;608;617;618;619;621;622;623;624;626;891;926
uba1_cys_ub75_no_ube2w,uba1_cys_ub75_no_ube2w__seed-19_sample-2__model.cif,protein_Cterm:U75,A,True,,32.483,0,,,,4,26,,,,479;575;576;577;578;581;597;598;599;600;601;604;605;606;608;617;618;619;621;622;623;624;625;626;891;926
uba1_cys_ub75_no_ube2w,uba1_cys_ub75_no_ube2w__seed-19_sample-3__model.cif,protein_Cterm:U75,A,True,,31.244,0,,,,4,26,,,,479;575;576;577;578;581;597;598;599;600;601;604;605;606;608;617;618;619;621;622;623;624;625;626;891;926
uba1_cys_ub75_no_ube2w,uba1_cys_ub75_no_ube2w__seed-19_sample-4__model.cif,protein_Cterm:U75,A,True,,31.181,0,,,,4,26,,,,479;575;576;577;578;581;597;598;599;600;601;604;605;606;608;617;618;619;621;622;623;624;625;626;891;926
uba1_cys_ub75_no_ube2w,uba1_cys_ub75_no_ube2w__seed-1_sample-0__model.cif,protein_Cterm:U75,A,True,,32.547,0,,,,5,25,,,,479;575;576;577;578;581;598;599;600;601;604;605;606;608;617;618;619;621;622;623;624;625;626;891;926
uba1_cys_ub75_no_ube2w,uba1_cys_ub75_no_ube2w__seed-1_sample-1__model.cif,protein_Cterm:U75,A,True,,33.05,0,,,,5,27,,,,479;575;576;577;578;581;582;597;598;599;600;601;604;605;606;608;617;618;619;621;622;623;624;626;889;891;926
uba1_cys_ub75_no_ube2w,uba1_cys_ub75_no_ube2w__seed-1_sample-2__model.cif,protein_Cterm:U75,A,True,,32.63,0,,,,5,25,,,,479;575;576;577;578;581;598;599;600;601;604;605;606;608;617;618;619;621;622;623;624;625;626;891;926
uba1_cys_ub75_no_ube2w,uba1_cys_ub75_no_ube2w__seed-1_sample-3__model.cif,protein_Cterm:U75,A,True,,32.839,0,,,,6,26,,,,479;575;576;577;578;581;597;598;599;600;601;604;605;606;608;617;618;619;621;622;623;624;625;626;891;926
uba1_cys_ub75_no_ube2w,uba1_cys_ub75_no_ube2w__seed-1_sample-4__model.cif,protein_Cterm:U75,A,True,,32.753,0,,,,6,25,,,,479;575;576;577;578;581;597;598;599;600;601;604;605;606;608;617;618;619;621;622;623;624;626;891;926
uba1_cys_ub75_no_ube2w,uba1_cys_ub75_no_ube2w__seed-20_sample-0__model.cif,protein_Cterm:U75,A,True,,31.058,0,,,,4,25,,,,479;575;576;577;578;581;598;599;600;601;604;605;606;608;617;618;619;621;622;623;624;625;626;891;926
uba1_cys_ub75_no_ube2w,uba1_cys_ub75_no_ube2w__seed-20_sample-1__model.cif,protein_Cterm:U75,A,True,,32.77,0,,,,5,25,,,,479;575;576;577;578;581;598;599;600;601;604;605;606;608;617;618;619;621;622;623;624;625;626;891;926
uba1_cys_ub75_no_ube2w,uba1_cys_ub75_no_ube2w__seed-20_sample-2__model.cif,protein_Cterm:U75,A,True,,30.98,0,,,,5,25,,,,479;575;576;577;578;581;597;598;599;600;601;604;605;606;608;617;618;619;621;622;623;624;626;891;926
uba1_cys_ub75_no_ube2w,uba1_cys_ub75_no_ube2w__seed-20_sample-3__model.cif,protein_Cterm:U75,A,True,,32.606,0,,,,5,25,,,,479;575;576;577;578;581;597;598;599;600;601;604;605;606;608;617;618;619;621;622;623;624;626;891;926
uba1_cys_ub75_no_ube2w,uba1_cys_ub75_no_ube2w__seed-20_sample-4__model.cif,protein_Cterm:U75,A,True,,32.692,0,,,,4,26,,,,479;575;576;577;578;581;597;598;599;600;601;604;605;606;608;617;618;619;621;622;623;624;625;626;891;926
uba1_cys_ub75_no_ube2w,uba1_cys_ub75_no_ube2w__seed-21_sample-0__model.cif,protein_Cterm:U75,A,True,,32.637,0,,,,6,25,,,,479;575;576;577;578;581;597;598;599;600;601;604;605;606;608;617;618;619;621;622;623;624;626;891;926
uba1_cys_ub75_no_ube2w,uba1_cys_ub75_no_ube2w__seed-21_sample-1__model.cif,protein_Cterm:U75,A,True,,30.932,0,,,,5,25,,,,479;575;576;577;578;581;582;598;599;600;601;604;605;606;608;617;618;619;621;622;623;624;626;891;926
uba1_cys_ub75_no_ube2w,uba1_cys_ub75_no_ube2w__seed-21_sample-2__model.cif,protein_Cterm:U75,A,True,,32.792,0,,,,6,25,,,,479;575;576;577;578;581;597;598;599;600;601;604;605;606;608;617;618;619;621;622;623;624;626;891;926
uba1_cys_ub75_no_ube2w,uba1_cys_ub75_no_ube2w__seed-21_sample-3__model.cif,protein_Cterm:U75,A,True,,32.886,0,,,,5,26,,,,479;575;576;577;578;581;597;598;599;600;601;604;605;606;608;617;618;619;621;622;623;624;626;889;891;926
uba1_cys_ub75_no_ube2w,uba1_cys_ub75_no_ube2w__seed-21_sample-4__model.cif,protein_Cterm:U75,A,True,,32.644,0,,,,6,26,,,,479;575;576;577;578;581;597;598;599;600;601;604;605;606;608;617;618;619;621;622;623;624;625;626;891;926
uba1_cys_ub75_no_ube2w,uba1_cys_ub75_no_ube2w__seed-22_sample-0__model.cif,protein_Cterm:U75,A,True,,32.497,0,,,,5,25,,,,479;575;576;577;578;581;598;599;600;601;604;605;606;608;617;618;619;621;622;623;624;625;626;891;926
uba1_cys_ub75_no_ube2w,uba1_cys_ub75_no_ube2w__seed-22_sample-1__model.cif,protein_Cterm:U75,A,True,,32.6,0,,,,7,26,,,,479;575;576;577;578;581;597;598;599;600;601;604;605;606;608;617;618;619;621;622;623;624;625;626;891;926
uba1_cys_ub75_no_ube2w,uba1_cys_ub75_no_ube2w__seed-22_sample-2__model.cif,protein_Cterm:U75,A,True,,32.617,0,,,,5,24,,,,479;575;576;577;578;581;598;599;600;601;604;605;606;608;617;618;619;621;622;623;624;626;891;926
uba1_cys_ub75_no_ube2w,uba1_cys_ub75_no_ube2w__seed-22_sample-3__model.cif,protein_Cterm:U75,A,True,,32.869,0,,,,4,26,,,,479;575;576;577;578;581;597;598;599;600;601;604;605;606;608;617;618;619;621;622;623;624;625;626;891;926
uba1_cys_ub75_no_ube2w,uba1_cys_ub75_no_ube2w__seed-22_sample-4__model.cif,protein_Cterm:U75,A,True,,32.818,0,,,,7,26,,,,479;575;576;577;578;581;597;598;599;600;601;604;605;606;608;617;618;619;621;622;623;624;625;626;891;926
uba1_cys_ub75_no_ube2w,uba1_cys_ub75_no_ube2w__seed-23_sample-0__model.cif,protein_Cterm:U75,A,True,,32.418,0,,,,8,26,,,,479;575;576;577;578;581;597;598;599;600;601;604;605;606;608;617;618;619;621;622;623;624;625;626;891;926
uba1_cys_ub75_no_ube2w,uba1_cys_ub75_no_ube2w__seed-23_sample-1__model.cif,protein_Cterm:U75,A,True,,32.822,0,,,,4,26,,,,479;575;576;577;578;581;597;598;599;600;601;604;605;606;608;617;618;619;621;622;623;624;625;626;891;926
uba1_cys_ub75_no_ube2w,uba1_cys_ub75_no_ube2w__seed-23_sample-2__model.cif,protein_Cterm:U75,A,True,,32.835,0,,,,4,27,,,,479;575;576;577;578;581;582;597;598;599;600;601;604;605;606;608;617;618;619;621;622;623;624;625;626;891;926
uba1_cys_ub75_no_ube2w,uba1_cys_ub75_no_ube2w__seed-23_sample-3__model.cif,protein_Cterm:U75,A,True,,32.389,0,,,,6,25,,,,479;575;576;577;578;581;597;598;599;600;601;604;605;606;608;617;618;619;621;622;623;624;626;891;926
uba1_cys_ub75_no_ube2w,uba1_cys_ub75_no_ube2w__seed-23_sample-4__model.cif,protein_Cterm:U75,A,True,,32.45,0,,,,6,26,,,,479;575;576;577;578;581;597;598;599;600;601;604;605;606;608;617;618;619;621;622;623;624;625;626;891;926
uba1_cys_ub75_no_ube2w,uba1_cys_ub75_no_ube2w__seed-24_sample-0__model.cif,protein_Cterm:U75,A,True,,30.918,0,,,,4,26,,,,479;575;576;577;578;581;597;598;599;600;601;604;605;606;608;617;618;619;621;622;623;624;625;626;891;926
uba1_cys_ub75_no_ube2w,uba1_cys_ub75_no_ube2w__seed-24_sample-1__model.cif,protein_Cterm:U75,A,True,,32.631,0,,,,7,25,,,,479;575;576;577;578;581;598;599;600;601;604;605;606;608;617;618;619;621;622;623;624;626;889;891;926
uba1_cys_ub75_no_ube2w,uba1_cys_ub75_no_ube2w__seed-24_sample-2__model.cif,protein_Cterm:U75,A,True,,32.704,0,,,,4,25,,,,479;575;576;577;578;581;598;599;600;601;604;605;606;608;617;618;619;621;622;623;624;625;626;891;926
uba1_cys_ub75_no_ube2w,uba1_cys_ub75_no_ube2w__seed-24_sample-3__model.cif,protein_Cterm:U75,A,True,,33.028,0,,,,4,26,,,,479;575;576;577;578;581;597;598;599;600;601;604;605;606;608;617;618;619;621;622;623;624;625;626;891;926
uba1_cys_ub75_no_ube2w,uba1_cys_ub75_no_ube2w__seed-24_sample-4__model.cif,protein_Cterm:U75,A,True,,30.75,0,,,,4,26,,,,479;575;576;577;578;581;597;598;599;600;601;604;605;606;608;617;618;619;621;622;623;624;625;626;891;926
uba1_cys_ub75_no_ube2w,uba1_cys_ub75_no_ube2w__seed-25_sample-0__model.cif,protein_Cterm:U75,A,True,,32.512,0,,,,6,25,,,,479;575;576;577;578;581;598;599;600;601;604;605;606;608;617;618;619;621;622;623;624;625;626;891;926
uba1_cys_ub75_no_ube2w,uba1_cys_ub75_no_ube2w__seed-25_sample-1__model.cif,protein_Cterm:U75,A,True,,30.973,0,,,,4,26,,,,479;575;576;577;578;581;597;598;599;600;601;604;605;606;608;617;618;619;621;622;623;624;625;626;891;926
uba1_cys_ub75_no_ube2w,uba1_cys_ub75_no_ube2w__seed-25_sample-2__model.cif,protein_Cterm:U75,A,True,,32.678,0,,,,6,26,,,,479;575;576;577;578;581;597;598;599;600;601;604;605;606;608;617;618;619;621;622;623;624;626;889;891;926
uba1_cys_ub75_no_ube2w,uba1_cys_ub75_no_ube2w__seed-25_sample-3__model.cif,protein_Cterm:U75,A,True,,32.715,0,,,,5,25,,,,479;575;576;577;578;581;597;598;599;600;601;604;605;606;608;617;618;619;621;622;623;624;626;891;926
uba1_cys_ub75_no_ube2w,uba1_cys_ub75_no_ube2w__seed-25_sample-4__model.cif,protein_Cterm:U75,A,True,,32.859,0,,,,5,26,,,,479;575;576;577;578;581;597;598;599;600;601;604;605;606;608;617;618;619;621;622;623;624;625;626;891;926
uba1_cys_ub75_no_ube2w,uba1_cys_ub75_no_ube2w__seed-2_sample-0__model.cif,protein_Cterm:U75,A,True,,32.758,0,,,,4,26,,,,479;575;576;577;578;581;597;598;599;600;601;604;605;606;608;617;618;619;621;622;623;624;625;626;891;926
uba1_cys_ub75_no_ube2w,uba1_cys_ub75_no_ube2w__seed-2_sample-1__model.cif,protein_Cterm:U75,A,True,,32.589,0,,,,5,26,,,,479;575;576;577;578;581;597;598;599;600;601;604;605;606;608;617;618;619;621;622;623;624;625;626;891;926
uba1_cys_ub75_no_ube2w,uba1_cys_ub75_no_ube2w__seed-2_sample-2__model.cif,protein_Cterm:U75,A,True,,32.63,0,,,,5,26,,,,479;575;576;577;578;581;597;598;599;600;601;604;605;606;608;617;618;619;621;622;623;624;625;626;891;926
uba1_cys_ub75_no_ube2w,uba1_cys_ub75_no_ube2w__seed-2_sample-3__model.cif,protein_Cterm:U75,A,True,,32.656,0,,,,4,25,,,,479;575;576;577;578;581;598;599;600;601;604;605;606;608;617;618;619;621;622;623;624;625;626;891;926
uba1_cys_ub75_no_ube2w,uba1_cys_ub75_no_ube2w__seed-2_sample-4__model.cif,protein_Cterm:U75,A,True,,33.112,0,,,,5,25,,,,479;575;576;577;578;581;597;598;599;600;601;604;605;606;608;617;618;619;621;622;623;624;626;891;926
uba1_cys_ub75_no_ube2w,uba1_cys_ub75_no_ube2w__seed-3_sample-0__model.cif,protein_Cterm:U75,A,True,,32.552,0,,,,6,25,,,,479;575;576;577;578;581;598;599;600;601;604;605;606;608;617;618;619;621;622;623;624;625;626;891;926
uba1_cys_ub75_no_ube2w,uba1_cys_ub75_no_ube2w__seed-3_sample-1__model.cif,protein_Cterm:U75,A,True,,32.783,0,,,,5,26,,,,479;575;576;577;578;581;597;598;599;600;601;604;605;606;608;617;618;619;621;622;623;624;625;626;891;926
uba1_cys_ub75_no_ube2w,uba1_cys_ub75_no_ube2w__seed-3_sample-2__model.cif,protein_Cterm:U75,A,True,,32.521,0,,,,5,26,,,,479;575;576;577;578;581;597;598;599;600;601;604;605;606;608;617;618;619;621;622;623;624;625;626;891;926
uba1_cys_ub75_no_ube2w,uba1_cys_ub75_no_ube2w__seed-3_sample-3__model.cif,protein_Cterm:U75,A,True,,32.591,0,,,,5,26,,,,479;575;576;577;578;581;597;598;599;600;601;604;605;606;608;617;618;619;621;622;623;624;625;626;891;926
uba1_cys_ub75_no_ube2w,uba1_cys_ub75_no_ube2w__seed-3_sample-4__model.cif,protein_Cterm:U75,A,True,,33.033,0,,,,4,25,,,,479;575;576;577;578;581;598;599;600;601;604;605;606;608;617;618;619;621;622;623;624;625;626;891;926
uba1_cys_ub75_no_ube2w,uba1_cys_ub75_no_ube2w__seed-4_sample-0__model.cif,protein_Cterm:U75,A,True,,31.003,0,,,,7,26,,,,479;575;576;577;578;581;597;598;599;600;601;604;605;606;608;617;618;619;621;622;623;624;625;626;891;926
uba1_cys_ub75_no_ube2w,uba1_cys_ub75_no_ube2w__seed-4_sample-1__model.cif,protein_Cterm:U75,A,True,,31.013,0,,,,5,25,,,,479;575;576;577;578;581;598;599;600;601;604;605;606;608;617;618;619;621;622;623;624;625;626;891;926
uba1_cys_ub75_no_ube2w,uba1_cys_ub75_no_ube2w__seed-4_sample-2__model.cif,protein_Cterm:U75,A,True,,33.027,0,,,,5,26,,,,479;575;576;577;578;581;582;597;598;599;600;601;604;605;606;608;617;618;619;621;622;623;624;626;891;926
uba1_cys_ub75_no_ube2w,uba1_cys_ub75_no_ube2w__seed-4_sample-3__model.cif,protein_Cterm:U75,A,True,,32.315,0,,,,8,25,,,,479;575;576;577;578;581;597;598;599;600;601;604;605;606;608;617;618;619;621;622;623;624;626;891;926
uba1_cys_ub75_no_ube2w,uba1_cys_ub75_no_ube2w__seed-4_sample-4__model.cif,protein_Cterm:U75,A,True,,32.675,0,,,,7,26,,,,479;575;576;577;578;581;597;598;599;600;601;604;605;606;608;617;618;619;621;622;623;624;625;626;891;926
uba1_cys_ub75_no_ube2w,uba1_cys_ub75_no_ube2w__seed-5_sample-0__model.cif,protein_Cterm:U75,A,True,,32.852,0,,,,6,25,,,,479;575;576;577;578;581;597;598;599;600;601;604;605;606;608;617;618;619;621;622;623;624;626;891;926
uba1_cys_ub75_no_ube2w,uba1_cys_ub75_no_ube2w__seed-5_sample-1__model.cif,protein_Cterm:U75,A,True,,32.885,0,,,,5,25,,,,479;575;576;577;578;581;597;598;599;600;601;604;605;606;608;617;618;619;621;622;623;624;626;891;926
uba1_cys_ub75_no_ube2w,uba1_cys_ub75_no_ube2w__seed-5_sample-2__model.cif,protein_Cterm:U75,A,True,,32.695,0,,,,5,25,,,,479;575;576;577;578;581;598;599;600;601;604;605;606;608;617;618;619;621;622;623;624;625;626;891;926
uba1_cys_ub75_no_ube2w,uba1_cys_ub75_no_ube2w__seed-5_sample-3__model.cif,protein_Cterm:U75,A,True,,32.72,0,,,,4,26,,,,479;575;576;577;578;581;597;598;599;600;601;604;605;606;608;617;618;619;621;622;623;624;625;626;891;926
uba1_cys_ub75_no_ube2w,uba1_cys_ub75_no_ube2w__seed-5_sample-4__model.cif,protein_Cterm:U75,A,True,,32.871,0,,,,6,25,,,,479;575;576;577;578;581;597;598;599;600;601;604;605;606;608;617;618;619;621;622;623;624;626;891;926
uba1_cys_ub75_no_ube2w,uba1_cys_ub75_no_ube2w__seed-6_sample-0__model.cif,protein_Cterm:U75,A,True,,32.73,0,,,,5,26,,,,479;575;576;577;578;581;597;598;599;600;601;604;605;606;608;617;618;619;621;622;623;624;625;626;891;926
uba1_cys_ub75_no_ube2w,uba1_cys_ub75_no_ube2w__seed-6_sample-1__model.cif,protein_Cterm:U75,A,True,,32.646,0,,,,3,25,,,,479;575;576;577;578;581;598;599;600;601;604;605;606;608;617;618;619;621;622;623;624;625;626;891;926
uba1_cys_ub75_no_ube2w,uba1_cys_ub75_no_ube2w__seed-6_sample-2__model.cif,protein_Cterm:U75,A,True,,32.859,0,,,,5,25,,,,479;575;576;577;578;581;598;599;600;601;604;605;606;608;617;618;619;621;622;623;624;625;626;891;926
uba1_cys_ub75_no_ube2w,uba1_cys_ub75_no_ube2w__seed-6_sample-3__model.cif,protein_Cterm:U75,A,True,,32.624,0,,,,5,26,,,,479;575;576;577;578;581;597;598;599;600;601;604;605;606;608;617;618;619;621;622;623;624;625;626;891;926
uba1_cys_ub75_no_ube2w,uba1_cys_ub75_no_ube2w__seed-6_sample-4__model.cif,protein_Cterm:U75,A,True,,32.662,0,,,,5,26,,,,479;575;576;577;578;581;597;598;599;600;601;604;605;606;608;617;618;619;621;622;623;624;625;626;891;926
uba1_cys_ub75_no_ube2w,uba1_cys_ub75_no_ube2w__seed-7_sample-0__model.cif,protein_Cterm:U75,A,True,,31.013,0,,,,4,26,,,,479;575;576;577;578;581;597;598;599;600;601;604;605;606;608;617;618;619;621;622;623;624;625;626;891;926
uba1_cys_ub75_no_ube2w,uba1_cys_ub75_no_ube2w__seed-7_sample-1__model.cif,protein_Cterm:U75,A,True,,30.895,0,,,,5,26,,,,479;575;576;577;578;581;597;598;599;600;601;604;605;606;608;617;618;619;621;622;623;624;625;626;891;926
uba1_cys_ub75_no_ube2w,uba1_cys_ub75_no_ube2w__seed-7_sample-2__model.cif,protein_Cterm:U75,A,True,,32.494,0,,,,5,26,,,,479;575;576;577;578;581;597;598;599;600;601;604;605;606;608;617;618;619;621;622;623;624;625;626;891;926
uba1_cys_ub75_no_ube2w,uba1_cys_ub75_no_ube2w__seed-7_sample-3__model.cif,protein_Cterm:U75,A,True,,32.594,0,,,,4,26,,,,479;575;576;577;578;581;597;598;599;600;601;604;605;606;608;617;618;619;621;622;623;624;625;626;891;926
uba1_cys_ub75_no_ube2w,uba1_cys_ub75_no_ube2w__seed-7_sample-4__model.cif,protein_Cterm:U75,A,True,,32.57,0,,,,5,27,,,,479;575;576;577;578;581;582;597;598;599;600;601;604;605;606;608;617;618;619;621;622;623;624;625;626;891;926
uba1_cys_ub75_no_ube2w,uba1_cys_ub75_no_ube2w__seed-8_sample-0__model.cif,protein_Cterm:U75,A,True,,33.029,0,,,,6,26,,,,479;575;576;577;578;581;582;598;599;600;601;604;605;606;608;617;618;619;621;622;623;624;625;626;891;926
uba1_cys_ub75_no_ube2w,uba1_cys_ub75_no_ube2w__seed-8_sample-1__model.cif,protein_Cterm:U75,A,True,,32.675,0,,,,7,23,,,,479;575;576;577;578;581;598;599;600;601;604;605;606;608;617;618;619;621;622;623;626;891;926
uba1_cys_ub75_no_ube2w,uba1_cys_ub75_no_ube2w__seed-8_sample-2__model.cif,protein_Cterm:U75,A,True,,32.853,0,,,,5,25,,,,479;575;576;577;578;581;598;599;600;601;604;605;606;608;617;618;619;621;622;623;624;625;626;891;926
uba1_cys_ub75_no_ube2w,uba1_cys_ub75_no_ube2w__seed-8_sample-3__model.cif,protein_Cterm:U75,A,True,,30.85,0,,,,7,25,,,,479;575;576;577;578;581;597;598;599;600;601;604;605;606;608;617;618;619;621;622;623;624;626;891;926
uba1_cys_ub75_no_ube2w,uba1_cys_ub75_no_ube2w__seed-8_sample-4__model.cif,protein_Cterm:U75,A,True,,31.165,0,,,,5,24,,,,479;575;576;577;578;581;597;598;599;600;601;604;605;606;608;617;618;619;621;622;623;626;891;926
uba1_cys_ub75_no_ube2w,uba1_cys_ub75_no_ube2w__seed-9_sample-0__model.cif,protein_Cterm:U75,A,True,,32.965,0,,,,5,26,,,,479;575;576;577;578;581;597;598;599;600;601;604;605;606;608;617;618;619;621;622;623;624;625;626;891;926
uba1_cys_ub75_no_ube2w,uba1_cys_ub75_no_ube2w__seed-9_sample-1__model.cif,protein_Cterm:U75,A,True,,31.198,0,,,,4,26,,,,479;575;576;577;578;581;597;598;599;600;601;604;605;606;608;617;618;619;621;622;623;624;625;626;891;926
uba1_cys_ub75_no_ube2w,uba1_cys_ub75_no_ube2w__seed-9_sample-2__model.cif,protein_Cterm:U75,A,True,,32.604,0,,,,5,26,,,,479;575;576;577;578;581;597;598;599;600;601;604;605;606;608;617;618;619;621;622;623;624;626;889;891;926
uba1_cys_ub75_no_ube2w,uba1_cys_ub75_no_ube2w__seed-9_sample-3__model.cif,protein_Cterm:U75,A,True,,32.539,0,,,,4,25,,,,479;575;576;577;578;581;598;599;600;601;604;605;606;608;617;618;619;621;622;623;624;625;626;891;926
uba1_cys_ub75_no_ube2w,uba1_cys_ub75_no_ube2w__seed-9_sample-4__model.cif,protein_Cterm:U75,A,True,,31.045,0,,,,5,26,,,,479;575;576;577;578;581;597;598;599;600;601;604;605;606;608;617;618;619;621;622;623;624;626;889;891;926
uba1_cys_ub75_with_ube2w,uba1_cys_ub75_with_ube2w__seed-10_sample-0__model.cif,protein_Cterm:U75,A,True,,32.159,0,,,,6,25,,,,479;575;576;577;578;581;597;598;599;600;601;604;605;606;608;617;618;619;621;622;623;624;626;891;926
uba1_cys_ub75_with_ube2w,uba1_cys_ub75_with_ube2w__seed-10_sample-1__model.cif,protein_Cterm:U75,A,True,,32.008,0,,,,5,26,,,,479;575;576;577;578;581;597;598;599;600;601;604;605;606;608;617;618;619;621;622;623;624;625;626;891;926
uba1_cys_ub75_with_ube2w,uba1_cys_ub75_with_ube2w__seed-10_sample-2__model.cif,protein_Cterm:U75,A,True,,32.324,0,,,,4,26,,,,479;575;576;577;578;581;597;598;599;600;601;604;605;606;608;617;618;619;621;622;623;624;625;626;891;926
uba1_cys_ub75_with_ube2w,uba1_cys_ub75_with_ube2w__seed-10_sample-3__model.cif,protein_Cterm:U75,A,True,,31.754,0,,,,7,25,,,,479;575;576;577;578;581;597;598;599;600;601;604;605;606;608;617;618;619;621;622;623;624;626;891;926
uba1_cys_ub75_with_ube2w,uba1_cys_ub75_with_ube2w__seed-10_sample-4__model.cif,protein_Cterm:U75,A,True,,31.059,0,,,,4,26,,,,479;575;576;577;578;581;597;598;599;600;601;604;605;606;608;617;618;619;621;622;623;624;625;626;891;926
uba1_cys_ub75_with_ube2w,uba1_cys_ub75_with_ube2w__seed-11_sample-0__model.cif,protein_Cterm:U75,A,True,,32.302,0,,,,4,25,,,,479;575;576;577;578;581;597;598;599;600;601;604;605;606;608;617;618;619;621;622;623;624;626;891;926
uba1_cys_ub75_with_ube2w,uba1_cys_ub75_with_ube2w__seed-11_sample-1__model.cif,protein_Cterm:U75,A,True,,32.525,0,,,,4,25,,,,479;575;576;577;578;581;598;599;600;601;604;605;606;608;617;618;619;621;622;623;624;625;626;891;926
uba1_cys_ub75_with_ube2w,uba1_cys_ub75_with_ube2w__seed-11_sample-2__model.cif,protein_Cterm:U75,A,True,,32.109,0,,,,4,26,,,,479;575;576;577;578;581;597;598;599;600;601;604;605;606;608;617;618;619;621;622;623;624;625;626;891;926
uba1_cys_ub75_with_ube2w,uba1_cys_ub75_with_ube2w__seed-11_sample-3__model.cif,protein_Cterm:U75,A,True,,32.27,0,,,,6,25,,,,479;575;576;577;578;581;598;599;600;601;604;605;606;608;617;618;619;621;622;623;624;625;626;891;926
uba1_cys_ub75_with_ube2w,uba1_cys_ub75_with_ube2w__seed-11_sample-4__model.cif,protein_Cterm:U75,A,True,,31.95,0,,,,5,26,,,,479;575;576;577;578;581;597;598;599;600;601;604;605;606;608;617;618;619;621;622;623;624;625;626;891;926
uba1_cys_ub75_with_ube2w,uba1_cys_ub75_with_ube2w__seed-12_sample-0__model.cif,protein_Cterm:U75,A,True,,32.062,0,,,,4,26,,,,479;575;576;577;578;581;597;598;599;600;601;604;605;606;608;617;618;619;621;622;623;624;625;626;891;926
uba1_cys_ub75_with_ube2w,uba1_cys_ub75_with_ube2w__seed-12_sample-1__model.cif,protein_Cterm:U75,A,True,,31.871,0,,,,5,26,,,,479;575;576;577;578;581;597;598;599;600;601;604;605;606;608;617;618;619;621;622;623;624;625;626;891;926
uba1_cys_ub75_with_ube2w,uba1_cys_ub75_with_ube2w__seed-12_sample-2__model.cif,protein_Cterm:U75,A,True,,32.189,0,,,,5,25,,,,479;575;576;577;578;581;598;599;600;601;604;605;606;608;617;618;619;621;622;623;624;625;626;891;926
uba1_cys_ub75_with_ube2w,uba1_cys_ub75_with_ube2w__seed-12_sample-3__model.cif,protein_Cterm:U75,A,True,,31.857,0,,,,6,26,,,,479;575;576;577;578;581;597;598;599;600;601;604;605;606;608;617;618;619;621;622;623;624;625;626;891;926
uba1_cys_ub75_with_ube2w,uba1_cys_ub75_with_ube2w__seed-12_sample-4__model.cif,protein_Cterm:U75,A,True,,32.004,0,,,,6,26,,,,479;575;576;577;578;581;597;598;599;600;601;604;605;606;608;617;618;619;621;622;623;624;625;626;891;926
uba1_cys_ub75_with_ube2w,uba1_cys_ub75_with_ube2w__seed-13_sample-0__model.cif,protein_Cterm:U75,A,True,,30.462,0,,,,6,25,,,,479;575;576;577;578;581;598;599;600;601;604;605;606;608;617;618;619;621;622;623;624;625;626;891;926
uba1_cys_ub75_with_ube2w,uba1_cys_ub75_with_ube2w__seed-13_sample-1__model.cif,protein_Cterm:U75,A,True,,30.122,0,,,,5,25,,,,479;575;576;577;578;581;598;599;600;601;604;605;606;608;617;618;619;621;622;623;624;625;626;891;926
uba1_cys_ub75_with_ube2w,uba1_cys_ub75_with_ube2w__seed-13_sample-2__model.cif,protein_Cterm:U75,A,True,,30.856,0,,,,3,26,,,,479;575;576;577;578;581;597;598;599;600;601;604;605;606;608;617;618;619;621;622;623;624;625;626;891;926
uba1_cys_ub75_with_ube2w,uba1_cys_ub75_with_ube2w__seed-13_sample-3__model.cif,protein_Cterm:U75,A,True,,32.305,0,,,,4,26,,,,479;575;576;577;578;581;597;598;599;600;601;604;605;606;608;617;618;619;621;622;623;624;625;626;891;926
uba1_cys_ub75_with_ube2w,uba1_cys_ub75_with_ube2w__seed-13_sample-4__model.cif,protein_Cterm:U75,A,True,,32.266,0,,,,6,25,,,,479;575;576;577;578;581;598;599;600;601;604;605;606;608;617;618;619;621;622;623;624;625;626;891;926
uba1_cys_ub75_with_ube2w,uba1_cys_ub75_with_ube2w__seed-14_sample-0__model.cif,protein_Cterm:U75,A,True,,32.095,0,,,,5,26,,,,479;575;576;577;578;581;597;598;599;600;601;604;605;606;608;617;618;619;621;622;623;624;625;626;891;926
uba1_cys_ub75_with_ube2w,uba1_cys_ub75_with_ube2w__seed-14_sample-1__model.cif,protein_Cterm:U75,A,True,,32.18,0,,,,5,26,,,,479;575;576;577;578;581;597;598;599;600;601;604;605;606;608;617;618;619;621;622;623;624;625;626;891;926
uba1_cys_ub75_with_ube2w,uba1_cys_ub75_with_ube2w__seed-14_sample-2__model.cif,protein_Cterm:U75,A,True,,32.283,0,,,,4,26,,,,479;575;576;577;578;581;597;598;599;600;601;604;605;606;608;617;618;619;621;622;623;624;625;626;891;926
uba1_cys_ub75_with_ube2w,uba1_cys_ub75_with_ube2w__seed-14_sample-3__model.cif,protein_Cterm:U75,A,True,,32.437,0,,,,4,26,,,,479;575;576;577;578;581;597;598;599;600;601;604;605;606;608;617;618;619;621;622;623;624;625;626;891;926
uba1_cys_ub75_with_ube2w,uba1_cys_ub75_with_ube2w__seed-14_sample-4__model.cif,protein_Cterm:U75,A,True,,32.546,0,,,,8,26,,,,479;575;576;577;578;581;597;598;599;600;601;604;605;606;608;617;618;619;621;622;623;624;625;626;891;926
uba1_cys_ub75_with_ube2w,uba1_cys_ub75_with_ube2w__seed-15_sample-0__model.cif,protein_Cterm:U75,A,True,,30.12,0,,,,4,25,,,,479;575;576;577;578;581;598;599;600;601;604;605;606;608;617;618;619;621;622;623;624;625;626;891;926
uba1_cys_ub75_with_ube2w,uba1_cys_ub75_with_ube2w__seed-15_sample-1__model.cif,protein_Cterm:U75,A,True,,31.165,0,,,,5,25,,,,479;575;576;577;578;581;598;599;600;601;604;605;606;608;617;618;619;621;622;623;624;625;626;891;926
uba1_cys_ub75_with_ube2w,uba1_cys_ub75_with_ube2w__seed-15_sample-2__model.cif,protein_Cterm:U75,A,True,,31.972,0,,,,6,25,,,,479;575;576;577;578;581;597;598;599;600;601;604;605;606;608;617;618;619;621;622;623;624;626;891;926
uba1_cys_ub75_with_ube2w,uba1_cys_ub75_with_ube2w__seed-15_sample-3__model.cif,protein_Cterm:U75,A,True,,31.662,0,,,,5,26,,,,479;575;576;577;578;581;597;598;599;600;601;604;605;606;608;617;618;619;621;622;623;624;625;626;891;926
uba1_cys_ub75_with_ube2w,uba1_cys_ub75_with_ube2w__seed-15_sample-4__model.cif,protein_Cterm:U75,A,True,,31.095,0,,,,8,26,,,,479;575;576;577;578;581;597;598;599;600;601;604;605;606;608;617;618;619;621;622;623;624;625;626;891;926
uba1_cys_ub75_with_ube2w,uba1_cys_ub75_with_ube2w__seed-16_sample-0__model.cif,protein_Cterm:U75,A,True,,31.371,0,,,,6,26,,,,479;575;576;577;578;581;598;599;600;601;604;605;606;608;617;618;619;621;622;623;624;626;889;890;891;926
uba1_cys_ub75_with_ube2w,uba1_cys_ub75_with_ube2w__seed-16_sample-1__model.cif,protein_Cterm:U75,A,True,,31.946,0,,,,4,26,,,,479;575;576;577;578;581;597;598;599;600;601;604;605;606;608;617;618;619;621;622;623;624;625;626;891;926
uba1_cys_ub75_with_ube2w,uba1_cys_ub75_with_ube2w__seed-16_sample-2__model.cif,protein_Cterm:U75,A,True,,32.53,0,,,,7,25,,,,479;575;576;577;578;581;598;599;600;601;604;605;606;608;617;618;619;621;622;623;624;626;889;891;926
uba1_cys_ub75_with_ube2w,uba1_cys_ub75_with_ube2w__seed-16_sample-3__model.cif,protein_Cterm:U75,A,True,,31.828,0,,,,5,26,,,,479;575;576;577;578;581;597;598;599;600;601;604;605;606;608;617;618;619;621;622;623;624;625;626;891;926
uba1_cys_ub75_with_ube2w,uba1_cys_ub75_with_ube2w__seed-16_sample-4__model.cif,protein_Cterm:U75,A,True,,32.491,0,,,,4,26,,,,479;575;576;577;578;581;597;598;599;600;601;604;605;606;608;617;618;619;621;622;623;624;625;626;891;926
uba1_cys_ub75_with_ube2w,uba1_cys_ub75_with_ube2w__seed-17_sample-0__model.cif,protein_Cterm:U75,A,True,,31.355,0,,,,4,25,,,,479;575;576;577;578;581;598;599;600;601;604;605;606;608;617;618;619;621;622;623;624;625;626;891;926
uba1_cys_ub75_with_ube2w,uba1_cys_ub75_with_ube2w__seed-17_sample-1__model.cif,protein_Cterm:U75,A,True,,30.98,0,,,,4,26,,,,479;575;576;577;578;581;597;598;599;600;601;604;605;606;608;617;618;619;621;622;623;624;625;626;891;926
uba1_cys_ub75_with_ube2w,uba1_cys_ub75_with_ube2w__seed-17_sample-2__model.cif,protein_Cterm:U75,A,True,,30.41,0,,,,3,25,,,,479;575;576;577;578;581;598;599;600;601;604;605;606;608;617;618;619;621;622;623;624;625;626;891;926
uba1_cys_ub75_with_ube2w,uba1_cys_ub75_with_ube2w__seed-17_sample-3__model.cif,protein_Cterm:U75,A,True,,31.051,0,,,,5,26,,,,479;575;576;577;578;581;597;598;599;600;601;604;605;606;608;617;618;619;621;622;623;624;625;626;891;926
uba1_cys_ub75_with_ube2w,uba1_cys_ub75_with_ube2w__seed-17_sample-4__model.cif,protein_Cterm:U75,A,True,,31.529,0,,,,4,26,,,,479;575;576;577;578;581;597;598;599;600;601;604;605;606;608;617;618;619;621;622;623;624;625;626;891;926
uba1_cys_ub75_with_ube2w,uba1_cys_ub75_with_ube2w__seed-18_sample-0__model.cif,protein_Cterm:U75,A,True,,31.806,0,,,,8,26,,,,479;575;576;577;578;581;597;598;599;600;601;604;605;606;608;617;618;619;621;622;623;624;625;626;891;926
uba1_cys_ub75_with_ube2w,uba1_cys_ub75_with_ube2w__seed-18_sample-1__model.cif,protein_Cterm:U75,A,True,,30.211,0,,,,6,25,,,,479;575;576;577;578;581;597;598;599;600;601;604;605;606;608;617;618;619;621;622;623;624;626;891;926
uba1_cys_ub75_with_ube2w,uba1_cys_ub75_with_ube2w__seed-18_sample-2__model.cif,protein_Cterm:U75,A,True,,32.034,0,,,,3,26,,,,479;575;576;577;578;581;597;598;599;600;601;604;605;606;608;617;618;619;621;622;623;624;625;626;891;926
uba1_cys_ub75_with_ube2w,uba1_cys_ub75_with_ube2w__seed-18_sample-3__model.cif,protein_Cterm:U75,A,True,,32.392,0,,,,4,26,,,,479;575;576;577;578;581;597;598;599;600;601;604;605;606;608;617;618;619;621;622;623;624;625;626;891;926
uba1_cys_ub75_with_ube2w,uba1_cys_ub75_with_ube2w__seed-18_sample-4__model.cif,protein_Cterm:U75,A,True,,31.93,0,,,,5,25,,,,479;575;576;577;578;581;597;598;599;600;601;604;605;606;608;617;618;619;621;622;623;624;626;891;926
uba1_cys_ub75_with_ube2w,uba1_cys_ub75_with_ube2w__seed-19_sample-0__model.cif,protein_Cterm:U75,A,True,,32.233,0,,,,5,26,,,,479;575;576;577;578;581;597;598;599;600;601;604;605;606;608;617;618;619;621;622;623;624;625;626;891;926
uba1_cys_ub75_with_ube2w,uba1_cys_ub75_with_ube2w__seed-19_sample-1__model.cif,protein_Cterm:U75,A,True,,31.709,0,,,,5,25,,,,479;575;576;577;578;581;598;599;600;601;604;605;606;608;617;618;619;621;622;623;624;625;626;891;926
uba1_cys_ub75_with_ube2w,uba1_cys_ub75_with_ube2w__seed-19_sample-2__model.cif,protein_Cterm:U75,A,True,,30.913,0,,,,6,26,,,,479;575;576;577;578;581;597;598;599;600;601;604;605;606;608;617;618;619;621;622;623;624;625;626;891;926
uba1_cys_ub75_with_ube2w,uba1_cys_ub75_with_ube2w__seed-19_sample-3__model.cif,protein_Cterm:U75,A,True,,30.833,0,,,,5,25,,,,479;575;576;577;578;581;598;599;600;601;604;605;606;608;617;618;619;621;622;623;624;625;626;891;926
uba1_cys_ub75_with_ube2w,uba1_cys_ub75_with_ube2w__seed-19_sample-4__model.cif,protein_Cterm:U75,A,True,,31.895,0,,,,6,26,,,,479;575;576;577;578;581;597;598;599;600;601;604;605;606;608;617;618;619;621;622;623;624;625;626;891;926
uba1_cys_ub75_with_ube2w,uba1_cys_ub75_with_ube2w__seed-1_sample-0__model.cif,protein_Cterm:U75,A,True,,31.637,0,,,,5,26,,,,479;575;576;577;578;581;597;598;599;600;601;604;605;606;608;617;618;619;621;622;623;624;625;626;891;926
uba1_cys_ub75_with_ube2w,uba1_cys_ub75_with_ube2w__seed-1_sample-1__model.cif,protein_Cterm:U75,A,True,,32.468,0,,,,4,26,,,,479;575;576;577;578;581;597;598;599;600;601;604;605;606;608;617;618;619;621;622;623;624;625;626;891;926
uba1_cys_ub75_with_ube2w,uba1_cys_ub75_with_ube2w__seed-1_sample-2__model.cif,protein_Cterm:U75,A,True,,31.53,0,,,,5,26,,,,479;575;576;577;578;581;597;598;599;600;601;604;605;606;608;617;618;619;621;622;623;624;625;626;891;926
uba1_cys_ub75_with_ube2w,uba1_cys_ub75_with_ube2w__seed-1_sample-3__model.cif,protein_Cterm:U75,A,True,,33.003,0,,,,5,25,,,,479;575;576;577;578;581;598;599;600;601;604;605;606;608;617;618;619;621;622;623;624;625;626;891;926
uba1_cys_ub75_with_ube2w,uba1_cys_ub75_with_ube2w__seed-1_sample-4__model.cif,protein_Cterm:U75,A,True,,32.894,0,,,,4,27,,,,1;479;575;576;577;578;581;597;598;599;600;601;604;605;606;608;617;618;619;621;622;623;624;625;626;891;926
uba1_cys_ub75_with_ube2w,uba1_cys_ub75_with_ube2w__seed-20_sample-0__model.cif,protein_Cterm:U75,A,True,,32.126,0,,,,8,26,,,,479;575;576;577;578;581;597;598;599;600;601;604;605;606;608;617;618;619;621;622;623;624;626;890;891;926
uba1_cys_ub75_with_ube2w,uba1_cys_ub75_with_ube2w__seed-20_sample-1__model.cif,protein_Cterm:U75,A,True,,32.93,0,,,,6,25,,,,479;575;576;577;578;581;598;599;600;601;604;605;606;608;617;618;619;621;622;623;624;625;626;891;926
uba1_cys_ub75_with_ube2w,uba1_cys_ub75_with_ube2w__seed-20_sample-2__model.cif,protein_Cterm:U75,A,True,,31.866,0,,,,5,25,,,,479;575;576;577;578;581;598;599;600;601;604;605;606;608;617;618;619;621;622;623;624;625;626;891;926
uba1_cys_ub75_with_ube2w,uba1_cys_ub75_with_ube2w__seed-20_sample-3__model.cif,protein_Cterm:U75,A,True,,32.11,0,,,,5,25,,,,479;575;576;577;578;581;598;599;600;601;604;605;606;608;617;618;619;621;622;623;624;625;626;891;926
uba1_cys_ub75_with_ube2w,uba1_cys_ub75_with_ube2w__seed-20_sample-4__model.cif,protein_Cterm:U75,A,True,,32.043,0,,,,4,26,,,,479;575;576;577;578;581;597;598;599;600;601;604;605;606;608;617;618;619;621;622;623;624;625;626;891;926
uba1_cys_ub75_with_ube2w,uba1_cys_ub75_with_ube2w__seed-21_sample-0__model.cif,protein_Cterm:U75,A,True,,32.445,0,,,,4,26,,,,479;575;576;577;578;581;597;598;599;600;601;604;605;606;608;617;618;619;621;622;623;624;625;626;891;926
uba1_cys_ub75_with_ube2w,uba1_cys_ub75_with_ube2w__seed-21_sample-1__model.cif,protein_Cterm:U75,A,True,,31.624,0,,,,6,25,,,,479;575;576;577;578;581;598;599;600;601;604;605;606;608;617;618;619;621;622;623;624;625;626;891;926
uba1_cys_ub75_with_ube2w,uba1_cys_ub75_with_ube2w__seed-21_sample-2__model.cif,protein_Cterm:U75,A,True,,32.135,0,,,,7,25,,,,479;575;576;577;578;581;597;598;599;600;601;604;605;606;608;617;618;619;621;622;623;624;626;891;926
uba1_cys_ub75_with_ube2w,uba1_cys_ub75_with_ube2w__seed-21_sample-3__model.cif,protein_Cterm:U75,A,True,,32.438,0,,,,7,25,,,,479;575;576;577;578;581;598;599;600;601;604;605;606;608;617;618;619;621;622;623;624;625;626;891;926
uba1_cys_ub75_with_ube2w,uba1_cys_ub75_with_ube2w__seed-21_sample-4__model.cif,protein_Cterm:U75,A,True,,31.199,0,,,,6,26,,,,479;575;576;577;578;581;597;598;599;600;601;604;605;606;608;617;618;619;621;622;623;624;625;626;891;926
uba1_cys_ub75_with_ube2w,uba1_cys_ub75_with_ube2w__seed-22_sample-0__model.cif,protein_Cterm:U75,A,True,,31.145,0,,,,4,25,,,,479;575;576;577;578;581;598;599;600;601;604;605;606;608;617;618;619;621;622;623;624;625;626;891;926
uba1_cys_ub75_with_ube2w,uba1_cys_ub75_with_ube2w__seed-22_sample-1__model.cif,protein_Cterm:U75,A,True,,32.061,0,,,,5,25,,,,479;575;576;577;578;581;598;599;600;601;604;605;606;608;617;618;619;621;622;623;624;625;626;891;926
uba1_cys_ub75_with_ube2w,uba1_cys_ub75_with_ube2w__seed-22_sample-2__model.cif,protein_Cterm:U75,A,True,,30.796,0,,,,4,25,,,,479;575;576;577;578;581;598;599;600;601;604;605;606;608;617;618;619;621;622;623;624;625;626;891;926
uba1_cys_ub75_with_ube2w,uba1_cys_ub75_with_ube2w__seed-22_sample-3__model.cif,protein_Cterm:U75,A,True,,30.913,0,,,,4,26,,,,479;575;576;577;578;581;597;598;599;600;601;604;605;606;608;617;618;619;621;622;623;624;625;626;891;926
uba1_cys_ub75_with_ube2w,uba1_cys_ub75_with_ube2w__seed-22_sample-4__model.cif,protein_Cterm:U75,A,True,,32.093,0,,,,5,25,,,,479;575;576;577;578;581;598;599;600;601;604;605;606;608;617;618;619;621;622;623;624;625;626;891;926
uba1_cys_ub75_with_ube2w,uba1_cys_ub75_with_ube2w__seed-23_sample-0__model.cif,protein_Cterm:U75,A,True,,31.936,0,,,,6,26,,,,479;575;576;577;578;581;597;598;599;600;601;604;605;606;608;617;618;619;621;622;623;624;625;626;891;926
uba1_cys_ub75_with_ube2w,uba1_cys_ub75_with_ube2w__seed-23_sample-1__model.cif,protein_Cterm:U75,A,True,,30.78,0,,,,5,26,,,,479;575;576;577;578;581;597;598;599;600;601;604;605;606;608;617;618;619;621;622;623;624;625;626;891;926
uba1_cys_ub75_with_ube2w,uba1_cys_ub75_with_ube2w__seed-23_sample-2__model.cif,protein_Cterm:U75,A,True,,30.055,0,,,,6,26,,,,479;575;576;577;578;581;597;598;599;600;601;604;605;606;608;617;618;619;621;622;623;624;625;626;891;926
uba1_cys_ub75_with_ube2w,uba1_cys_ub75_with_ube2w__seed-23_sample-3__model.cif,protein_Cterm:U75,A,True,,31.48,0,,,,5,25,,,,479;575;576;577;578;581;598;599;600;601;604;605;606;608;617;618;619;621;622;623;624;625;626;891;926
uba1_cys_ub75_with_ube2w,uba1_cys_ub75_with_ube2w__seed-23_sample-4__model.cif,protein_Cterm:U75,A,True,,32.016,0,,,,7,26,,,,479;575;576;577;578;581;597;598;599;600;601;604;605;606;608;617;618;619;621;622;623;624;625;626;891;926
uba1_cys_ub75_with_ube2w,uba1_cys_ub75_with_ube2w__seed-24_sample-0__model.cif,protein_Cterm:U75,A,True,,30.803,0,,,,6,26,,,,479;575;576;577;578;581;597;598;599;600;601;604;605;606;608;617;618;619;621;622;623;624;625;626;891;926
uba1_cys_ub75_with_ube2w,uba1_cys_ub75_with_ube2w__seed-24_sample-1__model.cif,protein_Cterm:U75,A,True,,32.765,0,,,,5,26,,,,479;575;576;577;578;581;597;598;599;600;601;604;605;606;608;617;618;619;621;622;623;624;625;626;891;926
uba1_cys_ub75_with_ube2w,uba1_cys_ub75_with_ube2w__seed-24_sample-2__model.cif,protein_Cterm:U75,A,True,,30.427,0,,,,8,25,,,,479;575;576;577;578;581;597;598;599;600;601;604;605;606;608;617;618;619;621;622;623;624;626;891;926
uba1_cys_ub75_with_ube2w,uba1_cys_ub75_with_ube2w__seed-24_sample-3__model.cif,protein_Cterm:U75,A,True,,31.651,0,,,,5,26,,,,479;575;576;577;578;581;597;598;599;600;601;604;605;606;608;617;618;619;621;622;623;624;625;626;891;926
uba1_cys_ub75_with_ube2w,uba1_cys_ub75_with_ube2w__seed-24_sample-4__model.cif,protein_Cterm:U75,A,True,,30.875,0,,,,6,26,,,,479;575;576;577;578;581;597;598;599;600;601;604;605;606;608;617;618;619;621;622;623;624;625;626;891;926
uba1_cys_ub75_with_ube2w,uba1_cys_ub75_with_ube2w__seed-25_sample-0__model.cif,protein_Cterm:U75,A,True,,32.328,0,,,,4,25,,,,479;575;576;577;578;581;598;599;600;601;604;605;606;608;617;618;619;621;622;623;624;625;626;891;926
uba1_cys_ub75_with_ube2w,uba1_cys_ub75_with_ube2w__seed-25_sample-1__model.cif,protein_Cterm:U75,A,True,,32.182,0,,,,7,26,,,,479;575;576;577;578;581;598;599;600;601;604;605;606;608;617;618;619;621;622;623;624;626;889;890;891;926
uba1_cys_ub75_with_ube2w,uba1_cys_ub75_with_ube2w__seed-25_sample-2__model.cif,protein_Cterm:U75,A,True,,31.803,0,,,,8,25,,,,479;575;576;577;578;581;598;599;600;601;604;605;606;608;617;618;619;621;622;623;624;625;626;891;926
uba1_cys_ub75_with_ube2w,uba1_cys_ub75_with_ube2w__seed-25_sample-3__model.cif,protein_Cterm:U75,A,True,,31.977,0,,,,5,26,,,,479;575;576;577;578;581;597;598;599;600;601;604;605;606;608;617;618;619;621;622;623;624;625;626;891;926
uba1_cys_ub75_with_ube2w,uba1_cys_ub75_with_ube2w__seed-25_sample-4__model.cif,protein_Cterm:U75,A,True,,32.666,0,,,,4,25,,,,479;575;576;577;578;581;598;599;600;601;604;605;606;608;617;618;619;621;622;623;624;625;626;891;926
uba1_cys_ub75_with_ube2w,uba1_cys_ub75_with_ube2w__seed-2_sample-0__model.cif,protein_Cterm:U75,A,True,,30.003,0,,,,6,26,,,,479;575;576;577;578;581;597;598;599;600;601;604;605;606;608;617;618;619;621;622;623;624;625;626;891;926
uba1_cys_ub75_with_ube2w,uba1_cys_ub75_with_ube2w__seed-2_sample-1__model.cif,protein_Cterm:U75,A,True,,31.04,0,,,,7,26,,,,479;575;576;577;578;581;597;598;599;600;601;604;605;606;608;617;618;619;621;622;623;624;625;626;891;926
uba1_cys_ub75_with_ube2w,uba1_cys_ub75_with_ube2w__seed-2_sample-2__model.cif,protein_Cterm:U75,A,True,,31.003,0,,,,7,25,,,,479;575;576;577;578;581;597;598;599;600;601;604;605;606;608;617;618;619;621;622;623;624;626;891;926
uba1_cys_ub75_with_ube2w,uba1_cys_ub75_with_ube2w__seed-2_sample-3__model.cif,protein_Cterm:U75,A,True,,32.822,0,,,,7,25,,,,479;575;576;577;578;581;597;598;599;600;601;604;605;606;608;617;618;619;621;622;623;624;626;891;926
uba1_cys_ub75_with_ube2w,uba1_cys_ub75_with_ube2w__seed-2_sample-4__model.cif,protein_Cterm:U75,A,True,,30.688,0,,,,6,26,,,,479;575;576;577;578;581;597;598;599;600;601;604;605;606;608;617;618;619;621;622;623;624;625;626;891;926
uba1_cys_ub75_with_ube2w,uba1_cys_ub75_with_ube2w__seed-3_sample-0__model.cif,protein_Cterm:U75,A,True,,32.307,0,,,,4,25,,,,479;575;576;577;578;581;598;599;600;601;604;605;606;608;617;618;619;621;622;623;624;625;626;891;926
uba1_cys_ub75_with_ube2w,uba1_cys_ub75_with_ube2w__seed-3_sample-1__model.cif,protein_Cterm:U75,A,True,,31.175,0,,,,5,25,,,,479;575;576;577;578;581;598;599;600;601;604;605;606;608;617;618;619;621;622;623;624;625;626;891;926
uba1_cys_ub75_with_ube2w,uba1_cys_ub75_with_ube2w__seed-3_sample-2__model.cif,protein_Cterm:U75,A,True,,32.118,0,,,,7,25,,,,479;575;576;577;578;581;598;599;600;601;604;605;606;608;617;618;619;621;622;623;624;625;626;891;926
uba1_cys_ub75_with_ube2w,uba1_cys_ub75_with_ube2w__seed-3_sample-3__model.cif,protein_Cterm:U75,A,True,,32.421,0,,,,5,25,,,,479;575;576;577;578;581;598;599;600;601;604;605;606;608;617;618;619;621;622;623;624;625;626;891;926
uba1_cys_ub75_with_ube2w,uba1_cys_ub75_with_ube2w__seed-3_sample-4__model.cif,protein_Cterm:U75,A,True,,32.125,0,,,,4,25,,,,479;575;576;577;578;581;598;599;600;601;604;605;606;608;617;618;619;621;622;623;624;625;626;891;926
uba1_cys_ub75_with_ube2w,uba1_cys_ub75_with_ube2w__seed-4_sample-0__model.cif,protein_Cterm:U75,A,True,,30.334,0,,,,5,26,,,,479;575;576;577;578;581;597;598;599;600;601;604;605;606;608;617;618;619;621;622;623;624;625;626;891;926
uba1_cys_ub75_with_ube2w,uba1_cys_ub75_with_ube2w__seed-4_sample-1__model.cif,protein_Cterm:U75,A,True,,30.726,0,,,,5,26,,,,479;575;576;577;578;581;597;598;599;600;601;604;605;606;608;617;618;619;621;622;623;624;625;626;891;926
uba1_cys_ub75_with_ube2w,uba1_cys_ub75_with_ube2w__seed-4_sample-2__model.cif,protein_Cterm:U75,A,True,,32.116,0,,,,5,25,,,,479;575;576;577;578;581;598;599;600;601;604;605;606;608;617;618;619;621;622;623;624;625;626;891;926
uba1_cys_ub75_with_ube2w,uba1_cys_ub75_with_ube2w__seed-4_sample-3__model.cif,protein_Cterm:U75,A,True,,32.024,0,,,,6,26,,,,479;575;576;577;578;581;597;598;599;600;601;604;605;606;608;617;618;619;621;622;623;624;625;626;891;926
uba1_cys_ub75_with_ube2w,uba1_cys_ub75_with_ube2w__seed-4_sample-4__model.cif,protein_Cterm:U75,A,True,,32.041,0,,,,5,24,,,,479;575;576;577;578;581;598;599;600;601;604;605;606;608;617;618;619;621;622;623;624;626;891;926
uba1_cys_ub75_with_ube2w,uba1_cys_ub75_with_ube2w__seed-5_sample-0__model.cif,protein_Cterm:U75,A,True,,32.251,0,,,,5,25,,,,479;575;576;577;578;581;598;599;600;601;604;605;606;608;617;618;619;621;622;623;624;625;626;891;926
uba1_cys_ub75_with_ube2w,uba1_cys_ub75_with_ube2w__seed-5_sample-1__model.cif,protein_Cterm:U75,A,True,,31.155,0,,,,5,25,,,,479;575;576;577;578;581;598;599;600;601;604;605;606;608;617;618;619;621;622;623;624;625;626;891;926
uba1_cys_ub75_with_ube2w,uba1_cys_ub75_with_ube2w__seed-5_sample-2__model.cif,protein_Cterm:U75,A,True,,32.188,0,,,,5,26,,,,479;575;576;577;578;581;597;598;599;600;601;604;605;606;608;617;618;619;621;622;623;624;625;626;891;926
uba1_cys_ub75_with_ube2w,uba1_cys_ub75_with_ube2w__seed-5_sample-3__model.cif,protein_Cterm:U75,A,True,,31.679,0,,,,4,26,,,,479;575;576;577;578;581;597;598;599;600;601;604;605;606;608;617;618;619;621;622;623;624;625;626;891;926
uba1_cys_ub75_with_ube2w,uba1_cys_ub75_with_ube2w__seed-5_sample-4__model.cif,protein_Cterm:U75,A,True,,31.736,0,,,,4,25,,,,479;575;576;577;578;581;597;598;599;600;601;604;605;606;608;617;618;619;621;622;623;624;626;891;926
uba1_cys_ub75_with_ube2w,uba1_cys_ub75_with_ube2w__seed-6_sample-0__model.cif,protein_Cterm:U75,A,True,,30.388,0,,,,7,26,,,,479;575;576;577;578;581;597;598;599;600;601;604;605;606;608;617;618;619;621;622;623;624;626;627;891;926
uba1_cys_ub75_with_ube2w,uba1_cys_ub75_with_ube2w__seed-6_sample-1__model.cif,protein_Cterm:U75,A,True,,31.927,0,,,,5,24,,,,479;575;576;577;578;581;598;599;600;601;604;605;606;608;617;618;619;621;622;623;624;626;891;926
uba1_cys_ub75_with_ube2w,uba1_cys_ub75_with_ube2w__seed-6_sample-2__model.cif,protein_Cterm:U75,A,True,,30.196,0,,,,7,26,,,,479;575;576;577;578;581;597;598;599;600;601;604;605;606;608;617;618;619;621;622;623;624;625;626;891;926
uba1_cys_ub75_with_ube2w,uba1_cys_ub75_with_ube2w__seed-6_sample-3__model.cif,protein_Cterm:U75,A,True,,31.831,0,,,,6,25,,,,479;575;576;577;578;581;597;598;599;600;601;604;605;606;608;617;618;619;621;622;623;624;626;891;926
uba1_cys_ub75_with_ube2w,uba1_cys_ub75_with_ube2w__seed-6_sample-4__model.cif,protein_Cterm:U75,A,True,,32.383,0,,,,5,25,,,,479;575;576;577;578;581;598;599;600;601;604;605;606;608;617;618;619;621;622;623;624;625;626;891;926
uba1_cys_ub75_with_ube2w,uba1_cys_ub75_with_ube2w__seed-7_sample-0__model.cif,protein_Cterm:U75,A,True,,32.143,0,,,,5,25,,,,479;575;576;577;578;581;598;599;600;601;604;605;606;608;617;618;619;621;622;623;624;625;626;891;926
uba1_cys_ub75_with_ube2w,uba1_cys_ub75_with_ube2w__seed-7_sample-1__model.cif,protein_Cterm:U75,A,True,,32.461,0,,,,4,25,,,,479;575;576;577;578;581;598;599;600;601;604;605;606;608;617;618;619;621;622;623;624;625;626;891;926
uba1_cys_ub75_with_ube2w,uba1_cys_ub75_with_ube2w__seed-7_sample-2__model.cif,protein_Cterm:U75,A,True,,30.465,0,,,,5,26,,,,479;575;576;577;578;581;597;598;599;600;601;604;605;606;608;617;618;619;621;622;623;624;625;626;891;926
uba1_cys_ub75_with_ube2w,uba1_cys_ub75_with_ube2w__seed-7_sample-3__model.cif,protein_Cterm:U75,A,True,,32.599,0,,,,4,25,,,,479;575;576;577;578;581;598;599;600;601;604;605;606;608;617;618;619;621;622;623;624;625;626;891;926
uba1_cys_ub75_with_ube2w,uba1_cys_ub75_with_ube2w__seed-7_sample-4__model.cif,protein_Cterm:U75,A,True,,30.81,0,,,,7,25,,,,479;575;576;577;578;581;597;598;599;600;601;604;605;606;608;617;618;619;621;622;623;624;626;891;926
uba1_cys_ub75_with_ube2w,uba1_cys_ub75_with_ube2w__seed-8_sample-0__model.cif,protein_Cterm:U75,A,True,,32.239,0,,,,4,25,,,,479;575;576;577;578;581;598;599;600;601;604;605;606;608;617;618;619;621;622;623;624;625;626;891;926
uba1_cys_ub75_with_ube2w,uba1_cys_ub75_with_ube2w__seed-8_sample-1__model.cif,protein_Cterm:U75,A,True,,31.385,0,,,,5,25,,,,479;575;576;577;578;581;598;599;600;601;604;605;606;608;617;618;619;621;622;623;624;625;626;891;926
uba1_cys_ub75_with_ube2w,uba1_cys_ub75_with_ube2w__seed-8_sample-2__model.cif,protein_Cterm:U75,A,True,,31.138,0,,,,8,25,,,,479;575;576;577;578;581;597;598;599;600;601;604;605;606;608;617;618;619;621;622;623;624;626;891;926
uba1_cys_ub75_with_ube2w,uba1_cys_ub75_with_ube2w__seed-8_sample-3__model.cif,protein_Cterm:U75,A,True,,32.539,0,,,,9,25,,,,479;575;576;577;578;581;597;598;599;600;601;604;605;606;608;617;618;619;621;622;623;624;626;891;926
uba1_cys_ub75_with_ube2w,uba1_cys_ub75_with_ube2w__seed-8_sample-4__model.cif,protein_Cterm:U75,A,True,,32.592,0,,,,6,26,,,,479;575;576;577;578;581;597;598;599;600;601;604;605;606;608;617;618;619;621;622;623;624;625;626;891;926
uba1_cys_ub75_with_ube2w,uba1_cys_ub75_with_ube2w__seed-9_sample-0__model.cif,protein_Cterm:U75,A,True,,31.752,0,,,,7,25,,,,479;575;576;577;578;581;598;599;600;601;604;605;606;608;617;618;619;621;622;623;624;625;626;891;926
uba1_cys_ub75_with_ube2w,uba1_cys_ub75_with_ube2w__seed-9_sample-1__model.cif,protein_Cterm:U75,A,True,,32.074,0,,,,4,26,,,,479;575;576;577;578;581;597;598;599;600;601;604;605;606;608;617;618;619;621;622;623;624;625;626;891;926
uba1_cys_ub75_with_ube2w,uba1_cys_ub75_with_ube2w__seed-9_sample-2__model.cif,protein_Cterm:U75,A,True,,32.324,0,,,,5,25,,,,479;575;576;577;578;581;598;599;600;601;604;605;606;608;617;618;619;621;622;623;624;625;626;891;926
uba1_cys_ub75_with_ube2w,uba1_cys_ub75_with_ube2w__seed-9_sample-3__model.cif,protein_Cterm:U75,A,True,,32.442,0,,,,4,26,,,,479;575;576;577;578;581;597;598;599;600;601;604;605;606;608;617;618;619;621;622;623;624;625;626;891;926
uba1_cys_ub75_with_ube2w,uba1_cys_ub75_with_ube2w__seed-9_sample-4__model.cif,protein_Cterm:U75,A,True,,31.812,0,,,,5,26,,,,479;575;576;577;578;581;597;598;599;600;601;604;605;606;608;617;618;619;621;622;623;624;625;626;891;926
uba1_cys_ub76_no_ube2w,uba1_cys_ub76_no_ube2w__seed-10_sample-0__model.cif,protein_Cterm:U76,A,True,,35.71,0,,,,5,29,,,,477;478;479;480;515;574;575;576;577;578;581;597;598;599;600;601;604;605;606;608;617;618;619;621;622;623;626;891;926
uba1_cys_ub76_no_ube2w,uba1_cys_ub76_no_ube2w__seed-10_sample-1__model.cif,protein_Cterm:U76,A,True,,35.62,0,,,,7,31,,,,477;478;479;480;515;574;575;576;577;578;581;597;598;599;600;601;604;605;606;608;617;618;619;621;622;623;626;889;891;898;926
uba1_cys_ub76_no_ube2w,uba1_cys_ub76_no_ube2w__seed-10_sample-2__model.cif,protein_Cterm:U76,A,True,,35.738,0,,,,5,31,,,,477;478;479;480;515;574;575;576;577;578;581;597;598;599;600;601;604;605;606;608;617;618;619;621;622;623;624;625;626;891;926
uba1_cys_ub76_no_ube2w,uba1_cys_ub76_no_ube2w__seed-10_sample-3__model.cif,protein_Cterm:U76,A,True,,35.586,0,,,,5,30,,,,477;478;479;480;515;574;575;576;577;578;581;597;598;599;600;601;604;605;606;608;617;618;619;621;622;623;626;889;891;926
uba1_cys_ub76_no_ube2w,uba1_cys_ub76_no_ube2w__seed-10_sample-4__model.cif,protein_Cterm:U76,A,True,,35.425,0,,,,7,29,,,,477;478;479;480;574;575;576;577;578;581;597;598;599;600;601;604;605;606;608;617;618;619;621;622;623;626;891;898;926
uba1_cys_ub76_no_ube2w,uba1_cys_ub76_no_ube2w__seed-11_sample-0__model.cif,protein_Cterm:U76,A,True,,34.106,0,,,,6,30,,,,477;478;479;480;515;574;575;576;577;578;581;597;598;599;600;601;604;605;606;608;617;618;619;621;622;623;626;891;898;926
uba1_cys_ub76_no_ube2w,uba1_cys_ub76_no_ube2w__seed-11_sample-1__model.cif,protein_Cterm:U76,A,True,,35.564,0,,,,7,31,,,,477;478;479;480;515;574;575;576;577;578;581;582;597;598;599;600;601;604;605;606;608;617;618;619;621;622;623;626;889;891;926
uba1_cys_ub76_no_ube2w,uba1_cys_ub76_no_ube2w__seed-11_sample-2__model.cif,protein_Cterm:U76,A,True,,35.834,0,,,,6,29,,,,477;478;479;480;574;575;576;577;578;581;597;598;599;600;601;604;605;606;608;617;618;619;621;622;623;626;891;898;926
uba1_cys_ub76_no_ube2w,uba1_cys_ub76_no_ube2w__seed-11_sample-3__model.cif,protein_Cterm:U76,A,True,,35.34,0,,,,4,30,,,,477;478;479;480;515;574;575;576;577;578;581;597;598;599;600;601;604;605;606;608;617;618;619;621;622;623;626;891;898;926
uba1_cys_ub76_no_ube2w,uba1_cys_ub76_no_ube2w__seed-11_sample-4__model.cif,protein_Cterm:U76,A,True,,34.304,0,,,,4,32,,,,477;478;479;480;515;574;575;576;577;578;581;597;598;599;600;601;604;605;606;608;617;618;619;621;622;623;624;625;626;891;898;926
uba1_cys_ub76_no_ube2w,uba1_cys_ub76_no_ube2w__seed-12_sample-0__model.cif,protein_Cterm:U76,A,True,,35.829,0,,,,6,28,,,,477;478;479;480;574;575;576;577;578;581;598;599;600;601;604;605;606;608;617;618;619;621;622;623;626;891;898;926
uba1_cys_ub76_no_ube2w,uba1_cys_ub76_no_ube2w__seed-12_sample-1__model.cif,protein_Cterm:U76,A,True,,34.228,0,,,,5,30,,,,477;478;479;480;515;574;575;576;577;578;581;597;598;599;600;601;604;605;606;608;617;618;619;621;622;623;626;889;891;926
uba1_cys_ub76_no_ube2w,uba1_cys_ub76_no_ube2w__seed-12_sample-2__model.cif,protein_Cterm:U76,A,True,,35.43,0,,,,5,29,,,,477;478;479;480;574;575;576;577;578;581;597;598;599;600;601;604;605;606;608;617;618;619;621;622;623;626;889;891;926
uba1_cys_ub76_no_ube2w,uba1_cys_ub76_no_ube2w__seed-12_sample-3__model.cif,protein_Cterm:U76,A,True,,33.819,0,,,,3,29,,,,477;478;479;480;574;575;576;577;578;581;598;599;600;601;604;605;606;608;617;618;619;621;622;623;624;625;626;891;926
uba1_cys_ub76_no_ube2w,uba1_cys_ub76_no_ube2w__seed-12_sample-4__model.cif,protein_Cterm:U76,A,True,,35.584,0,,,,7,31,,,,477;478;479;480;515;574;575;576;577;578;581;597;598;599;600;601;604;605;606;608;617;618;619;621;622;623;624;625;626;891;926
uba1_cys_ub76_no_ube2w,uba1_cys_ub76_no_ube2w__seed-13_sample-0__model.cif,protein_Cterm:U76,A,True,,35.729,0,,,,5,29,,,,477;478;479;480;515;574;575;576;577;578;581;597;598;599;600;601;604;605;606;608;617;618;619;621;622;623;626;891;926
uba1_cys_ub76_no_ube2w,uba1_cys_ub76_no_ube2w__seed-13_sample-1__model.cif,protein_Cterm:U76,A,True,,35.758,0,,,,4,29,,,,477;478;479;480;515;574;575;576;577;578;581;597;598;599;600;601;604;605;606;608;617;618;619;621;622;623;626;891;926
uba1_cys_ub76_no_ube2w,uba1_cys_ub76_no_ube2w__seed-13_sample-2__model.cif,protein_Cterm:U76,A,True,,35.507,0,,,,6,28,,,,477;478;479;480;574;575;576;577;578;581;597;598;599;600;601;604;605;606;608;617;618;619;621;622;623;626;891;926
uba1_cys_ub76_no_ube2w,uba1_cys_ub76_no_ube2w__seed-13_sample-3__model.cif,protein_Cterm:U76,A,True,,35.838,0,,,,5,30,,,,477;478;479;480;515;574;575;576;577;578;581;597;598;599;600;601;604;605;606;608;617;618;619;621;622;623;626;889;891;926
uba1_cys_ub76_no_ube2w,uba1_cys_ub76_no_ube2w__seed-13_sample-4__model.cif,protein_Cterm:U76,A,True,,35.69,0,,,,4,32,,,,477;478;479;480;515;574;575;576;577;578;581;597;598;599;600;601;604;605;606;608;617;618;619;621;622;623;624;625;626;891;898;926
uba1_cys_ub76_no_ube2w,uba1_cys_ub76_no_ube2w__seed-14_sample-0__model.cif,protein_Cterm:U76,A,True,,35.726,0,,,,7,32,,,,477;478;479;480;515;574;575;576;577;578;581;582;597;598;599;600;601;604;605;606;608;617;618;619;621;622;623;626;889;891;898;926
uba1_cys_ub76_no_ube2w,uba1_cys_ub76_no_ube2w__seed-14_sample-1__model.cif,protein_Cterm:U76,A,True,,35.563,0,,,,6,29,,,,477;478;479;480;515;574;575;576;577;578;581;597;598;599;600;601;604;605;606;608;617;618;619;621;622;623;626;891;926
uba1_cys_ub76_no_ube2w,uba1_cys_ub76_no_ube2w__seed-14_sample-2__model.cif,protein_Cterm:U76,A,True,,35.791,0,,,,6,30,,,,477;478;479;480;515;574;575;576;577;578;581;598;599;600;601;604;605;606;608;617;618;619;621;622;623;626;889;891;898;926
uba1_cys_ub76_no_ube2w,uba1_cys_ub76_no_ube2w__seed-14_sample-3__model.cif,protein_Cterm:U76,A,True,,34.131,0,,,,4,29,,,,477;478;479;480;515;574;575;576;577;578;581;597;598;599;600;601;604;605;606;608;617;618;619;621;622;623;626;891;926
uba1_cys_ub76_no_ube2w,uba1_cys_ub76_no_ube2w__seed-14_sample-4__model.cif,protein_Cterm:U76,A,True,,35.501,0,,,,6,29,,,,477;478;479;480;515;574;575;576;577;578;581;597;598;599;600;601;604;605;606;608;617;618;619;621;622;623;626;891;926
uba1_cys_ub76_no_ube2w,uba1_cys_ub76_no_ube2w__seed-15_sample-0__model.cif,protein_Cterm:U76,A,True,,35.411,0,,,,7,28,,,,477;478;479;480;574;575;576;577;578;581;598;599;600;601;604;605;606;608;617;618;619;621;622;623;626;891;898;926
uba1_cys_ub76_no_ube2w,uba1_cys_ub76_no_ube2w__seed-15_sample-1__model.cif,protein_Cterm:U76,A,True,,35.699,0,,,,4,29,,,,477;478;479;480;574;575;576;577;578;581;598;599;600;601;604;605;606;608;617;618;619;621;622;623;624;625;626;891;926
uba1_cys_ub76_no_ube2w,uba1_cys_ub76_no_ube2w__seed-15_sample-2__model.cif,protein_Cterm:U76,A,True,,35.81,0,,,,6,29,,,,477;478;479;480;515;574;575;576;577;578;581;598;599;600;601;604;605;606;608;617;618;619;621;622;623;626;891;898;926
uba1_cys_ub76_no_ube2w,uba1_cys_ub76_no_ube2w__seed-15_sample-3__model.cif,protein_Cterm:U76,A,True,,35.534,0,,,,8,30,,,,477;478;479;480;515;574;575;576;577;578;581;597;598;599;600;601;604;605;606;608;617;618;619;621;622;623;626;889;891;926
uba1_cys_ub76_no_ube2w,uba1_cys_ub76_no_ube2w__seed-15_sample-4__model.cif,protein_Cterm:U76,A,True,,35.878,0,,,,6,29,,,,477;478;479;480;574;575;576;577;578;581;597;598;599;600;601;604;605;606;608;617;618;619;621;622;623;626;889;891;926
uba1_cys_ub76_no_ube2w,uba1_cys_ub76_no_ube2w__seed-16_sample-0__model.cif,protein_Cterm:U76,A,True,,35.797,0,,,,5,30,,,,477;478;479;480;515;574;575;576;577;578;581;597;598;599;600;601;604;605;606;608;617;618;619;621;622;623;626;889;891;926
uba1_cys_ub76_no_ube2w,uba1_cys_ub76_no_ube2w__seed-16_sample-1__model.cif,protein_Cterm:U76,A,True,,35.868,0,,,,5,29,,,,477;478;479;480;515;574;575;576;577;578;581;598;599;600;601;604;605;606;608;617;618;619;621;622;623;626;891;898;926
uba1_cys_ub76_no_ube2w,uba1_cys_ub76_no_ube2w__seed-16_sample-2__model.cif,protein_Cterm:U76,A,True,,34.049,0,,,,6,30,,,,477;478;479;480;515;574;575;576;577;578;581;597;598;599;600;601;604;605;606;608;617;618;619;621;622;623;626;889;891;926
uba1_cys_ub76_no_ube2w,uba1_cys_ub76_no_ube2w__seed-16_sample-3__model.cif,protein_Cterm:U76,A,True,,35.324,0,,,,6,29,,,,477;478;479;480;515;574;575;576;577;578;581;597;598;599;600;601;604;605;606;608;617;618;619;621;622;623;626;891;926
uba1_cys_ub76_no_ube2w,uba1_cys_ub76_no_ube2w__seed-16_sample-4__model.cif,protein_Cterm:U76,A,True,,35.689,0,,,,4,32,,,,477;478;479;480;515;574;575;576;577;578;581;597;598;599;600;601;604;605;606;608;617;618;619;621;622;623;624;625;626;891;898;926
uba1_cys_ub76_no_ube2w,uba1_cys_ub76_no_ube2w__seed-17_sample-0__model.cif,protein_Cterm:U76,A,True,,33.932,0,,,,6,28,,,,477;478;479;480;574;575;576;577;578;581;597;598;599;600;601;604;605;606;608;617;618;619;621;622;623;626;891;926
uba1_cys_ub76_no_ube2w,uba1_cys_ub76_no_ube2w__seed-17_sample-1__model.cif,protein_Cterm:U76,A,True,,34.024,0,,,,7,30,,,,477;478;479;480;515;574;575;576;577;578;581;597;598;599;600;601;604;605;606;608;617;618;619;621;622;623;626;889;891;926
uba1_cys_ub76_no_ube2w,uba1_cys_ub76_no_ube2w__seed-17_sample-2__model.cif,protein_Cterm:U76,A,True,,34.263,0,,,,6,30,,,,477;478;479;480;515;574;575;576;577;578;581;597;598;599;600;601;604;605;606;608;617;618;619;621;622;623;626;889;891;926
uba1_cys_ub76_no_ube2w,uba1_cys_ub76_no_ube2w__seed-17_sample-3__model.cif,protein_Cterm:U76,A,True,,35.586,0,,,,7,30,,,,477;478;479;480;515;574;575;576;577;578;581;597;598;599;600;601;604;605;606;608;617;618;619;621;622;623;626;889;891;926
uba1_cys_ub76_no_ube2w,uba1_cys_ub76_no_ube2w__seed-17_sample-4__model.cif,protein_Cterm:U76,A,True,,33.999,0,,,,6,31,,,,477;478;479;480;515;574;575;576;577;578;581;597;598;599;600;601;604;605;606;608;617;618;619;621;622;623;626;889;891;898;926
uba1_cys_ub76_no_ube2w,uba1_cys_ub76_no_ube2w__seed-18_sample-0__model.cif,protein_Cterm:U76,A,True,,35.376,0,,,,6,31,,,,477;478;479;480;574;575;576;577;578;581;597;598;599;600;601;604;605;606;608;617;618;619;621;622;623;624;625;626;891;898;926
uba1_cys_ub76_no_ube2w,uba1_cys_ub76_no_ube2w__seed-18_sample-1__model.cif,protein_Cterm:U76,A,True,,35.481,0,,,,4,30,,,,477;478;479;480;574;575;576;577;578;581;598;599;600;601;604;605;606;608;617;618;619;621;622;623;624;625;626;891;898;926
uba1_cys_ub76_no_ube2w,uba1_cys_ub76_no_ube2w__seed-18_sample-2__model.cif,protein_Cterm:U76,A,True,,35.702,0,,,,6,30,,,,477;478;479;480;574;575;576;577;578;581;597;598;599;600;601;604;605;606;608;617;618;619;621;622;623;626;889;891;898;926
uba1_cys_ub76_no_ube2w,uba1_cys_ub76_no_ube2w__seed-18_sample-3__model.cif,protein_Cterm:U76,A,True,,33.84,0,,,,6,29,,,,477;478;479;480;515;574;575;576;577;578;581;597;598;599;600;601;604;605;606;608;617;618;619;621;622;623;626;891;926
uba1_cys_ub76_no_ube2w,uba1_cys_ub76_no_ube2w__seed-18_sample-4__model.cif,protein_Cterm:U76,A,True,,33.998,0,,,,4,28,,,,477;478;479;480;515;574;575;576;577;578;581;598;599;600;601;604;605;606;608;617;618;619;621;622;623;626;891;926
uba1_cys_ub76_no_ube2w,uba1_cys_ub76_no_ube2w__seed-19_sample-0__model.cif,protein_Cterm:U76,A,True,,35.776,0,,,,6,30,,,,477;478;479;480;515;574;575;576;577;578;581;597;598;599;600;601;604;605;606;608;617;618;619;621;622;623;626;891;898;926
uba1_cys_ub76_no_ube2w,uba1_cys_ub76_no_ube2w__seed-19_sample-1__model.cif,protein_Cterm:U76,A,True,,35.836,0,,,,7,32,,,,477;478;479;480;515;574;575;576;577;578;581;582;597;598;599;600;601;604;605;606;608;617;618;619;621;622;623;626;889;891;898;926
uba1_cys_ub76_no_ube2w,uba1_cys_ub76_no_ube2w__seed-19_sample-2__model.cif,protein_Cterm:U76,A,True,,35.536,0,,,,4,30,,,,477;478;479;480;515;574;575;576;577;578;581;597;598;599;600;601;604;605;606;608;617;618;619;621;622;623;626;891;898;926
uba1_cys_ub76_no_ube2w,uba1_cys_ub76_no_ube2w__seed-19_sample-3__model.cif,protein_Cterm:U76,A,True,,35.838,0,,,,4,31,,,,477;478;479;480;515;574;575;576;577;578;581;597;598;599;600;601;604;605;606;608;617;618;619;621;622;623;624;625;626;891;926
uba1_cys_ub76_no_ube2w,uba1_cys_ub76_no_ube2w__seed-19_sample-4__model.cif,protein_Cterm:U76,A,True,,34.264,0,,,,6,28,,,,477;478;479;480;574;575;576;577;578;581;597;598;599;600;601;604;605;606;608;617;618;619;621;622;623;626;891;926
uba1_cys_ub76_no_ube2w,uba1_cys_ub76_no_ube2w__seed-1_sample-0__model.cif,protein_Cterm:U76,A,True,,35.545,0,,,,6,31,,,,477;478;479;480;574;575;576;577;578;581;597;598;599;600;601;604;605;606;608;617;618;619;621;622;623;624;625;626;891;898;926
uba1_cys_ub76_no_ube2w,uba1_cys_ub76_no_ube2w__seed-1_sample-1__model.cif,protein_Cterm:U76,A,True,,35.966,0,,,,5,31,,,,477;478;479;480;515;574;575;576;577;578;581;582;597;598;599;600;601;604;605;606;608;617;618;619;621;622;623;626;889;891;926
uba1_cys_ub76_no_ube2w,uba1_cys_ub76_no_ube2w__seed-1_sample-2__model.cif,protein_Cterm:U76,A,True,,35.722,0,,,,5,31,,,,477;478;479;480;515;574;575;576;577;578;581;598;599;600;601;604;605;606;608;617;618;619;621;622;623;624;625;626;891;898;926
uba1_cys_ub76_no_ube2w,uba1_cys_ub76_no_ube2w__seed-1_sample-3__model.cif,protein_Cterm:U76,A,True,,35.792,0,,,,6,31,,,,477;478;479;480;515;574;575;576;577;578;581;597;598;599;600;601;604;605;606;608;617;618;619;621;622;623;624;625;626;891;926
uba1_cys_ub76_no_ube2w,uba1_cys_ub76_no_ube2w__seed-1_sample-4__model.cif,protein_Cterm:U76,A,True,,35.494,0,,,,5,29,,,,477;478;479;480;574;575;576;577;578;581;597;598;599;600;601;604;605;606;608;617;618;619;621;622;623;626;889;891;926
uba1_cys_ub76_no_ube2w,uba1_cys_ub76_no_ube2w__seed-20_sample-0__model.cif,protein_Cterm:U76,A,True,,35.61,0,,,,5,31,,,,477;478;479;480;515;574;575;576;577;578;581;597;598;599;600;601;604;605;606;608;617;618;619;621;622;623;626;889;891;898;926
uba1_cys_ub76_no_ube2w,uba1_cys_ub76_no_ube2w__seed-20_sample-1__model.cif,protein_Cterm:U76,A,True,,35.747,0,,,,5,29,,,,477;478;479;480;515;574;575;576;577;578;581;597;598;599;600;601;604;605;606;608;617;618;619;621;622;623;626;891;926
uba1_cys_ub76_no_ube2w,uba1_cys_ub76_no_ube2w__seed-20_sample-2__model.cif,protein_Cterm:U76,A,True,,35.501,0,,,,6,29,,,,477;478;479;480;574;575;576;577;578;581;597;598;599;600;601;604;605;606;608;617;618;619;621;622;623;626;889;891;926
uba1_cys_ub76_no_ube2w,uba1_cys_ub76_no_ube2w__seed-20_sample-3__model.cif,protein_Cterm:U76,A,True,,35.632,0,,,,6,30,,,,477;478;479;480;515;574;575;576;577;578;581;597;598;599;600;601;604;605;606;608;617;618;619;621;622;623;626;891;898;926
uba1_cys_ub76_no_ube2w,uba1_cys_ub76_no_ube2w__seed-20_sample-4__model.cif,protein_Cterm:U76,A,True,,35.582,0,,,,5,31,,,,477;478;479;480;574;575;576;577;578;581;597;598;599;600;601;604;605;606;608;617;618;619;621;622;623;624;625;626;891;898;926
uba1_cys_ub76_no_ube2w,uba1_cys_ub76_no_ube2w__seed-21_sample-0__model.cif,protein_Cterm:U76,A,True,,34.1,0,,,,5,29,,,,477;478;479;480;515;574;575;576;577;578;581;597;598;599;600;601;604;605;606;608;617;618;619;621;622;623;626;891;926
uba1_cys_ub76_no_ube2w,uba1_cys_ub76_no_ube2w__seed-21_sample-1__model.cif,protein_Cterm:U76,A,True,,34.005,0,,,,5,30,,,,477;478;479;480;515;574;575;576;577;578;581;582;597;598;599;600;601;604;605;606;608;617;618;619;621;622;623;626;891;926
uba1_cys_ub76_no_ube2w,uba1_cys_ub76_no_ube2w__seed-21_sample-2__model.cif,protein_Cterm:U76,A,True,,34.283,0,,,,6,28,,,,477;478;479;480;574;575;576;577;578;581;597;598;599;600;601;604;605;606;608;617;618;619;621;622;623;626;891;926
uba1_cys_ub76_no_ube2w,uba1_cys_ub76_no_ube2w__seed-21_sample-3__model.cif,protein_Cterm:U76,A,True,,35.812,0,,,,5,31,,,,477;478;479;480;515;574;575;576;577;578;581;597;598;599;600;601;604;605;606;608;617;618;619;621;622;623;626;889;891;898;926
uba1_cys_ub76_no_ube2w,uba1_cys_ub76_no_ube2w__seed-21_sample-4__model.cif,protein_Cterm:U76,A,True,,34.103,0,,,,4,29,,,,477;478;479;480;515;574;575;576;577;578;581;597;598;599;600;601;604;605;606;608;617;618;619;621;622;623;626;891;926
uba1_cys_ub76_no_ube2w,uba1_cys_ub76_no_ube2w__seed-22_sample-0__model.cif,protein_Cterm:U76,A,True,,35.349,0,,,,6,28,,,,477;478;479;480;574;575;576;577;578;581;597;598;599;600;601;604;605;606;608;617;618;619;621;622;623;626;891;926
uba1_cys_ub76_no_ube2w,uba1_cys_ub76_no_ube2w__seed-22_sample-1__model.cif,protein_Cterm:U76,A,True,,35.591,0,,,,6,31,,,,477;478;479;480;515;574;575;576;577;578;581;597;598;599;600;601;604;605;606;608;617;618;619;621;622;623;626;889;891;898;926
uba1_cys_ub76_no_ube2w,uba1_cys_ub76_no_ube2w__seed-22_sample-2__model.cif,protein_Cterm:U76,A,True,,35.468,0,,,,6,27,,,,477;478;479;480;574;575;576;577;578;581;598;599;600;601;604;605;606;608;617;618;619;621;622;623;626;891;926
uba1_cys_ub76_no_ube2w,uba1_cys_ub76_no_ube2w__seed-22_sample-3__model.cif,protein_Cterm:U76,A,True,,35.856,0,,,,6,31,,,,477;478;479;480;515;574;575;576;577;578;581;597;598;599;600;601;604;605;606;608;617;618;619;621;622;623;626;889;891;898;926
uba1_cys_ub76_no_ube2w,uba1_cys_ub76_no_ube2w__seed-22_sample-4__model.cif,protein_Cterm:U76,A,True,,35.716,0,,,,5,31,,,,477;478;479;480;515;574;575;576;577;578;581;597;598;599;600;601;604;605;606;608;617;618;619;621;622;623;624;625;626;891;926
uba1_cys_ub76_no_ube2w,uba1_cys_ub76_no_ube2w__seed-23_sample-0__model.cif,protein_Cterm:U76,A,True,,35.49,0,,,,6,31,,,,477;478;479;480;515;574;575;576;577;578;581;597;598;599;600;601;604;605;606;608;617;618;619;621;622;623;624;625;626;891;926
uba1_cys_ub76_no_ube2w,uba1_cys_ub76_no_ube2w__seed-23_sample-1__model.cif,protein_Cterm:U76,A,True,,35.824,0,,,,7,30,,,,477;478;479;480;515;574;575;576;577;578;581;597;598;599;600;601;604;605;606;608;617;618;619;621;622;623;626;891;898;926
uba1_cys_ub76_no_ube2w,uba1_cys_ub76_no_ube2w__seed-23_sample-2__model.cif,protein_Cterm:U76,A,True,,35.822,0,,,,5,31,,,,477;478;479;480;515;574;575;576;577;578;581;582;597;598;599;600;601;604;605;606;608;617;618;619;621;622;623;626;891;898;926
uba1_cys_ub76_no_ube2w,uba1_cys_ub76_no_ube2w__seed-23_sample-3__model.cif,protein_Cterm:U76,A,True,,35.391,0,,,,6,28,,,,477;478;479;480;574;575;576;577;578;581;598;599;600;601;604;605;606;608;617;618;619;621;622;623;626;891;898;926
uba1_cys_ub76_no_ube2w,uba1_cys_ub76_no_ube2w__seed-23_sample-4__model.cif,protein_Cterm:U76,A,True,,35.275,0,,,,9,30,,,,477;478;479;480;515;574;575;576;577;578;581;597;598;599;600;601;604;605;606;608;617;618;619;621;622;623;626;889;891;926
uba1_cys_ub76_no_ube2w,uba1_cys_ub76_no_ube2w__seed-24_sample-0__model.cif,protein_Cterm:U76,A,True,,35.576,0,,,,6,27,,,,477;478;479;480;574;575;576;577;578;581;598;599;600;601;604;605;606;608;617;618;619;621;622;623;626;891;926
uba1_cys_ub76_no_ube2w,uba1_cys_ub76_no_ube2w__seed-24_sample-1__model.cif,protein_Cterm:U76,A,True,,35.586,0,,,,8,30,,,,477;478;479;480;515;574;575;576;577;578;581;597;598;599;600;601;604;605;606;608;617;618;619;621;622;623;626;889;891;926
uba1_cys_ub76_no_ube2w,uba1_cys_ub76_no_ube2w__seed-24_sample-2__model.cif,protein_Cterm:U76,A,True,,35.879,0,,,,4,29,,,,477;478;479;480;515;574;575;576;577;578;581;597;598;599;600;601;604;605;606;608;617;618;619;621;622;623;626;891;926
uba1_cys_ub76_no_ube2w,uba1_cys_ub76_no_ube2w__seed-24_sample-3__model.cif,protein_Cterm:U76,A,True,,35.774,0,,,,8,29,,,,477;478;479;480;574;575;576;577;578;581;597;598;599;600;601;604;605;606;608;617;618;619;621;622;623;626;891;898;926
uba1_cys_ub76_no_ube2w,uba1_cys_ub76_no_ube2w__seed-24_sample-4__model.cif,protein_Cterm:U76,A,True,,33.94,0,,,,5,32,,,,477;478;479;480;515;574;575;576;577;578;581;597;598;599;600;601;604;605;606;608;617;618;619;621;622;623;624;625;626;891;898;926
uba1_cys_ub76_no_ube2w,uba1_cys_ub76_no_ube2w__seed-25_sample-0__model.cif,protein_Cterm:U76,A,True,,34.007,0,,,,6,30,,,,477;478;479;480;515;574;575;576;577;578;581;597;598;599;600;601;604;605;606;608;617;618;619;621;622;623;626;889;891;926
uba1_cys_ub76_no_ube2w,uba1_cys_ub76_no_ube2w__seed-25_sample-1__model.cif,protein_Cterm:U76,A,True,,34.111,0,,,,6,29,,,,477;478;479;480;574;575;576;577;578;581;597;598;599;600;601;604;605;606;608;617;618;619;621;622;623;626;889;891;926
uba1_cys_ub76_no_ube2w,uba1_cys_ub76_no_ube2w__seed-25_sample-2__model.cif,protein_Cterm:U76,A,True,,35.509,0,,,,4,30,,,,477;478;479;480;515;574;575;576;577;578;581;597;598;599;600;601;604;605;606;608;617;618;619;621;622;623;626;889;891;926
uba1_cys_ub76_no_ube2w,uba1_cys_ub76_no_ube2w__seed-25_sample-3__model.cif,protein_Cterm:U76,A,True,,35.594,0,,,,6,31,,,,477;478;479;480;515;574;575;576;577;578;581;597;598;599;600;601;604;605;606;608;617;618;619;621;622;623;626;889;891;898;926
uba1_cys_ub76_no_ube2w,uba1_cys_ub76_no_ube2w__seed-25_sample-4__model.cif,protein_Cterm:U76,A,True,,35.98,0,,,,5,32,,,,477;478;479;480;515;574;575;576;577;578;581;597;598;599;600;601;604;605;606;608;617;618;619;621;622;623;624;625;626;891;898;926
uba1_cys_ub76_no_ube2w,uba1_cys_ub76_no_ube2w__seed-2_sample-0__model.cif,protein_Cterm:U76,A,True,,35.739,0,,,,6,30,,,,477;478;479;480;574;575;576;577;578;581;597;598;599;600;601;604;605;606;608;617;618;619;621;622;623;624;625;626;891;926
uba1_cys_ub76_no_ube2w,uba1_cys_ub76_no_ube2w__seed-2_sample-1__model.cif,protein_Cterm:U76,A,True,,35.632,0,,,,4,32,,,,477;478;479;480;515;574;575;576;577;578;581;597;598;599;600;601;604;605;606;608;617;618;619;621;622;623;624;625;626;891;898;926
uba1_cys_ub76_no_ube2w,uba1_cys_ub76_no_ube2w__seed-2_sample-2__model.cif,protein_Cterm:U76,A,True,,35.701,0,,,,4,32,,,,477;478;479;480;515;574;575;576;577;578;581;597;598;599;600;601;604;605;606;608;617;618;619;621;622;623;624;625;626;891;898;926
uba1_cys_ub76_no_ube2w,uba1_cys_ub76_no_ube2w__seed-2_sample-3__model.cif,protein_Cterm:U76,A,True,,35.582,0,,,,4,30,,,,477;478;479;480;574;575;576;577;578;581;598;599;600;601;604;605;606;608;617;618;619;621;622;623;624;625;626;891;898;926
uba1_cys_ub76_no_ube2w,uba1_cys_ub76_no_ube2w__seed-2_sample-4__model.cif,protein_Cterm:U76,A,True,,36.027,0,,,,4,29,,,,477;478;479;480;515;574;575;576;577;578;581;597;598;599;600;601;604;605;606;608;617;618;619;621;622;623;626;891;926
uba1_cys_ub76_no_ube2w,uba1_cys_ub76_no_ube2w__seed-3_sample-0__model.cif,protein_Cterm:U76,A,True,,35.555,0,,,,8,30,,,,477;478;479;480;574;575;576;577;578;581;598;599;600;601;604;605;606;608;617;618;619;621;622;623;624;625;626;891;898;926
uba1_cys_ub76_no_ube2w,uba1_cys_ub76_no_ube2w__seed-3_sample-1__model.cif,protein_Cterm:U76,A,True,,35.598,0,,,,7,30,,,,477;478;479;480;515;574;575;576;577;578;581;597;598;599;600;601;604;605;606;608;617;618;619;621;622;623;626;891;898;926
uba1_cys_ub76_no_ube2w,uba1_cys_ub76_no_ube2w__seed-3_sample-2__model.cif,protein_Cterm:U76,A,True,,35.515,0,,,,7,29,,,,477;478;479;480;574;575;576;577;578;581;597;598;599;600;601;604;605;606;608;617;618;619;621;622;623;626;891;898;926
uba1_cys_ub76_no_ube2w,uba1_cys_ub76_no_ube2w__seed-3_sample-3__model.cif,protein_Cterm:U76,A,True,,34.137,0,,,,5,30,,,,477;478;479;480;574;575;576;577;578;581;597;598;599;600;601;604;605;606;608;617;618;619;621;622;623;624;625;626;891;926
uba1_cys_ub76_no_ube2w,uba1_cys_ub76_no_ube2w__seed-3_sample-4__model.cif,protein_Cterm:U76,A,True,,35.917,0,,,,4,29,,,,477;478;479;480;515;574;575;576;577;578;581;597;598;599;600;601;604;605;606;608;617;618;619;621;622;623;626;891;926
uba1_cys_ub76_no_ube2w,uba1_cys_ub76_no_ube2w__seed-4_sample-0__model.cif,protein_Cterm:U76,A,True,,35.608,0,,,,7,29,,,,477;478;479;480;515;574;575;576;577;578;581;598;599;600;601;604;605;606;608;617;618;619;621;622;623;626;889;891;926
uba1_cys_ub76_no_ube2w,uba1_cys_ub76_no_ube2w__seed-4_sample-1__model.cif,protein_Cterm:U76,A,True,,34.033,0,,,,7,30,,,,477;478;479;480;515;574;575;576;577;578;581;597;598;599;600;601;604;605;606;608;617;618;619;621;622;623;626;889;891;926
uba1_cys_ub76_no_ube2w,uba1_cys_ub76_no_ube2w__seed-4_sample-2__model.cif,protein_Cterm:U76,A,True,,35.832,0,,,,5,31,,,,477;478;479;480;515;574;575;576;577;578;581;582;597;598;599;600;601;604;605;606;608;617;618;619;621;622;623;626;889;891;926
uba1_cys_ub76_no_ube2w,uba1_cys_ub76_no_ube2w__seed-4_sample-3__model.cif,protein_Cterm:U76,A,True,,35.289,0,,,,6,28,,,,477;478;479;480;574;575;576;577;578;581;597;598;599;600;601;604;605;606;608;617;618;619;621;622;623;626;891;926
uba1_cys_ub76_no_ube2w,uba1_cys_ub76_no_ube2w__seed-4_sample-4__model.cif,protein_Cterm:U76,A,True,,35.706,0,,,,6,32,,,,477;478;479;480;515;574;575;576;577;578;581;597;598;599;600;601;604;605;606;608;617;618;619;621;622;623;624;625;626;891;898;926
uba1_cys_ub76_no_ube2w,uba1_cys_ub76_no_ube2w__seed-5_sample-0__model.cif,protein_Cterm:U76,A,True,,35.778,0,,,,6,28,,,,477;478;479;480;574;575;576;577;578;581;597;598;599;600;601;604;605;606;608;617;618;619;621;622;623;626;891;926
uba1_cys_ub76_no_ube2w,uba1_cys_ub76_no_ube2w__seed-5_sample-1__model.cif,protein_Cterm:U76,A,True,,34.294,0,,,,7,29,,,,477;478;479;480;574;575;576;577;578;581;597;598;599;600;601;604;605;606;608;617;618;619;621;622;623;626;891;898;926
uba1_cys_ub76_no_ube2w,uba1_cys_ub76_no_ube2w__seed-5_sample-2__model.cif,protein_Cterm:U76,A,True,,35.656,0,,,,5,30,,,,477;478;479;480;574;575;576;577;578;581;597;598;599;600;601;604;605;606;608;617;618;619;621;622;623;624;625;626;891;926
uba1_cys_ub76_no_ube2w,uba1_cys_ub76_no_ube2w__seed-5_sample-3__model.cif,protein_Cterm:U76,A,True,,35.626,0,,,,5,29,,,,477;478;479;480;515;574;575;576;577;578;581;597;598;599;600;601;604;605;606;608;617;618;619;621;622;623;626;891;926
uba1_cys_ub76_no_ube2w,uba1_cys_ub76_no_ube2w__seed-5_sample-4__model.cif,protein_Cterm:U76,A,True,,35.731,0,,,,4,29,,,,477;478;479;480;515;574;575;576;577;578;581;597;598;599;600;601;604;605;606;608;617;618;619;621;622;623;626;891;926
uba1_cys_ub76_no_ube2w,uba1_cys_ub76_no_ube2w__seed-6_sample-0__model.cif,protein_Cterm:U76,A,True,,35.825,0,,,,6,30,,,,477;478;479;480;515;574;575;576;577;578;581;597;598;599;600;601;604;605;606;608;617;618;619;621;622;623;626;889;891;926
uba1_cys_ub76_no_ube2w,uba1_cys_ub76_no_ube2w__seed-6_sample-1__model.cif,protein_Cterm:U76,A,True,,35.6,0,,,,5,30,,,,477;478;479;480;515;574;575;576;577;578;581;598;599;600;601;604;605;606;608;617;618;619;621;622;623;624;625;626;891;926
uba1_cys_ub76_no_ube2w,uba1_cys_ub76_no_ube2w__seed-6_sample-2__model.cif,protein_Cterm:U76,A,True,,35.943,0,,,,4,31,,,,477;478;479;480;515;574;575;576;577;578;581;597;598;599;600;601;604;605;606;608;617;618;619;621;622;623;624;625;626;891;926
uba1_cys_ub76_no_ube2w,uba1_cys_ub76_no_ube2w__seed-6_sample-3__model.cif,protein_Cterm:U76,A,True,,35.75,0,,,,4,32,,,,477;478;479;480;515;574;575;576;577;578;581;582;597;598;599;600;601;604;605;606;608;617;618;619;621;622;623;624;625;626;891;926
uba1_cys_ub76_no_ube2w,uba1_cys_ub76_no_ube2w__seed-6_sample-4__model.cif,protein_Cterm:U76,A,True,,35.702,0,,,,5,31,,,,477;478;479;480;515;574;575;576;577;578;581;597;598;599;600;601;604;605;606;608;617;618;619;621;622;623;624;625;626;891;926
uba1_cys_ub76_no_ube2w,uba1_cys_ub76_no_ube2w__seed-7_sample-0__model.cif,protein_Cterm:U76,A,True,,34.154,0,,,,5,32,,,,477;478;479;480;515;574;575;576;577;578;581;597;598;599;600;601;604;605;606;608;617;618;619;621;622;623;624;625;626;891;898;926
uba1_cys_ub76_no_ube2w,uba1_cys_ub76_no_ube2w__seed-7_sample-1__model.cif,protein_Cterm:U76,A,True,,34.088,0,,,,5,30,,,,477;478;479;480;574;575;576;577;578;581;597;598;599;600;601;604;605;606;608;617;618;619;621;622;623;624;625;626;891;926
uba1_cys_ub76_no_ube2w,uba1_cys_ub76_no_ube2w__seed-7_sample-2__model.cif,protein_Cterm:U76,A,True,,33.774,0,,,,6,29,,,,477;478;479;480;574;575;576;577;578;581;597;598;599;600;601;604;605;606;608;617;618;619;621;622;623;626;889;891;926
uba1_cys_ub76_no_ube2w,uba1_cys_ub76_no_ube2w__seed-7_sample-3__model.cif,protein_Cterm:U76,A,True,,35.571,0,,,,5,30,,,,477;478;479;480;574;575;576;577;578;581;597;598;599;600;601;604;605;606;608;617;618;619;621;622;623;624;625;626;891;926
uba1_cys_ub76_no_ube2w,uba1_cys_ub76_no_ube2w__seed-7_sample-4__model.cif,protein_Cterm:U76,A,True,,35.561,0,,,,4,32,,,,477;478;479;480;515;574;575;576;577;578;581;582;597;598;599;600;601;604;605;606;608;617;618;619;621;622;623;624;625;626;891;926
uba1_cys_ub76_no_ube2w,uba1_cys_ub76_no_ube2w__seed-8_sample-0__model.cif,protein_Cterm:U76,A,True,,35.787,0,,,,6,31,,,,477;478;479;480;515;574;575;576;577;578;581;582;597;598;599;600;601;604;605;606;608;617;618;619;621;622;623;626;889;891;926
uba1_cys_ub76_no_ube2w,uba1_cys_ub76_no_ube2w__seed-8_sample-1__model.cif,protein_Cterm:U76,A,True,,35.622,0,,,,5,28,,,,477;478;479;480;515;574;575;576;577;578;581;598;599;600;601;604;605;606;608;617;618;619;621;622;623;626;891;926
uba1_cys_ub76_no_ube2w,uba1_cys_ub76_no_ube2w__seed-8_sample-2__model.cif,protein_Cterm:U76,A,True,,35.815,0,,,,4,31,,,,477;478;479;480;515;574;575;576;577;578;581;597;598;599;600;601;604;605;606;608;617;618;619;621;622;623;624;625;626;891;926
uba1_cys_ub76_no_ube2w,uba1_cys_ub76_no_ube2w__seed-8_sample-3__model.cif,protein_Cterm:U76,A,True,,33.963,0,,,,6,29,,,,477;478;479;480;515;574;575;576;577;578;581;597;598;599;600;601;604;605;606;608;617;618;619;621;622;623;626;891;926
uba1_cys_ub76_no_ube2w,uba1_cys_ub76_no_ube2w__seed-8_sample-4__model.cif,protein_Cterm:U76,A,True,,34.206,0,,,,6,30,,,,477;478;479;480;574;575;576;577;578;581;582;597;598;599;600;601;604;605;606;608;617;618;619;621;622;623;626;889;891;926
uba1_cys_ub76_no_ube2w,uba1_cys_ub76_no_ube2w__seed-9_sample-0__model.cif,protein_Cterm:U76,A,True,,35.827,0,,,,3,31,,,,477;478;479;480;515;574;575;576;577;578;581;597;598;599;600;601;604;605;606;608;617;618;619;621;622;623;624;625;626;891;926
uba1_cys_ub76_no_ube2w,uba1_cys_ub76_no_ube2w__seed-9_sample-1__model.cif,protein_Cterm:U76,A,True,,34.323,0,,,,5,29,,,,477;478;479;480;515;574;575;576;577;578;581;597;598;599;600;601;604;605;606;608;617;618;619;621;622;623;626;891;926
uba1_cys_ub76_no_ube2w,uba1_cys_ub76_no_ube2w__seed-9_sample-2__model.cif,protein_Cterm:U76,A,True,,35.572,0,,,,5,29,,,,477;478;479;480;574;575;576;577;578;581;597;598;599;600;601;604;605;606;608;617;618;619;621;622;623;626;889;891;926
uba1_cys_ub76_no_ube2w,uba1_cys_ub76_no_ube2w__seed-9_sample-3__model.cif,protein_Cterm:U76,A,True,,35.394,0,,,,5,28,,,,477;478;479;480;574;575;576;577;578;581;597;598;599;600;601;604;605;606;608;617;618;619;621;622;623;626;891;926
uba1_cys_ub76_no_ube2w,uba1_cys_ub76_no_ube2w__seed-9_sample-4__model.cif,protein_Cterm:U76,A,True,,34.084,0,,,,5,28,,,,477;478;479;480;574;575;576;577;578;581;597;598;599;600;601;604;605;606;608;617;618;619;621;622;623;626;891;926
uba1_thio_ub75_no_ube2w,uba1_thio_ub75_no_ube2w__seed-10_sample-0__model.cif,UBG1:C1,A,True,,1.494,2,1.494,True,359.66,1,8,,,,575;576;581;599;600;630;631;632
uba1_thio_ub75_no_ube2w,uba1_thio_ub75_no_ube2w__seed-10_sample-1__model.cif,UBG1:C1,A,True,,1.448,2,1.448,True,359.82,1,9,,,,479;575;576;581;599;600;630;631;632
uba1_thio_ub75_no_ube2w,uba1_thio_ub75_no_ube2w__seed-10_sample-2__model.cif,UBG1:C1,A,True,,1.445,2,1.445,True,358.49,1,8,,,,575;576;581;599;600;630;631;632
uba1_thio_ub75_no_ube2w,uba1_thio_ub75_no_ube2w__seed-10_sample-3__model.cif,UBG1:C1,A,True,,1.524,2,1.524,True,359.81,1,9,,,,479;575;576;581;599;600;630;631;632
uba1_thio_ub75_no_ube2w,uba1_thio_ub75_no_ube2w__seed-10_sample-4__model.cif,UBG1:C1,A,True,,1.497,2,1.497,True,360.0,1,9,,,,479;575;576;581;599;600;630;631;632
uba1_thio_ub75_no_ube2w,uba1_thio_ub75_no_ube2w__seed-11_sample-0__model.cif,UBG1:C1,A,True,,1.452,2,1.452,True,355.56,1,6,,,,575;576;581;600;630;632
uba1_thio_ub75_no_ube2w,uba1_thio_ub75_no_ube2w__seed-11_sample-1__model.cif,UBG1:C1,A,True,,1.47,2,1.47,True,355.15,1,8,,,,575;576;581;600;601;630;631;632
uba1_thio_ub75_no_ube2w,uba1_thio_ub75_no_ube2w__seed-11_sample-2__model.cif,UBG1:C1,A,True,,1.487,2,1.487,True,357.57,1,8,,,,479;575;576;581;600;630;631;632
uba1_thio_ub75_no_ube2w,uba1_thio_ub75_no_ube2w__seed-11_sample-3__model.cif,UBG1:C1,A,True,,1.538,2,1.538,True,358.43,1,9,,,,479;575;576;581;599;600;630;631;632
uba1_thio_ub75_no_ube2w,uba1_thio_ub75_no_ube2w__seed-11_sample-4__model.cif,UBG1:C1,A,True,,1.495,2,1.495,True,357.37,1,8,,,,479;575;576;581;600;630;631;632
uba1_thio_ub75_no_ube2w,uba1_thio_ub75_no_ube2w__seed-12_sample-0__model.cif,UBG1:C1,A,True,,1.55,2,1.55,True,359.87,1,11,,,,479;575;576;581;599;600;630;631;632;633;893
uba1_thio_ub75_no_ube2w,uba1_thio_ub75_no_ube2w__seed-12_sample-1__model.cif,UBG1:C1,A,True,,1.561,2,1.561,True,359.78,1,11,,,,479;575;576;581;599;600;630;631;632;633;893
uba1_thio_ub75_no_ube2w,uba1_thio_ub75_no_ube2w__seed-12_sample-2__model.cif,UBG1:C1,A,True,,1.585,2,1.585,True,356.2,1,9,,,,479;575;576;581;599;600;630;632;633
uba1_thio_ub75_no_ube2w,uba1_thio_ub75_no_ube2w__seed-12_sample-3__model.cif,UBG1:C1,A,True,,1.509,2,1.509,True,359.96,1,10,,,,575;576;581;599;600;630;631;632;633;893
uba1_thio_ub75_no_ube2w,uba1_thio_ub75_no_ube2w__seed-12_sample-4__model.cif,UBG1:C1,A,True,,1.528,2,1.528,True,359.73,2,11,,,,479;575;576;581;599;600;630;631;632;633;893
uba1_thio_ub75_no_ube2w,uba1_thio_ub75_no_ube2w__seed-13_sample-0__model.cif,UBG1:C1,A,True,,1.511,2,1.511,True,355.62,1,10,,,,479;575;576;581;599;600;601;630;631;632
uba1_thio_ub75_no_ube2w,uba1_thio_ub75_no_ube2w__seed-13_sample-1__model.cif,UBG1:C1,A,True,,1.477,2,1.477,True,358.62,1,8,,,,479;575;576;581;600;630;631;632
uba1_thio_ub75_no_ube2w,uba1_thio_ub75_no_ube2w__seed-13_sample-2__model.cif,UBG1:C1,A,True,,1.548,2,1.548,True,358.85,1,8,,,,479;575;576;581;599;600;630;632
uba1_thio_ub75_no_ube2w,uba1_thio_ub75_no_ube2w__seed-13_sample-3__model.cif,UBG1:C1,A,True,,1.518,2,1.518,True,359.47,1,9,,,,479;575;576;581;599;600;630;631;632
uba1_thio_ub75_no_ube2w,uba1_thio_ub75_no_ube2w__seed-13_sample-4__model.cif,UBG1:C1,A,True,,1.418,2,1.418,True,359.56,1,8,,,,575;576;581;599;600;630;631;632
uba1_thio_ub75_no_ube2w,uba1_thio_ub75_no_ube2w__seed-14_sample-0__model.cif,UBG1:C1,A,True,,1.487,2,1.487,True,356.63,1,8,,,,575;576;581;600;601;630;631;632
uba1_thio_ub75_no_ube2w,uba1_thio_ub75_no_ube2w__seed-14_sample-1__model.cif,UBG1:C1,A,True,,1.455,2,1.455,True,359.13,1,7,,,,575;576;581;600;630;631;632
uba1_thio_ub75_no_ube2w,uba1_thio_ub75_no_ube2w__seed-14_sample-2__model.cif,UBG1:C1,A,True,,1.483,2,1.483,True,359.61,2,8,,,,575;576;581;600;601;630;631;632
uba1_thio_ub75_no_ube2w,uba1_thio_ub75_no_ube2w__seed-14_sample-3__model.cif,UBG1:C1,A,True,,1.546,2,1.546,True,359.99,1,8,,,,479;575;576;581;599;600;630;632
uba1_thio_ub75_no_ube2w,uba1_thio_ub75_no_ube2w__seed-14_sample-4__model.cif,UBG1:C1,A,True,,1.469,2,1.469,True,354.98,1,9,,,,479;575;576;581;599;600;630;631;632
uba1_thio_ub75_no_ube2w,uba1_thio_ub75_no_ube2w__seed-15_sample-0__model.cif,UBG1:C1,A,True,,1.506,2,1.506,True,354.34,1,11,,,,575;576;581;599;600;601;630;631;632;633;893
uba1_thio_ub75_no_ube2w,uba1_thio_ub75_no_ube2w__seed-15_sample-1__model.cif,UBG1:C1,A,True,,1.493,2,1.493,True,350.02,1,8,,,,576;581;600;601;630;631;632;891
uba1_thio_ub75_no_ube2w,uba1_thio_ub75_no_ube2w__seed-15_sample-2__model.cif,UBG1:C1,A,True,,1.51,2,1.51,True,359.26,1,11,,,,575;576;581;599;600;601;630;631;632;891;893
uba1_thio_ub75_no_ube2w,uba1_thio_ub75_no_ube2w__seed-15_sample-3__model.cif,UBG1:C1,A,True,,1.614,2,1.614,True,352.58,1,10,,,,479;575;576;581;599;600;630;631;632;893
uba1_thio_ub75_no_ube2w,uba1_thio_ub75_no_ube2w__seed-15_sample-4__model.cif,UBG1:C1,A,True,,1.504,2,1.504,True,359.81,1,7,,,,576;581;600;601;630;631;632
uba1_thio_ub75_no_ube2w,uba1_thio_ub75_no_ube2w__seed-16_sample-0__model.cif,UBG1:C1,A,True,,1.522,2,1.522,True,359.78,1,9,,,,479;575;576;581;599;600;630;631;632
uba1_thio_ub75_no_ube2w,uba1_thio_ub75_no_ube2w__seed-16_sample-1__model.cif,UBG1:C1,A,True,,1.451,2,1.451,True,359.29,1,9,,,,479;575;576;581;599;600;630;631;632
uba1_thio_ub75_no_ube2w,uba1_thio_ub75_no_ube2w__seed-16_sample-2__model.cif,UBG1:C1,A,True,,1.504,2,1.504,True,359.36,1,9,,,,479;575;576;581;599;600;630;631;632
uba1_thio_ub75_no_ube2w,uba1_thio_ub75_no_ube2w__seed-16_sample-3__model.cif,UBG1:C1,A,True,,1.412,2,1.412,True,359.9,2,9,,,,575;576;581;599;600;601;630;631;632
uba1_thio_ub75_no_ube2w,uba1_thio_ub75_no_ube2w__seed-16_sample-4__model.cif,UBG1:C1,A,True,,1.461,2,1.461,True,359.93,1,8,,,,575;576;581;599;600;630;631;632
uba1_thio_ub75_no_ube2w,uba1_thio_ub75_no_ube2w__seed-17_sample-0__model.cif,UBG1:C1,A,True,,1.479,2,1.479,True,356.97,2,10,,,,479;575;576;581;599;600;601;630;631;632
uba1_thio_ub75_no_ube2w,uba1_thio_ub75_no_ube2w__seed-17_sample-1__model.cif,UBG1:C1,A,True,,1.5,2,1.5,True,359.75,1,9,,,,479;575;576;581;599;600;630;631;632
uba1_thio_ub75_no_ube2w,uba1_thio_ub75_no_ube2w__seed-17_sample-2__model.cif,UBG1:C1,A,True,,1.5,2,1.5,True,359.31,1,6,,,,576;581;600;630;631;632
uba1_thio_ub75_no_ube2w,uba1_thio_ub75_no_ube2w__seed-17_sample-3__model.cif,UBG1:C1,A,True,,1.426,2,1.426,True,359.6,1,8,,,,575;576;581;599;600;630;631;632
uba1_thio_ub75_no_ube2w,uba1_thio_ub75_no_ube2w__seed-17_sample-4__model.cif,UBG1:C1,A,True,,1.557,2,1.557,True,358.42,1,9,,,,479;575;576;581;598;599;600;630;632
uba1_thio_ub75_no_ube2w,uba1_thio_ub75_no_ube2w__seed-18_sample-0__model.cif,UBG1:C1,A,True,,1.484,2,1.484,True,359.76,1,8,,,,575;576;581;599;600;630;631;632
uba1_thio_ub75_no_ube2w,uba1_thio_ub75_no_ube2w__seed-18_sample-1__model.cif,UBG1:C1,A,True,,1.437,2,1.437,True,359.18,1,8,,,,575;576;581;599;600;630;631;632
uba1_thio_ub75_no_ube2w,uba1_thio_ub75_no_ube2w__seed-18_sample-2__model.cif,UBG1:C1,A,True,,1.466,2,1.466,True,357.92,1,11,,,,479;575;576;581;599;600;601;630;631;632;893
uba1_thio_ub75_no_ube2w,uba1_thio_ub75_no_ube2w__seed-18_sample-3__model.cif,UBG1:C1,A,True,,1.511,2,1.511,True,357.36,2,9,,,,576;581;600;601;630;631;632;891;893
uba1_thio_ub75_no_ube2w,uba1_thio_ub75_no_ube2w__seed-18_sample-4__model.cif,UBG1:C1,A,True,,1.428,2,1.428,True,357.04,1,8,,,,575;576;581;600;601;630;631;632
uba1_thio_ub75_no_ube2w,uba1_thio_ub75_no_ube2w__seed-19_sample-0__model.cif,UBG1:C1,A,True,,1.548,2,1.548,True,359.63,1,10,,,,575;576;581;599;600;630;631;632;633;893
uba1_thio_ub75_no_ube2w,uba1_thio_ub75_no_ube2w__seed-19_sample-1__model.cif,UBG1:C1,A,True,,1.544,2,1.544,True,359.92,1,11,,,,479;575;576;581;599;600;630;631;632;633;893
uba1_thio_ub75_no_ube2w,uba1_thio_ub75_no_ube2w__seed-19_sample-2__model.cif,UBG1:C1,A,True,,1.572,2,1.572,True,351.17,1,9,,,,479;575;576;581;599;600;630;632;633
uba1_thio_ub75_no_ube2w,uba1_thio_ub75_no_ube2w__seed-19_sample-3__model.cif,UBG1:C1,A,True,,1.54,2,1.54,True,360.0,1,10,,,,575;576;581;599;600;630;631;632;633;893
uba1_thio_ub75_no_ube2w,uba1_thio_ub75_no_ube2w__seed-19_sample-4__model.cif,UBG1:C1,A,True,,1.545,2,1.545,True,357.75,1,11,,,,479;575;576;581;599;600;630;631;632;633;893
uba1_thio_ub75_no_ube2w,uba1_thio_ub75_no_ube2w__seed-1_sample-0__model.cif,UBG1:C1,A,True,,1.497,2,1.497,True,358.72,1,8,,,,479;575;576;581;599;600;630;632
uba1_thio_ub75_no_ube2w,uba1_thio_ub75_no_ube2w__seed-1_sample-1__model.cif,UBG1:C1,A,True,,1.525,2,1.525,True,358.44,1,8,,,,479;575;576;581;599;600;630;632
uba1_thio_ub75_no_ube2w,uba1_thio_ub75_no_ube2w__seed-1_sample-2__model.cif,UBG1:C1,A,True,,1.521,2,1.521,True,351.43,2,9,,,,575;576;581;599;600;601;630;631;632
uba1_thio_ub75_no_ube2w,uba1_thio_ub75_no_ube2w__seed-1_sample-3__model.cif,UBG1:C1,A,True,,1.499,2,1.499,True,353.96,2,7,,,,575;576;581;600;601;630;632
uba1_thio_ub75_no_ube2w,uba1_thio_ub75_no_ube2w__seed-1_sample-4__model.cif,UBG1:C1,A,True,,1.489,2,1.489,True,352.94,1,8,,,,575;576;581;599;600;630;631;632
uba1_thio_ub75_no_ube2w,uba1_thio_ub75_no_ube2w__seed-20_sample-0__model.cif,UBG1:C1,A,True,,1.495,2,1.495,True,359.48,1,9,,,,479;575;576;581;599;600;630;631;632
uba1_thio_ub75_no_ube2w,uba1_thio_ub75_no_ube2w__seed-20_sample-1__model.cif,UBG1:C1,A,True,,1.475,2,1.475,True,356.28,1,8,,,,575;576;581;599;600;630;631;632
uba1_thio_ub75_no_ube2w,uba1_thio_ub75_no_ube2w__seed-20_sample-2__model.cif,UBG1:C1,A,True,,1.479,2,1.479,True,358.44,1,9,,,,479;575;576;581;599;600;630;631;632
uba1_thio_ub75_no_ube2w,uba1_thio_ub75_no_ube2w__seed-20_sample-3__model.cif,UBG1:C1,A,True,,1.498,2,1.498,True,358.05,1,9,,,,479;575;576;581;599;600;630;631;632
uba1_thio_ub75_no_ube2w,uba1_thio_ub75_no_ube2w__seed-20_sample-4__model.cif,UBG1:C1,A,True,,1.454,2,1.454,True,358.91,1,8,,,,575;576;581;600;630;631;632;891
uba1_thio_ub75_no_ube2w,uba1_thio_ub75_no_ube2w__seed-21_sample-0__model.cif,UBG1:C1,A,True,,1.465,2,1.465,True,359.93,1,10,,,,479;575;576;581;599;600;630;631;632;633
uba1_thio_ub75_no_ube2w,uba1_thio_ub75_no_ube2w__seed-21_sample-1__model.cif,UBG1:C1,A,True,,1.459,2,1.459,True,358.56,2,8,,,,575;576;577;581;600;630;631;632
uba1_thio_ub75_no_ube2w,uba1_thio_ub75_no_ube2w__seed-21_sample-2__model.cif,UBG1:C1,A,True,,1.49,2,1.49,True,358.78,1,9,,,,575;576;581;599;600;626;630;631;632
uba1_thio_ub75_no_ube2w,uba1_thio_ub75_no_ube2w__seed-21_sample-3__model.cif,UBG1:C1,A,True,,1.459,2,1.459,True,358.23,1,8,,,,575;576;581;599;600;630;631;632
uba1_thio_ub75_no_ube2w,uba1_thio_ub75_no_ube2w__seed-21_sample-4__model.cif,UBG1:C1,A,True,,1.458,2,1.458,True,358.46,1,8,,,,575;576;581;599;600;630;631;632
uba1_thio_ub75_no_ube2w,uba1_thio_ub75_no_ube2w__seed-22_sample-0__model.cif,UBG1:C1,A,True,,1.499,2,1.499,True,355.49,1,9,,,,575;576;581;599;600;630;631;632;633
uba1_thio_ub75_no_ube2w,uba1_thio_ub75_no_ube2w__seed-22_sample-1__model.cif,UBG1:C1,A,True,,1.63,2,1.63,True,358.28,1,9,,,,479;575;576;581;599;600;630;632;633
uba1_thio_ub75_no_ube2w,uba1_thio_ub75_no_ube2w__seed-22_sample-2__model.cif,UBG1:C1,A,True,,1.568,2,1.568,True,358.36,1,8,,,,479;575;576;581;599;600;630;632
uba1_thio_ub75_no_ube2w,uba1_thio_ub75_no_ube2w__seed-22_sample-3__model.cif,UBG1:C1,A,True,,1.515,2,1.515,True,357.55,1,8,,,,479;575;576;581;599;600;630;632
uba1_thio_ub75_no_ube2w,uba1_thio_ub75_no_ube2w__seed-22_sample-4__model.cif,UBG1:C1,A,True,,1.633,2,1.633,True,356.54,1,8,,,,479;575;576;581;599;600;630;632
uba1_thio_ub75_no_ube2w,uba1_thio_ub75_no_ube2w__seed-23_sample-0__model.cif,UBG1:C1,A,True,,1.468,2,1.468,True,358.69,1,9,,,,575;576;581;600;601;630;631;632;891
uba1_thio_ub75_no_ube2w,uba1_thio_ub75_no_ube2w__seed-23_sample-1__model.cif,UBG1:C1,A,True,,1.491,2,1.491,True,355.8,1,9,,,,575;576;581;599;600;630;631;632;633
uba1_thio_ub75_no_ube2w,uba1_thio_ub75_no_ube2w__seed-23_sample-2__model.cif,UBG1:C1,A,True,,1.477,2,1.477,True,353.53,1,7,,,,479;575;576;581;600;630;632
uba1_thio_ub75_no_ube2w,uba1_thio_ub75_no_ube2w__seed-23_sample-3__model.cif,UBG1:C1,A,True,,1.457,2,1.457,True,356.39,1,8,,,,479;575;576;581;600;630;631;632
uba1_thio_ub75_no_ube2w,uba1_thio_ub75_no_ube2w__seed-23_sample-4__model.cif,UBG1:C1,A,True,,1.516,2,1.516,True,355.91,1,8,,,,479;575;576;581;599;600;630;632
uba1_thio_ub75_no_ube2w,uba1_thio_ub75_no_ube2w__seed-24_sample-0__model.cif,UBG1:C1,A,True,,1.471,2,1.471,True,357.45,1,8,,,,479;575;576;581;600;630;631;632
uba1_thio_ub75_no_ube2w,uba1_thio_ub75_no_ube2w__seed-24_sample-1__model.cif,UBG1:C1,A,True,,1.449,2,1.449,True,358.15,1,8,,,,479;575;576;581;600;630;631;632
uba1_thio_ub75_no_ube2w,uba1_thio_ub75_no_ube2w__seed-24_sample-2__model.cif,UBG1:C1,A,True,,1.501,2,1.501,True,358.34,1,8,,,,575;576;581;600;626;630;631;632
uba1_thio_ub75_no_ube2w,uba1_thio_ub75_no_ube2w__seed-24_sample-3__model.cif,UBG1:C1,A,True,,1.482,2,1.482,True,358.35,1,8,,,,575;576;581;599;600;630;631;632
uba1_thio_ub75_no_ube2w,uba1_thio_ub75_no_ube2w__seed-24_sample-4__model.cif,UBG1:C1,A,True,,1.478,2,1.478,True,356.14,1,7,,,,575;576;581;600;630;631;632
uba1_thio_ub75_no_ube2w,uba1_thio_ub75_no_ube2w__seed-25_sample-0__model.cif,UBG1:C1,A,True,,1.522,2,1.522,True,355.26,1,10,,,,479;575;576;581;599;600;630;631;632;893
uba1_thio_ub75_no_ube2w,uba1_thio_ub75_no_ube2w__seed-25_sample-1__model.cif,UBG1:C1,A,True,,1.445,2,1.445,True,359.04,1,9,,,,575;576;581;600;601;630;631;632;891
uba1_thio_ub75_no_ube2w,uba1_thio_ub75_no_ube2w__seed-25_sample-2__model.cif,UBG1:C1,A,True,,1.478,2,1.478,True,359.79,1,6,,,,576;581;600;630;631;632
uba1_thio_ub75_no_ube2w,uba1_thio_ub75_no_ube2w__seed-25_sample-3__model.cif,UBG1:C1,A,True,,1.463,2,1.463,True,355.04,1,9,,,,575;576;581;599;600;630;631;632;893
uba1_thio_ub75_no_ube2w,uba1_thio_ub75_no_ube2w__seed-25_sample-4__model.cif,UBG1:C1,A,True,,1.511,2,1.511,True,358.27,1,9,,,,479;575;576;599;600;601;630;631;632
uba1_thio_ub75_no_ube2w,uba1_thio_ub75_no_ube2w__seed-2_sample-0__model.cif,UBG1:C1,A,True,,1.567,2,1.567,True,358.19,1,8,,,,479;575;576;581;599;600;630;632
uba1_thio_ub75_no_ube2w,uba1_thio_ub75_no_ube2w__seed-2_sample-1__model.cif,UBG1:C1,A,True,,1.48,2,1.48,True,359.55,2,10,,,,575;576;581;599;600;601;630;631;632;891
uba1_thio_ub75_no_ube2w,uba1_thio_ub75_no_ube2w__seed-2_sample-2__model.cif,UBG1:C1,A,True,,1.512,2,1.512,True,358.36,1,10,,,,479;575;576;581;599;600;626;630;631;632
uba1_thio_ub75_no_ube2w,uba1_thio_ub75_no_ube2w__seed-2_sample-3__model.cif,UBG1:C1,A,True,,1.51,2,1.51,True,355.13,2,10,,,,49;575;576;581;599;600;601;630;631;632
uba1_thio_ub75_no_ube2w,uba1_thio_ub75_no_ube2w__seed-2_sample-4__model.cif,UBG1:C1,A,True,,1.48,2,1.48,True,358.84,1,10,,,,575;576;581;599;600;601;630;631;632;891
uba1_thio_ub75_no_ube2w,uba1_thio_ub75_no_ube2w__seed-3_sample-0__model.cif,UBG1:C1,A,True,,1.498,2,1.498,True,359.75,1,9,,,,479;575;576;581;599;600;630;631;632
uba1_thio_ub75_no_ube2w,uba1_thio_ub75_no_ube2w__seed-3_sample-1__model.cif,UBG1:C1,A,True,,1.513,2,1.513,True,358.05,1,8,,,,479;575;576;581;599;600;630;632
uba1_thio_ub75_no_ube2w,uba1_thio_ub75_no_ube2w__seed-3_sample-2__model.cif,UBG1:C1,A,True,,1.478,2,1.478,True,357.92,1,9,,,,575;576;581;599;600;630;631;632;891
uba1_thio_ub75_no_ube2w,uba1_thio_ub75_no_ube2w__seed-3_sample-3__model.cif,UBG1:C1,A,True,,1.544,2,1.544,True,358.9,1,8,,,,479;575;576;581;599;600;630;632
uba1_thio_ub75_no_ube2w,uba1_thio_ub75_no_ube2w__seed-3_sample-4__model.cif,UBG1:C1,A,True,,1.568,2,1.568,True,360.0,2,8,,,,479;575;576;581;599;600;630;632
uba1_thio_ub75_no_ube2w,uba1_thio_ub75_no_ube2w__seed-4_sample-0__model.cif,UBG1:C1,A,True,,1.539,2,1.539,True,346.48,2,9,,,,575;576;581;599;600;601;630;632;633
uba1_thio_ub75_no_ube2w,uba1_thio_ub75_no_ube2w__seed-4_sample-1__model.cif,UBG1:C1,A,True,,1.509,2,1.509,True,353.27,1,12,,,,479;575;576;581;599;600;601;630;631;632;633;893
uba1_thio_ub75_no_ube2w,uba1_thio_ub75_no_ube2w__seed-4_sample-2__model.cif,UBG1:C1,A,True,,1.555,2,1.555,True,354.62,1,10,,,,479;575;576;581;599;600;601;630;632;633
uba1_thio_ub75_no_ube2w,uba1_thio_ub75_no_ube2w__seed-4_sample-3__model.cif,UBG1:C1,A,True,,1.545,2,1.545,True,356.24,1,11,,,,479;575;576;581;599;600;601;630;631;632;633
uba1_thio_ub75_no_ube2w,uba1_thio_ub75_no_ube2w__seed-4_sample-4__model.cif,UBG1:C1,A,True,,1.533,2,1.533,True,358.45,1,12,,,,479;575;576;581;599;600;601;630;631;632;633;893
uba1_thio_ub75_no_ube2w,uba1_thio_ub75_no_ube2w__seed-5_sample-0__model.cif,UBG1:C1,A,True,,1.513,2,1.513,True,351.59,1,11,,,,576;581;600;601;602;630;631;632;891;892;893
uba1_thio_ub75_no_ube2w,uba1_thio_ub75_no_ube2w__seed-5_sample-1__model.cif,UBG1:C1,A,True,,1.467,2,1.467,True,357.11,1,9,,,,575;576;581;599;600;630;631;632;891
uba1_thio_ub75_no_ube2w,uba1_thio_ub75_no_ube2w__seed-5_sample-2__model.cif,UBG1:C1,A,True,,1.484,2,1.484,True,359.61,1,8,,,,575;576;581;599;600;630;631;632
uba1_thio_ub75_no_ube2w,uba1_thio_ub75_no_ube2w__seed-5_sample-3__model.cif,UBG1:C1,A,True,,1.477,2,1.477,True,359.34,2,8,,,,576;577;581;600;601;630;631;632
uba1_thio_ub75_no_ube2w,uba1_thio_ub75_no_ube2w__seed-5_sample-4__model.cif,UBG1:C1,A,True,,1.5,2,1.5,True,357.91,1,10,,,,575;576;581;599;600;601;630;631;632;893
uba1_thio_ub75_no_ube2w,uba1_thio_ub75_no_ube2w__seed-6_sample-0__model.cif,UBG1:C1,A,True,,1.519,2,1.519,True,357.47,1,8,,,,479;575;576;581;600;630;631;632
uba1_thio_ub75_no_ube2w,uba1_thio_ub75_no_ube2w__seed-6_sample-1__model.cif,UBG1:C1,A,True,,1.42,2,1.42,True,359.38,1,9,,,,575;576;581;600;601;630;631;632;893
uba1_thio_ub75_no_ube2w,uba1_thio_ub75_no_ube2w__seed-6_sample-2__model.cif,UBG1:C1,A,True,,1.536,2,1.536,True,353.22,1,7,,,,479;575;576;581;600;630;632
uba1_thio_ub75_no_ube2w,uba1_thio_ub75_no_ube2w__seed-6_sample-3__model.cif,UBG1:C1,A,True,,1.506,2,1.506,True,359.83,1,9,,,,479;575;576;581;599;600;630;632;893
uba1_thio_ub75_no_ube2w,uba1_thio_ub75_no_ube2w__seed-6_sample-4__model.cif,UBG1:C1,A,True,,1.494,2,1.494,True,359.82,1,9,,,,479;575;576;581;599;600;630;631;632
uba1_thio_ub75_no_ube2w,uba1_thio_ub75_no_ube2w__seed-7_sample-0__model.cif,UBG1:C1,A,True,,1.537,2,1.537,True,359.23,2,9,,,,479;574;575;576;581;599;600;630;632
uba1_thio_ub75_no_ube2w,uba1_thio_ub75_no_ube2w__seed-7_sample-1__model.cif,UBG1:C1,A,True,,1.538,2,1.538,True,359.59,1,8,,,,479;575;576;581;599;600;630;632
uba1_thio_ub75_no_ube2w,uba1_thio_ub75_no_ube2w__seed-7_sample-2__model.cif,UBG1:C1,A,True,,1.584,2,1.584,True,359.42,2,9,,,,479;575;576;581;599;600;630;632;893
uba1_thio_ub75_no_ube2w,uba1_thio_ub75_no_ube2w__seed-7_sample-3__model.cif,UBG1:C1,A,True,,1.503,2,1.503,True,359.37,1,8,,,,479;575;576;581;600;630;632;893
uba1_thio_ub75_no_ube2w,uba1_thio_ub75_no_ube2w__seed-7_sample-4__model.cif,UBG1:C1,A,True,,1.434,2,1.434,True,357.25,1,8,,,,575;576;581;599;600;630;631;632
uba1_thio_ub75_no_ube2w,uba1_thio_ub75_no_ube2w__seed-8_sample-0__model.cif,UBG1:C1,A,True,,1.508,2,1.508,True,357.39,1,8,,,,479;575;576;581;600;630;631;632
uba1_thio_ub75_no_ube2w,uba1_thio_ub75_no_ube2w__seed-8_sample-1__model.cif,UBG1:C1,A,True,,1.517,2,1.517,True,357.66,1,9,,,,479;575;576;581;599;600;630;631;632
uba1_thio_ub75_no_ube2w,uba1_thio_ub75_no_ube2w__seed-8_sample-2__model.cif,UBG1:C1,A,True,,1.486,2,1.486,True,359.26,1,8,,,,479;575;576;581;600;630;631;632
uba1_thio_ub75_no_ube2w,uba1_thio_ub75_no_ube2w__seed-8_sample-3__model.cif,UBG1:C1,A,True,,1.482,2,1.482,True,357.22,1,8,,,,479;575;576;581;600;630;631;632
uba1_thio_ub75_no_ube2w,uba1_thio_ub75_no_ube2w__seed-8_sample-4__model.cif,UBG1:C1,A,True,,1.509,2,1.509,True,359.03,1,9,,,,479;575;576;581;599;600;626;630;632
uba1_thio_ub75_no_ube2w,uba1_thio_ub75_no_ube2w__seed-9_sample-0__model.cif,UBG1:C1,A,True,,1.451,2,1.451,True,356.71,1,9,,,,575;576;581;599;600;630;631;632;633
uba1_thio_ub75_no_ube2w,uba1_thio_ub75_no_ube2w__seed-9_sample-1__model.cif,UBG1:C1,A,True,,1.451,2,1.451,True,359.98,2,10,,,,575;576;581;599;600;601;630;631;632;633
uba1_thio_ub75_no_ube2w,uba1_thio_ub75_no_ube2w__seed-9_sample-2__model.cif,UBG1:C1,A,True,,1.492,2,1.492,True,358.63,1,8,,,,575;576;581;599;600;630;631;632
uba1_thio_ub75_no_ube2w,uba1_thio_ub75_no_ube2w__seed-9_sample-3__model.cif,UBG1:C1,A,True,,1.489,2,1.489,True,356.02,1,8,,,,479;575;576;581;600;630;631;632
uba1_thio_ub75_no_ube2w,uba1_thio_ub75_no_ube2w__seed-9_sample-4__model.cif,UBG1:C1,A,True,,1.518,2,1.518,True,357.1,1,8,,,,479;575;576;581;600;630;631;632
uba1_thio_ub75_with_ube2w,uba1_thio_ub75_with_ube2w__seed-10_sample-0__model.cif,UBG1:C1,A,True,,1.544,2,1.544,True,359.0,1,12,,,,479;575;576;581;599;600;601;630;631;632;633;893
uba1_thio_ub75_with_ube2w,uba1_thio_ub75_with_ube2w__seed-10_sample-1__model.cif,UBG1:C1,A,True,,1.544,2,1.544,True,354.99,1,11,,,,479;575;576;581;599;600;630;631;632;633;893
uba1_thio_ub75_with_ube2w,uba1_thio_ub75_with_ube2w__seed-10_sample-2__model.cif,UBG1:C1,A,True,,1.609,2,1.609,True,353.26,2,10,,,,479;575;576;581;599;600;601;630;632;633
uba1_thio_ub75_with_ube2w,uba1_thio_ub75_with_ube2w__seed-10_sample-3__model.cif,UBG1:C1,A,True,,1.564,2,1.564,True,358.36,1,11,,,,479;575;576;581;599;600;630;631;632;633;893
uba1_thio_ub75_with_ube2w,uba1_thio_ub75_with_ube2w__seed-10_sample-4__model.cif,UBG1:C1,A,True,,1.539,2,1.539,True,358.95,1,12,,,,575;576;581;599;600;601;630;631;632;633;891;893
uba1_thio_ub75_with_ube2w,uba1_thio_ub75_with_ube2w__seed-11_sample-0__model.cif,UBG1:C1,A,True,,1.489,2,1.489,True,354.73,1,10,,,,479;575;576;581;599;600;601;630;632;893
uba1_thio_ub75_with_ube2w,uba1_thio_ub75_with_ube2w__seed-11_sample-1__model.cif,UBG1:C1,A,True,,1.501,2,1.501,True,359.25,3,8,,,,576;581;600;601;630;631;632;893
uba1_thio_ub75_with_ube2w,uba1_thio_ub75_with_ube2w__seed-11_sample-2__model.cif,UBG1:C1,A,True,,1.503,2,1.503,True,356.77,1,9,,,,479;575;576;581;599;600;630;631;632
uba1_thio_ub75_with_ube2w,uba1_thio_ub75_with_ube2w__seed-11_sample-3__model.cif,UBG1:C1,A,True,,1.519,2,1.519,True,358.31,1,9,,,,479;575;576;581;599;600;630;631;632
uba1_thio_ub75_with_ube2w,uba1_thio_ub75_with_ube2w__seed-11_sample-4__model.cif,UBG1:C1,A,True,,1.535,2,1.535,True,358.77,1,8,,,,479;575;576;581;599;600;630;632
uba1_thio_ub75_with_ube2w,uba1_thio_ub75_with_ube2w__seed-12_sample-0__model.cif,UBG1:C1,A,True,,1.489,2,1.489,True,358.97,1,6,,,,576;581;600;630;631;632
uba1_thio_ub75_with_ube2w,uba1_thio_ub75_with_ube2w__seed-12_sample-1__model.cif,UBG1:C1,A,True,,1.512,2,1.512,True,359.65,1,8,,,,479;575;576;581;599;600;630;632
uba1_thio_ub75_with_ube2w,uba1_thio_ub75_with_ube2w__seed-12_sample-2__model.cif,UBG1:C1,A,True,,1.464,2,1.464,True,357.11,2,9,,,,575;576;581;599;600;601;630;631;632
uba1_thio_ub75_with_ube2w,uba1_thio_ub75_with_ube2w__seed-12_sample-3__model.cif,UBG1:C1,A,True,,1.533,2,1.533,True,357.45,1,8,,,,479;575;576;581;599;600;630;632
uba1_thio_ub75_with_ube2w,uba1_thio_ub75_with_ube2w__seed-12_sample-4__model.cif,UBG1:C1,A,True,,1.532,2,1.532,True,358.55,1,8,,,,479;575;576;581;599;600;630;632
uba1_thio_ub75_with_ube2w,uba1_thio_ub75_with_ube2w__seed-13_sample-0__model.cif,UBG1:C1,A,True,,1.569,2,1.569,True,358.1,1,8,,,,479;575;576;581;599;600;630;632
uba1_thio_ub75_with_ube2w,uba1_thio_ub75_with_ube2w__seed-13_sample-1__model.cif,UBG1:C1,A,True,,1.448,2,1.448,True,356.85,1,6,,,,576;581;600;630;631;632
uba1_thio_ub75_with_ube2w,uba1_thio_ub75_with_ube2w__seed-13_sample-2__model.cif,UBG1:C1,A,True,,1.472,2,1.472,True,354.19,1,7,,,,575;576;581;600;630;631;632
uba1_thio_ub75_with_ube2w,uba1_thio_ub75_with_ube2w__seed-13_sample-3__model.cif,UBG1:C1,A,True,,1.507,2,1.507,True,357.84,1,9,,,,479;575;576;581;599;600;630;631;632
uba1_thio_ub75_with_ube2w,uba1_thio_ub75_with_ube2w__seed-13_sample-4__model.cif,UBG1:C1,A,True,,1.465,2,1.465,True,355.68,1,8,,,,575;576;581;599;600;630;631;632
uba1_thio_ub75_with_ube2w,uba1_thio_ub75_with_ube2w__seed-14_sample-0__model.cif,UBG1:C1,A,True,,1.535,2,1.535,True,358.22,1,9,,,,479;575;576;581;599;600;630;631;632
uba1_thio_ub75_with_ube2w,uba1_thio_ub75_with_ube2w__seed-14_sample-1__model.cif,UBG1:C1,A,True,,1.522,2,1.522,True,357.12,1,8,,,,479;575;576;581;599;600;630;632
uba1_thio_ub75_with_ube2w,uba1_thio_ub75_with_ube2w__seed-14_sample-2__model.cif,UBG1:C1,A,True,,1.568,2,1.568,True,358.6,1,8,,,,479;575;576;581;599;600;630;632
uba1_thio_ub75_with_ube2w,uba1_thio_ub75_with_ube2w__seed-14_sample-3__model.cif,UBG1:C1,A,True,,1.473,2,1.473,True,357.46,1,9,,,,479;575;576;581;599;600;630;631;632
uba1_thio_ub75_with_ube2w,uba1_thio_ub75_with_ube2w__seed-14_sample-4__model.cif,UBG1:C1,A,True,,1.473,2,1.473,True,355.23,1,8,,,,479;575;576;581;600;630;631;632
uba1_thio_ub75_with_ube2w,uba1_thio_ub75_with_ube2w__seed-15_sample-0__model.cif,UBG1:C1,A,True,,1.473,2,1.473,True,353.35,1,9,,,,479;575;576;581;599;600;630;631;632
uba1_thio_ub75_with_ube2w,uba1_thio_ub75_with_ube2w__seed-15_sample-1__model.cif,UBG1:C1,A,True,,1.565,2,1.565,True,359.83,1,8,,,,479;575;576;581;599;600;630;632
uba1_thio_ub75_with_ube2w,uba1_thio_ub75_with_ube2w__seed-15_sample-2__model.cif,UBG1:C1,A,True,,1.515,2,1.515,True,354.86,1,8,,,,479;575;576;581;599;600;630;632
uba1_thio_ub75_with_ube2w,uba1_thio_ub75_with_ube2w__seed-15_sample-3__model.cif,UBG1:C1,A,True,,1.498,2,1.498,True,352.11,2,9,,,,575;576;581;600;601;630;631;632;893
uba1_thio_ub75_with_ube2w,uba1_thio_ub75_with_ube2w__seed-15_sample-4__model.cif,UBG1:C1,A,True,,1.391,2,1.391,True,355.33,2,7,,,,575;576;581;600;630;631;632
uba1_thio_ub75_with_ube2w,uba1_thio_ub75_with_ube2w__seed-16_sample-0__model.cif,UBG1:C1,A,True,,1.556,2,1.556,True,359.55,1,8,,,,479;575;576;581;599;600;630;632
uba1_thio_ub75_with_ube2w,uba1_thio_ub75_with_ube2w__seed-16_sample-1__model.cif,UBG1:C1,A,True,,1.429,2,1.429,True,357.93,1,8,,,,479;575;576;581;600;630;631;632
uba1_thio_ub75_with_ube2w,uba1_thio_ub75_with_ube2w__seed-16_sample-2__model.cif,UBG1:C1,A,True,,1.486,2,1.486,True,359.05,1,9,,,,575;576;581;599;600;626;630;631;632
uba1_thio_ub75_with_ube2w,uba1_thio_ub75_with_ube2w__seed-16_sample-3__model.cif,UBG1:C1,A,True,,1.508,2,1.508,True,352.91,2,10,,,,575;576;581;600;601;630;631;632;891;893
uba1_thio_ub75_with_ube2w,uba1_thio_ub75_with_ube2w__seed-16_sample-4__model.cif,UBG1:C1,A,True,,1.559,2,1.559,True,359.2,1,8,,,,479;575;576;581;599;600;630;632
uba1_thio_ub75_with_ube2w,uba1_thio_ub75_with_ube2w__seed-17_sample-0__model.cif,UBG1:C1,A,True,,1.544,2,1.544,True,359.69,2,10,,,,575;576;581;599;600;601;630;631;632;893
uba1_thio_ub75_with_ube2w,uba1_thio_ub75_with_ube2w__seed-17_sample-1__model.cif,UBG1:C1,A,True,,1.516,2,1.516,True,357.94,1,8,,,,479;575;576;581;599;600;630;632
uba1_thio_ub75_with_ube2w,uba1_thio_ub75_with_ube2w__seed-17_sample-2__model.cif,UBG1:C1,A,True,,1.499,2,1.499,True,356.96,1,9,,,,479;575;576;581;599;600;630;632;893
uba1_thio_ub75_with_ube2w,uba1_thio_ub75_with_ube2w__seed-17_sample-3__model.cif,UBG1:C1,A,True,,1.543,2,1.543,True,358.95,1,8,,,,479;575;576;581;599;600;630;632
uba1_thio_ub75_with_ube2w,uba1_thio_ub75_with_ube2w__seed-17_sample-4__model.cif,UBG1:C1,A,True,,1.513,2,1.513,True,358.05,1,9,,,,479;575;576;581;599;600;630;631;632
uba1_thio_ub75_with_ube2w,uba1_thio_ub75_with_ube2w__seed-18_sample-0__model.cif,UBG1:C1,A,True,,1.507,2,1.507,True,357.79,1,9,,,,479;575;576;581;599;600;630;631;632
uba1_thio_ub75_with_ube2w,uba1_thio_ub75_with_ube2w__seed-18_sample-1__model.cif,UBG1:C1,A,True,,1.54,2,1.54,True,356.85,1,8,,,,479;575;576;581;599;600;630;632
uba1_thio_ub75_with_ube2w,uba1_thio_ub75_with_ube2w__seed-18_sample-2__model.cif,UBG1:C1,A,True,,1.531,2,1.531,True,359.19,1,9,,,,479;575;576;581;599;600;630;632;893
uba1_thio_ub75_with_ube2w,uba1_thio_ub75_with_ube2w__seed-18_sample-3__model.cif,UBG1:C1,A,True,,1.536,2,1.536,True,357.73,1,8,,,,479;575;576;581;600;630;631;632
uba1_thio_ub75_with_ube2w,uba1_thio_ub75_with_ube2w__seed-18_sample-4__model.cif,UBG1:C1,A,True,,1.529,2,1.529,True,357.9,1,11,,,,575;576;581;599;600;601;630;631;632;891;893
uba1_thio_ub75_with_ube2w,uba1_thio_ub75_with_ube2w__seed-19_sample-0__model.cif,UBG1:C1,A,True,,1.444,2,1.444,True,356.57,1,9,,,,479;575;576;581;599;600;630;631;632
uba1_thio_ub75_with_ube2w,uba1_thio_ub75_with_ube2w__seed-19_sample-1__model.cif,UBG1:C1,A,True,,1.524,2,1.524,True,352.18,1,7,,,,479;575;576;581;600;630;632
uba1_thio_ub75_with_ube2w,uba1_thio_ub75_with_ube2w__seed-19_sample-2__model.cif,UBG1:C1,A,True,,1.535,2,1.535,True,359.09,1,8,,,,479;575;576;581;599;600;630;632
uba1_thio_ub75_with_ube2w,uba1_thio_ub75_with_ube2w__seed-19_sample-3__model.cif,UBG1:C1,A,True,,1.5,2,1.5,True,351.58,2,9,,,,575;576;581;600;601;630;631;632;891
uba1_thio_ub75_with_ube2w,uba1_thio_ub75_with_ube2w__seed-19_sample-4__model.cif,UBG1:C1,A,True,,1.533,2,1.533,True,354.77,1,8,,,,479;575;576;581;599;600;630;632
uba1_thio_ub75_with_ube2w,uba1_thio_ub75_with_ube2w__seed-1_sample-0__model.cif,UBG1:C1,A,True,,1.508,2,1.508,True,358.09,1,9,,,,479;575;576;581;599;600;630;631;632
uba1_thio_ub75_with_ube2w,uba1_thio_ub75_with_ube2w__seed-1_sample-1__model.cif,UBG1:C1,A,True,,1.462,2,1.462,True,357.28,1,9,,,,479;575;576;581;599;600;630;631;632
uba1_thio_ub75_with_ube2w,uba1_thio_ub75_with_ube2w__seed-1_sample-2__model.cif,UBG1:C1,A,True,,1.479,2,1.479,True,355.05,1,10,,,,479;575;576;581;599;600;601;630;631;632
uba1_thio_ub75_with_ube2w,uba1_thio_ub75_with_ube2w__seed-1_sample-3__model.cif,UBG1:C1,A,True,,1.456,2,1.456,True,359.77,1,9,,,,575;576;581;599;600;630;631;632;633
uba1_thio_ub75_with_ube2w,uba1_thio_ub75_with_ube2w__seed-1_sample-4__model.cif,UBG1:C1,A,True,,1.494,2,1.494,True,357.84,2,8,,,,479;575;576;581;599;600;630;632
uba1_thio_ub75_with_ube2w,uba1_thio_ub75_with_ube2w__seed-20_sample-0__model.cif,UBG1:C1,A,True,,1.411,2,1.411,True,358.8,2,8,,,,575;576;581;599;600;630;631;632
uba1_thio_ub75_with_ube2w,uba1_thio_ub75_with_ube2w__seed-20_sample-1__model.cif,UBG1:C1,A,True,,1.463,2,1.463,True,358.96,1,8,,,,575;576;581;599;600;630;631;632
uba1_thio_ub75_with_ube2w,uba1_thio_ub75_with_ube2w__seed-20_sample-2__model.cif,UBG1:C1,A,True,,1.494,2,1.494,True,358.44,1,9,,,,479;575;576;581;599;600;630;631;632
uba1_thio_ub75_with_ube2w,uba1_thio_ub75_with_ube2w__seed-20_sample-3__model.cif,UBG1:C1,A,True,,1.549,2,1.549,True,359.1,1,10,,,,479;575;576;581;599;600;630;631;632;893
uba1_thio_ub75_with_ube2w,uba1_thio_ub75_with_ube2w__seed-20_sample-4__model.cif,UBG1:C1,A,True,,1.517,2,1.517,True,359.61,1,8,,,,479;575;576;581;599;600;630;632
uba1_thio_ub75_with_ube2w,uba1_thio_ub75_with_ube2w__seed-21_sample-0__model.cif,UBG1:C1,A,True,,1.592,2,1.592,True,353.19,2,10,,,,479;575;576;581;599;600;601;630;632;633
uba1_thio_ub75_with_ube2w,uba1_thio_ub75_with_ube2w__seed-21_sample-1__model.cif,UBG1:C1,A,True,,1.557,2,1.557,True,354.1,1,11,,,,479;575;576;581;599;600;630;631;632;633;893
uba1_thio_ub75_with_ube2w,uba1_thio_ub75_with_ube2w__seed-21_sample-2__model.cif,UBG1:C1,A,True,,1.532,2,1.532,True,358.96,1,12,,,,575;576;581;599;600;601;630;631;632;633;891;893
uba1_thio_ub75_with_ube2w,uba1_thio_ub75_with_ube2w__seed-21_sample-3__model.cif,UBG1:C1,A,True,,1.54,2,1.54,True,357.19,1,11,,,,479;575;576;581;599;600;630;631;632;633;893
uba1_thio_ub75_with_ube2w,uba1_thio_ub75_with_ube2w__seed-21_sample-4__model.cif,UBG1:C1,A,True,,1.582,2,1.582,True,350.2,1,9,,,,479;575;576;581;599;600;630;632;633
uba1_thio_ub75_with_ube2w,uba1_thio_ub75_with_ube2w__seed-22_sample-0__model.cif,UBG1:C1,A,True,,1.59,2,1.59,True,357.24,1,10,,,,479;575;576;581;599;600;601;630;632;633
uba1_thio_ub75_with_ube2w,uba1_thio_ub75_with_ube2w__seed-22_sample-1__model.cif,UBG1:C1,A,True,,1.564,2,1.564,True,359.79,1,11,,,,479;575;576;581;599;600;630;631;632;633;893
uba1_thio_ub75_with_ube2w,uba1_thio_ub75_with_ube2w__seed-22_sample-2__model.cif,UBG1:C1,A,True,,1.556,2,1.556,True,357.8,1,11,,,,479;575;576;581;599;600;630;631;632;633;893
uba1_thio_ub75_with_ube2w,uba1_thio_ub75_with_ube2w__seed-22_sample-3__model.cif,UBG1:C1,A,True,,1.642,2,1.642,True,355.23,1,8,,,,479;575;576;581;599;600;630;632
uba1_thio_ub75_with_ube2w,uba1_thio_ub75_with_ube2w__seed-22_sample-4__model.cif,UBG1:C1,A,True,,1.526,2,1.526,True,359.25,1,11,,,,479;575;576;581;599;600;630;631;632;633;893
uba1_thio_ub75_with_ube2w,uba1_thio_ub75_with_ube2w__seed-23_sample-0__model.cif,UBG1:C1,A,True,,1.512,2,1.512,True,358.11,1,9,,,,479;575;576;581;599;600;630;631;632
uba1_thio_ub75_with_ube2w,uba1_thio_ub75_with_ube2w__seed-23_sample-1__model.cif,UBG1:C1,A,True,,1.488,2,1.488,True,353.85,1,9,,,,479;575;576;581;599;600;630;631;632
uba1_thio_ub75_with_ube2w,uba1_thio_ub75_with_ube2w__seed-23_sample-2__model.cif,UBG1:C1,A,True,,1.491,2,1.491,True,357.26,1,8,,,,479;575;576;581;600;630;631;632
uba1_thio_ub75_with_ube2w,uba1_thio_ub75_with_ube2w__seed-23_sample-3__model.cif,UBG1:C1,A,True,,1.485,2,1.485,True,359.3,2,8,,,,576;581;599;600;601;630;631;632
uba1_thio_ub75_with_ube2w,uba1_thio_ub75_with_ube2w__seed-23_sample-4__model.cif,UBG1:C1,A,True,,1.518,2,1.518,True,358.89,1,8,,,,479;575;576;581;599;600;630;632
uba1_thio_ub75_with_ube2w,uba1_thio_ub75_with_ube2w__seed-24_sample-0__model.cif,UBG1:C1,A,True,,1.483,2,1.483,True,352.76,1,7,,,,575;576;581;600;630;631;632
uba1_thio_ub75_with_ube2w,uba1_thio_ub75_with_ube2w__seed-24_sample-1__model.cif,UBG1:C1,A,True,,1.465,2,1.465,True,353.06,1,8,,,,479;575;576;581;600;630;631;632
uba1_thio_ub75_with_ube2w,uba1_thio_ub75_with_ube2w__seed-24_sample-2__model.cif,UBG1:C1,A,True,,1.563,2,1.563,True,358.16,1,8,,,,479;575;576;581;599;600;630;632
uba1_thio_ub75_with_ube2w,uba1_thio_ub75_with_ube2w__seed-24_sample-3__model.cif,UBG1:C1,A,True,,1.457,2,1.457,True,358.41,1,9,,,,479;575;576;581;599;600;630;631;632
uba1_thio_ub75_with_ube2w,uba1_thio_ub75_with_ube2w__seed-24_sample-4__model.cif,UBG1:C1,A,True,,1.501,2,1.501,True,358.96,1,9,,,,479;575;576;581;599;600;630;631;632
uba1_thio_ub75_with_ube2w,uba1_thio_ub75_with_ube2w__seed-25_sample-0__model.cif,UBG1:C1,A,True,,1.484,2,1.484,True,358.03,2,10,,,,479;575;576;581;599;600;630;631;632;893
uba1_thio_ub75_with_ube2w,uba1_thio_ub75_with_ube2w__seed-25_sample-1__model.cif,UBG1:C1,A,True,,1.466,2,1.466,True,357.44,1,8,,,,479;575;576;581;600;630;631;632
uba1_thio_ub75_with_ube2w,uba1_thio_ub75_with_ube2w__seed-25_sample-2__model.cif,UBG1:C1,A,True,,1.464,2,1.464,True,358.56,1,10,,,,479;575;576;581;599;600;630;631;632;893
uba1_thio_ub75_with_ube2w,uba1_thio_ub75_with_ube2w__seed-25_sample-3__model.cif,UBG1:C1,A,True,,1.501,2,1.501,True,357.88,1,10,,,,479;575;576;581;599;600;630;631;632;893
uba1_thio_ub75_with_ube2w,uba1_thio_ub75_with_ube2w__seed-25_sample-4__model.cif,UBG1:C1,A,True,,1.464,2,1.464,True,357.66,1,8,,,,479;575;576;581;599;600;630;632
uba1_thio_ub75_with_ube2w,uba1_thio_ub75_with_ube2w__seed-2_sample-0__model.cif,UBG1:C1,A,True,,1.488,2,1.488,True,358.73,1,8,,,,575;576;581;599;600;630;631;632
uba1_thio_ub75_with_ube2w,uba1_thio_ub75_with_ube2w__seed-2_sample-1__model.cif,UBG1:C1,A,True,,1.5,2,1.5,True,356.23,1,9,,,,479;575;576;581;599;600;630;631;632
uba1_thio_ub75_with_ube2w,uba1_thio_ub75_with_ube2w__seed-2_sample-2__model.cif,UBG1:C1,A,True,,1.552,2,1.552,True,358.71,1,10,,,,479;575;576;581;598;599;600;630;631;632
uba1_thio_ub75_with_ube2w,uba1_thio_ub75_with_ube2w__seed-2_sample-3__model.cif,UBG1:C1,A,True,,1.473,2,1.473,True,357.27,2,7,,,,576;581;600;630;631;632;893
uba1_thio_ub75_with_ube2w,uba1_thio_ub75_with_ube2w__seed-2_sample-4__model.cif,UBG1:C1,A,True,,1.486,2,1.486,True,359.43,1,9,,,,575;576;581;599;600;630;631;632;633
uba1_thio_ub75_with_ube2w,uba1_thio_ub75_with_ube2w__seed-3_sample-0__model.cif,UBG1:C1,A,True,,1.498,2,1.498,True,359.48,2,11,,,,479;575;576;581;599;600;601;630;631;632;893
uba1_thio_ub75_with_ube2w,uba1_thio_ub75_with_ube2w__seed-3_sample-1__model.cif,UBG1:C1,A,True,,1.667,2,1.667,True,359.27,0,3,,,,630;631;632
uba1_thio_ub75_with_ube2w,uba1_thio_ub75_with_ube2w__seed-3_sample-2__model.cif,UBG1:C1,A,True,,1.491,2,1.491,True,355.87,1,7,,,,575;576;581;600;630;631;632
uba1_thio_ub75_with_ube2w,uba1_thio_ub75_with_ube2w__seed-3_sample-3__model.cif,UBG1:C1,A,True,,1.472,2,1.472,True,358.86,1,8,,,,575;576;581;599;600;630;631;632
uba1_thio_ub75_with_ube2w,uba1_thio_ub75_with_ube2w__seed-3_sample-4__model.cif,UBG1:C1,A,True,,1.502,2,1.502,True,358.14,1,9,,,,479;575;576;581;599;600;630;631;632
uba1_thio_ub75_with_ube2w,uba1_thio_ub75_with_ube2w__seed-4_sample-0__model.cif,UBG1:C1,A,True,,1.512,2,1.512,True,358.77,1,8,,,,479;575;576;581;600;630;631;632
uba1_thio_ub75_with_ube2w,uba1_thio_ub75_with_ube2w__seed-4_sample-1__model.cif,UBG1:C1,A,True,,1.504,2,1.504,True,357.95,1,11,,,,479;575;576;581;599;600;601;630;631;632;893
uba1_thio_ub75_with_ube2w,uba1_thio_ub75_with_ube2w__seed-4_sample-2__model.cif,UBG1:C1,A,True,,1.509,2,1.509,True,359.58,1,10,,,,575;576;581;599;600;601;630;631;632;893
uba1_thio_ub75_with_ube2w,uba1_thio_ub75_with_ube2w__seed-4_sample-3__model.cif,UBG1:C1,A,True,,1.485,2,1.485,True,358.05,1,7,,,,575;576;581;600;630;631;632
uba1_thio_ub75_with_ube2w,uba1_thio_ub75_with_ube2w__seed-4_sample-4__model.cif,UBG1:C1,A,True,,1.52,2,1.52,True,356.92,1,7,,,,479;575;576;581;600;630;632
uba1_thio_ub75_with_ube2w,uba1_thio_ub75_with_ube2w__seed-5_sample-0__model.cif,UBG1:C1,A,True,,1.503,2,1.503,True,359.08,1,9,,,,479;575;576;581;599;600;630;631;632
uba1_thio_ub75_with_ube2w,uba1_thio_ub75_with_ube2w__seed-5_sample-1__model.cif,UBG1:C1,A,True,,1.511,2,1.511,True,356.53,1,9,,,,479;575;576;581;599;600;630;631;632
uba1_thio_ub75_with_ube2w,uba1_thio_ub75_with_ube2w__seed-5_sample-2__model.cif,UBG1:C1,A,True,,1.514,2,1.514,True,357.47,1,8,,,,479;575;576;581;600;630;631;632
uba1_thio_ub75_with_ube2w,uba1_thio_ub75_with_ube2w__seed-5_sample-3__model.cif,UBG1:C1,A,True,,1.509,2,1.509,True,358.93,1,9,,,,479;575;576;581;599;600;630;631;632
uba1_thio_ub75_with_ube2w,uba1_thio_ub75_with_ube2w__seed-5_sample-4__model.cif,UBG1:C1,A,True,,1.54,2,1.54,True,357.61,1,8,,,,479;575;576;581;599;600;630;632
uba1_thio_ub75_with_ube2w,uba1_thio_ub75_with_ube2w__seed-6_sample-0__model.cif,UBG1:C1,A,True,,1.529,2,1.529,True,359.11,1,11,,,,479;575;576;581;599;600;630;631;632;633;893
uba1_thio_ub75_with_ube2w,uba1_thio_ub75_with_ube2w__seed-6_sample-1__model.cif,UBG1:C1,A,True,,1.565,2,1.565,True,359.4,1,11,,,,479;575;576;581;599;600;630;631;632;633;893
uba1_thio_ub75_with_ube2w,uba1_thio_ub75_with_ube2w__seed-6_sample-2__model.cif,UBG1:C1,A,True,,1.548,2,1.548,True,358.42,1,11,,,,479;575;576;581;599;600;630;631;632;633;893
uba1_thio_ub75_with_ube2w,uba1_thio_ub75_with_ube2w__seed-6_sample-3__model.cif,UBG1:C1,A,True,,1.534,2,1.534,True,357.84,1,11,,,,575;576;581;599;600;630;631;632;633;891;893
uba1_thio_ub75_with_ube2w,uba1_thio_ub75_with_ube2w__seed-6_sample-4__model.cif,UBG1:C1,A,True,,1.588,2,1.588,True,353.07,1,10,,,,479;575;576;581;599;600;601;630;632;633
uba1_thio_ub75_with_ube2w,uba1_thio_ub75_with_ube2w__seed-7_sample-0__model.cif,UBG1:C1,A,True,,1.623,2,1.623,True,352.45,1,9,,,,479;575;576;581;599;600;630;632;633
uba1_thio_ub75_with_ube2w,uba1_thio_ub75_with_ube2w__seed-7_sample-1__model.cif,UBG1:C1,A,True,,1.607,2,1.607,True,355.91,1,9,,,,479;575;576;581;599;600;630;632;633
uba1_thio_ub75_with_ube2w,uba1_thio_ub75_with_ube2w__seed-7_sample-2__model.cif,UBG1:C1,A,True,,1.66,2,1.66,True,352.91,1,9,,,,479;575;576;581;599;600;630;632;633
uba1_thio_ub75_with_ube2w,uba1_thio_ub75_with_ube2w__seed-7_sample-3__model.cif,UBG1:C1,A,True,,1.591,2,1.591,True,359.99,2,11,,,,479;575;576;581;599;600;601;630;632;633;893
uba1_thio_ub75_with_ube2w,uba1_thio_ub75_with_ube2w__seed-7_sample-4__model.cif,UBG1:C1,A,True,,1.556,2,1.556,True,353.3,1,12,,,,479;575;576;581;599;600;601;630;631;632;633;893
uba1_thio_ub75_with_ube2w,uba1_thio_ub75_with_ube2w__seed-8_sample-0__model.cif,UBG1:C1,A,True,,1.491,2,1.491,True,358.88,1,9,,,,479;575;576;581;599;600;630;632;893
uba1_thio_ub75_with_ube2w,uba1_thio_ub75_with_ube2w__seed-8_sample-1__model.cif,UBG1:C1,A,True,,1.506,2,1.506,True,359.89,1,9,,,,479;575;576;581;599;600;630;631;632
uba1_thio_ub75_with_ube2w,uba1_thio_ub75_with_ube2w__seed-8_sample-2__model.cif,UBG1:C1,A,True,,1.445,2,1.445,True,356.42,2,8,,,,479;575;576;581;600;630;631;632
uba1_thio_ub75_with_ube2w,uba1_thio_ub75_with_ube2w__seed-8_sample-3__model.cif,UBG1:C1,A,True,,1.475,2,1.475,True,359.85,1,8,,,,575;576;581;599;600;630;631;632
uba1_thio_ub75_with_ube2w,uba1_thio_ub75_with_ube2w__seed-8_sample-4__model.cif,UBG1:C1,A,True,,1.51,2,1.51,True,359.02,1,9,,,,479;575;576;581;599;600;630;631;632
uba1_thio_ub75_with_ube2w,uba1_thio_ub75_with_ube2w__seed-9_sample-0__model.cif,UBG1:C1,A,True,,1.555,2,1.555,True,358.12,1,9,,,,479;575;576;581;599;600;630;631;632
uba1_thio_ub75_with_ube2w,uba1_thio_ub75_with_ube2w__seed-9_sample-1__model.cif,UBG1:C1,A,True,,1.495,2,1.495,True,354.84,1,9,,,,479;575;576;581;599;600;630;631;632
uba1_thio_ub75_with_ube2w,uba1_thio_ub75_with_ube2w__seed-9_sample-2__model.cif,UBG1:C1,A,True,,1.527,2,1.527,True,357.86,1,8,,,,479;575;576;581;599;600;630;632
uba1_thio_ub75_with_ube2w,uba1_thio_ub75_with_ube2w__seed-9_sample-3__model.cif,UBG1:C1,A,True,,1.556,2,1.556,True,357.74,1,8,,,,479;575;576;581;599;600;630;632
uba1_thio_ub75_with_ube2w,uba1_thio_ub75_with_ube2w__seed-9_sample-4__model.cif,UBG1:C1,A,True,,1.445,2,1.445,True,357.54,1,9,,,,479;575;576;581;599;600;630;631;632
uba1_thio_ub76_no_ube2w,uba1_thio_ub76_no_ube2w__seed-10_sample-0__model.cif,UBGG:C2,A,True,,1.603,2,1.603,True,359.9,1,13,,,,477;478;479;574;575;576;577;581;598;599;600;630;632
uba1_thio_ub76_no_ube2w,uba1_thio_ub76_no_ube2w__seed-10_sample-1__model.cif,UBGG:C2,A,True,,1.542,2,1.542,True,359.98,1,12,,,,478;479;574;575;576;581;598;599;600;630;632;893
uba1_thio_ub76_no_ube2w,uba1_thio_ub76_no_ube2w__seed-10_sample-2__model.cif,UBGG:C2,A,True,,1.562,2,1.562,True,359.83,1,12,,,,478;479;575;576;577;581;598;599;600;626;630;632
uba1_thio_ub76_no_ube2w,uba1_thio_ub76_no_ube2w__seed-10_sample-3__model.cif,UBGG:C2,A,True,,1.544,2,1.544,True,357.65,2,12,,,,478;479;575;576;581;598;599;600;630;632;893;898
uba1_thio_ub76_no_ube2w,uba1_thio_ub76_no_ube2w__seed-10_sample-4__model.cif,UBGG:C2,A,True,,1.531,2,1.531,True,360.0,2,13,,,,478;479;575;576;577;581;598;599;600;626;630;632;893
uba1_thio_ub76_no_ube2w,uba1_thio_ub76_no_ube2w__seed-11_sample-0__model.cif,UBGG:C2,A,True,,1.514,2,1.514,True,359.99,1,13,,,,478;479;575;576;577;581;598;599;600;626;630;632;893
uba1_thio_ub76_no_ube2w,uba1_thio_ub76_no_ube2w__seed-11_sample-1__model.cif,UBGG:C2,A,True,,1.503,2,1.503,True,358.41,2,12,,,,478;479;575;576;581;598;599;600;626;630;632;893
uba1_thio_ub76_no_ube2w,uba1_thio_ub76_no_ube2w__seed-11_sample-2__model.cif,UBGG:C2,A,True,,1.526,2,1.526,True,359.99,1,13,,,,478;479;574;575;576;577;581;598;599;600;630;632;893
uba1_thio_ub76_no_ube2w,uba1_thio_ub76_no_ube2w__seed-11_sample-3__model.cif,UBGG:C2,A,True,,1.498,2,1.498,True,341.62,2,12,,,,479;575;576;577;581;598;599;600;630;631;632;893
uba1_thio_ub76_no_ube2w,uba1_thio_ub76_no_ube2w__seed-11_sample-4__model.cif,UBGG:C2,A,True,,1.515,2,1.515,True,359.31,2,13,,,,478;479;575;576;577;581;598;599;600;626;630;632;893
uba1_thio_ub76_no_ube2w,uba1_thio_ub76_no_ube2w__seed-12_sample-0__model.cif,UBGG:C2,A,True,,1.518,2,1.518,True,359.65,1,12,,,,477;478;479;575;576;581;598;599;600;630;632;893
uba1_thio_ub76_no_ube2w,uba1_thio_ub76_no_ube2w__seed-12_sample-1__model.cif,UBGG:C2,A,True,,1.493,2,1.493,True,359.9,2,13,,,,478;479;575;576;577;581;598;599;600;626;630;632;893
uba1_thio_ub76_no_ube2w,uba1_thio_ub76_no_ube2w__seed-12_sample-2__model.cif,UBGG:C2,A,True,,1.509,2,1.509,True,359.68,2,11,,,,478;479;575;576;581;598;599;600;630;632;893
uba1_thio_ub76_no_ube2w,uba1_thio_ub76_no_ube2w__seed-12_sample-3__model.cif,UBGG:C2,A,True,,1.483,2,1.483,True,359.63,1,13,,,,478;479;575;576;577;581;598;599;600;630;632;893;898
uba1_thio_ub76_no_ube2w,uba1_thio_ub76_no_ube2w__seed-12_sample-4__model.cif,UBGG:C2,A,True,,1.524,2,1.524,True,333.75,2,11,,,,479;575;576;581;598;599;600;630;631;632;893
uba1_thio_ub76_no_ube2w,uba1_thio_ub76_no_ube2w__seed-13_sample-0__model.cif,UBGG:C2,A,True,,1.539,2,1.539,True,359.05,1,12,,,,478;479;575;576;577;581;598;599;600;630;632;893
uba1_thio_ub76_no_ube2w,uba1_thio_ub76_no_ube2w__seed-13_sample-1__model.cif,UBGG:C2,A,True,,1.573,2,1.573,True,358.84,1,13,,,,478;479;574;575;576;577;581;598;599;600;626;630;632
uba1_thio_ub76_no_ube2w,uba1_thio_ub76_no_ube2w__seed-13_sample-2__model.cif,UBGG:C2,A,True,,1.557,2,1.557,True,359.91,1,12,,,,478;479;575;576;577;581;598;599;600;630;632;893
uba1_thio_ub76_no_ube2w,uba1_thio_ub76_no_ube2w__seed-13_sample-3__model.cif,UBGG:C2,A,True,,1.539,2,1.539,True,359.73,1,11,,,,478;479;575;576;581;598;599;600;630;632;893
uba1_thio_ub76_no_ube2w,uba1_thio_ub76_no_ube2w__seed-13_sample-4__model.cif,UBGG:C2,A,True,,1.523,2,1.523,True,359.67,2,12,,,,478;479;575;576;581;598;599;600;626;630;632;893
uba1_thio_ub76_no_ube2w,uba1_thio_ub76_no_ube2w__seed-14_sample-0__model.cif,UBGG:C2,A,True,,1.539,2,1.539,True,359.77,1,11,,,,478;479;575;576;581;598;599;600;630;632;893
uba1_thio_ub76_no_ube2w,uba1_thio_ub76_no_ube2w__seed-14_sample-1__model.cif,UBGG:C2,A,True,,1.535,2,1.535,True,358.35,2,12,,,,478;479;575;576;581;598;599;600;626;630;632;893
uba1_thio_ub76_no_ube2w,uba1_thio_ub76_no_ube2w__seed-14_sample-2__model.cif,UBGG:C2,A,True,,1.531,2,1.531,True,359.99,2,13,,,,478;479;574;575;576;577;581;598;599;600;630;632;893
uba1_thio_ub76_no_ube2w,uba1_thio_ub76_no_ube2w__seed-14_sample-3__model.cif,UBGG:C2,A,True,,1.546,2,1.546,True,350.85,2,12,,,,479;575;576;577;581;598;599;600;626;630;632;893
uba1_thio_ub76_no_ube2w,uba1_thio_ub76_no_ube2w__seed-14_sample-4__model.cif,UBGG:C2,A,True,,1.531,2,1.531,True,360.0,1,13,,,,478;479;574;575;576;577;581;598;599;600;630;632;893
uba1_thio_ub76_no_ube2w,uba1_thio_ub76_no_ube2w__seed-15_sample-0__model.cif,UBGG:C2,A,True,,1.53,2,1.53,True,359.78,1,11,,,,478;479;575;576;581;598;599;600;630;632;893
uba1_thio_ub76_no_ube2w,uba1_thio_ub76_no_ube2w__seed-15_sample-1__model.cif,UBGG:C2,A,True,,1.526,2,1.526,True,358.51,2,14,,,,478;479;575;576;577;581;598;599;600;626;630;632;893;898
uba1_thio_ub76_no_ube2w,uba1_thio_ub76_no_ube2w__seed-15_sample-2__model.cif,UBGG:C2,A,True,,1.531,2,1.531,True,359.93,1,12,,,,478;479;575;576;577;581;598;599;600;630;632;893
uba1_thio_ub76_no_ube2w,uba1_thio_ub76_no_ube2w__seed-15_sample-3__model.cif,UBGG:C2,A,True,,1.545,2,1.545,True,359.93,1,13,,,,478;479;575;576;577;581;598;599;600;626;630;632;893
uba1_thio_ub76_no_ube2w,uba1_thio_ub76_no_ube2w__seed-15_sample-4__model.cif,UBGG:C2,A,True,,1.579,2,1.579,True,359.46,1,11,,,,478;479;575;576;581;598;599;600;630;632;893
uba1_thio_ub76_no_ube2w,uba1_thio_ub76_no_ube2w__seed-16_sample-0__model.cif,UBGG:C2,A,True,,1.555,2,1.555,True,359.24,1,13,,,,478;479;575;576;577;581;598;599;600;626;630;632;893
uba1_thio_ub76_no_ube2w,uba1_thio_ub76_no_ube2w__seed-16_sample-1__model.cif,UBGG:C2,A,True,,1.506,2,1.506,True,360.0,2,12,,,,478;479;575;576;577;581;598;599;600;630;632;893
uba1_thio_ub76_no_ube2w,uba1_thio_ub76_no_ube2w__seed-16_sample-2__model.cif,UBGG:C2,A,True,,1.53,2,1.53,True,359.47,1,14,,,,478;479;575;576;577;581;598;599;600;626;630;632;893;898
uba1_thio_ub76_no_ube2w,uba1_thio_ub76_no_ube2w__seed-16_sample-3__model.cif,UBGG:C2,A,True,,1.478,2,1.478,True,359.73,1,14,,,,478;479;574;575;576;577;581;598;599;600;626;630;632;893
uba1_thio_ub76_no_ube2w,uba1_thio_ub76_no_ube2w__seed-16_sample-4__model.cif,UBGG:C2,A,True,,1.509,2,1.509,True,350.26,2,13,,,,479;575;576;577;581;598;599;600;626;630;631;632;893
uba1_thio_ub76_no_ube2w,uba1_thio_ub76_no_ube2w__seed-17_sample-0__model.cif,UBGG:C2,A,True,,1.498,2,1.498,True,344.04,2,13,,,,478;479;575;576;581;598;599;600;626;630;631;632;893
uba1_thio_ub76_no_ube2w,uba1_thio_ub76_no_ube2w__seed-17_sample-1__model.cif,UBGG:C2,A,True,,1.544,2,1.544,True,359.28,1,13,,,,478;479;575;576;577;581;598;599;600;630;632;893;898
uba1_thio_ub76_no_ube2w,uba1_thio_ub76_no_ube2w__seed-17_sample-2__model.cif,UBGG:C2,A,True,,1.54,2,1.54,True,359.97,1,12,,,,478;479;574;575;576;577;581;598;599;600;630;632
uba1_thio_ub76_no_ube2w,uba1_thio_ub76_no_ube2w__seed-17_sample-3__model.cif,UBGG:C2,A,True,,1.492,2,1.492,True,359.99,2,13,,,,478;479;575;576;577;581;598;599;600;626;630;632;893
uba1_thio_ub76_no_ube2w,uba1_thio_ub76_no_ube2w__seed-17_sample-4__model.cif,UBGG:C2,A,True,,1.547,2,1.547,True,359.92,2,12,,,,478;479;574;575;576;577;581;598;599;600;630;632
uba1_thio_ub76_no_ube2w,uba1_thio_ub76_no_ube2w__seed-18_sample-0__model.cif,UBGG:C2,A,True,,1.526,2,1.526,True,359.77,2,12,,,,478;479;575;576;577;581;598;599;600;630;632;893
uba1_thio_ub76_no_ube2w,uba1_thio_ub76_no_ube2w__seed-18_sample-1__model.cif,UBGG:C2,A,True,,1.48,2,1.48,True,359.79,2,12,,,,478;479;575;576;577;581;598;599;600;630;632;893
uba1_thio_ub76_no_ube2w,uba1_thio_ub76_no_ube2w__seed-18_sample-2__model.cif,UBGG:C2,A,True,,1.529,2,1.529,True,359.58,2,13,,,,478;479;574;575;576;581;598;599;600;626;630;632;893
uba1_thio_ub76_no_ube2w,uba1_thio_ub76_no_ube2w__seed-18_sample-3__model.cif,UBGG:C2,A,True,,1.508,2,1.508,True,359.44,2,14,,,,478;479;574;575;576;577;581;598;599;600;626;630;632;893
uba1_thio_ub76_no_ube2w,uba1_thio_ub76_no_ube2w__seed-18_sample-4__model.cif,UBGG:C2,A,True,,1.486,2,1.486,True,355.53,2,13,,,,478;479;575;576;581;598;599;600;626;630;632;893;898
uba1_thio_ub76_no_ube2w,uba1_thio_ub76_no_ube2w__seed-19_sample-0__model.cif,UBGG:C2,A,True,,1.526,2,1.526,True,357.95,1,13,,,,478;479;575;576;577;581;598;599;600;630;632;893;898
uba1_thio_ub76_no_ube2w,uba1_thio_ub76_no_ube2w__seed-19_sample-1__model.cif,UBGG:C2,A,True,,1.55,2,1.55,True,358.56,1,12,,,,478;479;575;576;577;581;598;599;600;630;632;893
uba1_thio_ub76_no_ube2w,uba1_thio_ub76_no_ube2w__seed-19_sample-2__model.cif,UBGG:C2,A,True,,1.571,2,1.571,True,359.88,1,13,,,,478;479;575;576;577;581;598;599;600;630;632;893;898
uba1_thio_ub76_no_ube2w,uba1_thio_ub76_no_ube2w__seed-19_sample-3__model.cif,UBGG:C2,A,True,,1.547,2,1.547,True,359.96,2,13,,,,478;479;575;576;577;581;598;599;600;626;630;632;893
uba1_thio_ub76_no_ube2w,uba1_thio_ub76_no_ube2w__seed-19_sample-4__model.cif,UBGG:C2,A,True,,1.564,2,1.564,True,359.54,1,13,,,,478;479;574;575;576;577;581;598;599;600;626;630;632
uba1_thio_ub76_no_ube2w,uba1_thio_ub76_no_ube2w__seed-1_sample-0__model.cif,UBGG:C2,A,True,,1.52,2,1.52,True,359.76,1,12,,,,478;479;575;576;577;581;598;599;600;630;632;893
uba1_thio_ub76_no_ube2w,uba1_thio_ub76_no_ube2w__seed-1_sample-1__model.cif,UBGG:C2,A,True,,1.573,2,1.573,True,359.93,1,13,,,,478;479;575;576;577;581;598;599;600;626;630;632;893
uba1_thio_ub76_no_ube2w,uba1_thio_ub76_no_ube2w__seed-1_sample-2__model.cif,UBGG:C2,A,True,,1.578,2,1.578,True,354.58,2,14,,,,478;479;575;576;577;581;598;599;600;626;630;632;893;898
uba1_thio_ub76_no_ube2w,uba1_thio_ub76_no_ube2w__seed-1_sample-3__model.cif,UBGG:C2,A,True,,1.547,2,1.547,True,359.2,1,11,,,,478;479;575;576;581;598;599;600;630;632;893
uba1_thio_ub76_no_ube2w,uba1_thio_ub76_no_ube2w__seed-1_sample-4__model.cif,UBGG:C2,A,True,,1.526,2,1.526,True,357.53,2,12,,,,478;479;575;576;581;598;599;600;626;630;632;893
uba1_thio_ub76_no_ube2w,uba1_thio_ub76_no_ube2w__seed-20_sample-0__model.cif,UBGG:C2,A,True,,1.508,2,1.508,True,358.83,2,13,,,,478;479;574;575;576;577;581;598;599;600;626;630;632
uba1_thio_ub76_no_ube2w,uba1_thio_ub76_no_ube2w__seed-20_sample-1__model.cif,UBGG:C2,A,True,,1.583,2,1.583,True,359.9,1,12,,,,478;479;575;576;577;581;598;599;600;630;632;893
uba1_thio_ub76_no_ube2w,uba1_thio_ub76_no_ube2w__seed-20_sample-2__model.cif,UBGG:C2,A,True,,1.498,2,1.498,True,359.02,2,14,,,,478;479;574;575;576;577;581;598;599;600;626;630;632;893
uba1_thio_ub76_no_ube2w,uba1_thio_ub76_no_ube2w__seed-20_sample-3__model.cif,UBGG:C2,A,True,,1.543,2,1.543,True,358.69,2,12,,,,478;479;575;576;577;581;598;599;600;630;632;893
uba1_thio_ub76_no_ube2w,uba1_thio_ub76_no_ube2w__seed-20_sample-4__model.cif,UBGG:C2,A,True,,1.489,2,1.489,True,344.32,1,13,,,,479;575;576;577;581;598;599;600;626;630;631;632;893
uba1_thio_ub76_no_ube2w,uba1_thio_ub76_no_ube2w__seed-21_sample-0__model.cif,UBGG:C2,A,True,,1.525,2,1.525,True,339.46,1,11,,,,479;575;576;581;598;599;600;630;631;632;893
uba1_thio_ub76_no_ube2w,uba1_thio_ub76_no_ube2w__seed-21_sample-1__model.cif,UBGG:C2,A,True,,1.504,2,1.504,True,360.0,1,13,,,,478;479;574;575;576;577;581;598;599;600;626;630;632
uba1_thio_ub76_no_ube2w,uba1_thio_ub76_no_ube2w__seed-21_sample-2__model.cif,UBGG:C2,A,True,,1.492,2,1.492,True,355.38,2,11,,,,479;575;576;581;599;600;626;630;631;632;893
uba1_thio_ub76_no_ube2w,uba1_thio_ub76_no_ube2w__seed-21_sample-3__model.cif,UBGG:C2,A,True,,1.566,2,1.566,True,359.93,1,12,,,,478;479;575;576;581;598;599;600;626;630;632;893
uba1_thio_ub76_no_ube2w,uba1_thio_ub76_no_ube2w__seed-21_sample-4__model.cif,UBGG:C2,A,True,,1.518,2,1.518,True,359.99,1,13,,,,478;479;574;575;576;581;598;599;600;626;630;632;893
uba1_thio_ub76_no_ube2w,uba1_thio_ub76_no_ube2w__seed-22_sample-0__model.cif,UBGG:C2,A,True,,1.555,2,1.555,True,359.39,1,12,,,,478;479;575;576;581;598;599;600;626;630;632;893
uba1_thio_ub76_no_ube2w,uba1_thio_ub76_no_ube2w__seed-22_sample-1__model.cif,UBGG:C2,A,True,,1.58,2,1.58,True,359.89,1,12,,,,478;479;574;575;576;577;581;598;599;600;630;632
uba1_thio_ub76_no_ube2w,uba1_thio_ub76_no_ube2w__seed-22_sample-2__model.cif,UBGG:C2,A,True,,1.58,2,1.58,True,359.76,1,13,,,,478;479;575;576;577;581;598;599;600;626;630;632;893
uba1_thio_ub76_no_ube2w,uba1_thio_ub76_no_ube2w__seed-22_sample-3__model.cif,UBGG:C2,A,True,,1.546,2,1.546,True,359.33,1,12,,,,478;479;575;576;577;581;598;599;600;630;632;893
uba1_thio_ub76_no_ube2w,uba1_thio_ub76_no_ube2w__seed-22_sample-4__model.cif,UBGG:C2,A,True,,1.54,2,1.54,True,358.56,1,13,,,,478;479;575;576;577;581;598;599;600;630;632;893;898
uba1_thio_ub76_no_ube2w,uba1_thio_ub76_no_ube2w__seed-23_sample-0__model.cif,UBGG:C2,A,True,,1.467,2,1.467,True,357.12,2,12,,,,479;575;576;577;581;598;599;600;626;630;632;893
uba1_thio_ub76_no_ube2w,uba1_thio_ub76_no_ube2w__seed-23_sample-1__model.cif,UBGG:C2,A,True,,1.531,2,1.531,True,360.0,1,14,,,,478;479;575;576;577;581;598;599;600;626;630;632;893;898
uba1_thio_ub76_no_ube2w,uba1_thio_ub76_no_ube2w__seed-23_sample-2__model.cif,UBGG:C2,A,True,,1.527,2,1.527,True,359.87,2,12,,,,478;479;575;576;577;581;598;599;600;630;632;893
uba1_thio_ub76_no_ube2w,uba1_thio_ub76_no_ube2w__seed-23_sample-3__model.cif,UBGG:C2,A,True,,1.527,2,1.527,True,359.44,1,12,,,,478;479;575;576;577;581;598;599;600;630;632;893
uba1_thio_ub76_no_ube2w,uba1_thio_ub76_no_ube2w__seed-23_sample-4__model.cif,UBGG:C2,A,True,,1.567,2,1.567,True,359.98,1,13,,,,478;479;575;576;577;581;598;599;600;626;630;632;893
uba1_thio_ub76_no_ube2w,uba1_thio_ub76_no_ube2w__seed-24_sample-0__model.cif,UBGG:C2,A,True,,1.54,2,1.54,True,358.75,2,11,,,,478;479;575;576;581;598;599;600;630;632;893
uba1_thio_ub76_no_ube2w,uba1_thio_ub76_no_ube2w__seed-24_sample-1__model.cif,UBGG:C2,A,True,,1.507,2,1.507,True,359.35,2,12,,,,478;479;575;576;577;581;598;599;600;630;632;893
uba1_thio_ub76_no_ube2w,uba1_thio_ub76_no_ube2w__seed-24_sample-2__model.cif,UBGG:C2,A,True,,1.57,2,1.57,True,358.94,2,12,,,,478;479;575;576;581;598;599;600;626;630;632;893
uba1_thio_ub76_no_ube2w,uba1_thio_ub76_no_ube2w__seed-24_sample-3__model.cif,UBGG:C2,A,True,,1.539,2,1.539,True,358.45,2,12,,,,478;479;575;576;577;581;598;599;600;630;632;893
uba1_thio_ub76_no_ube2w,uba1_thio_ub76_no_ube2w__seed-24_sample-4__model.cif,UBGG:C2,A,True,,1.538,2,1.538,True,359.54,1,12,,,,478;479;575;576;581;598;599;600;626;630;632;893
uba1_thio_ub76_no_ube2w,uba1_thio_ub76_no_ube2w__seed-25_sample-0__model.cif,UBGG:C2,A,True,,1.555,2,1.555,True,359.79,2,13,,,,478;479;575;576;577;581;598;599;600;626;630;632;893
uba1_thio_ub76_no_ube2w,uba1_thio_ub76_no_ube2w__seed-25_sample-1__model.cif,UBGG:C2,A,True,,1.527,2,1.527,True,359.97,1,12,,,,478;479;574;575;576;581;598;599;600;630;632;893
uba1_thio_ub76_no_ube2w,uba1_thio_ub76_no_ube2w__seed-25_sample-2__model.cif,UBGG:C2,A,True,,1.542,2,1.542,True,359.2,2,11,,,,478;479;575;576;581;598;599;600;630;632;893
uba1_thio_ub76_no_ube2w,uba1_thio_ub76_no_ube2w__seed-25_sample-3__model.cif,UBGG:C2,A,True,,1.561,2,1.561,True,358.75,1,12,,,,478;479;575;576;577;581;598;599;600;630;632;893
uba1_thio_ub76_no_ube2w,uba1_thio_ub76_no_ube2w__seed-25_sample-4__model.cif,UBGG:C2,A,True,,1.546,2,1.546,True,359.59,2,12,,,,478;479;575;576;581;598;599;600;626;630;632;893
uba1_thio_ub76_no_ube2w,uba1_thio_ub76_no_ube2w__seed-2_sample-0__model.cif,UBGG:C2,A,True,,1.553,2,1.553,True,358.19,3,12,,,,478;479;575;576;581;598;599;600;626;630;632;893
uba1_thio_ub76_no_ube2w,uba1_thio_ub76_no_ube2w__seed-2_sample-1__model.cif,UBGG:C2,A,True,,1.556,2,1.556,True,359.6,1,13,,,,478;479;575;576;577;581;598;599;600;626;630;632;893
uba1_thio_ub76_no_ube2w,uba1_thio_ub76_no_ube2w__seed-2_sample-2__model.cif,UBGG:C2,A,True,,1.527,2,1.527,True,359.19,3,13,,,,478;479;575;576;577;581;598;599;600;626;630;632;893
uba1_thio_ub76_no_ube2w,uba1_thio_ub76_no_ube2w__seed-2_sample-3__model.cif,UBGG:C2,A,True,,1.508,2,1.508,True,359.99,1,13,,,,478;479;574;575;576;581;598;599;600;626;630;632;893
uba1_thio_ub76_no_ube2w,uba1_thio_ub76_no_ube2w__seed-2_sample-4__model.cif,UBGG:C2,A,True,,1.553,2,1.553,True,359.97,1,13,,,,478;479;575;576;577;581;598;599;600;626;630;632;893
uba1_thio_ub76_no_ube2w,uba1_thio_ub76_no_ube2w__seed-3_sample-0__model.cif,UBGG:C2,A,True,,1.533,2,1.533,True,359.96,1,14,,,,477;478;479;574;575;576;577;581;598;599;600;630;632;893
uba1_thio_ub76_no_ube2w,uba1_thio_ub76_no_ube2w__seed-3_sample-1__model.cif,UBGG:C2,A,True,,1.558,2,1.558,True,356.68,2,14,,,,478;479;575;576;577;581;598;599;600;626;630;632;893;898
uba1_thio_ub76_no_ube2w,uba1_thio_ub76_no_ube2w__seed-3_sample-2__model.cif,UBGG:C2,A,True,,1.498,2,1.498,True,359.85,2,12,,,,478;479;575;576;581;598;599;600;626;630;632;893
uba1_thio_ub76_no_ube2w,uba1_thio_ub76_no_ube2w__seed-3_sample-3__model.cif,UBGG:C2,A,True,,1.533,2,1.533,True,359.87,1,12,,,,478;479;575;576;581;598;599;600;626;630;632;893
uba1_thio_ub76_no_ube2w,uba1_thio_ub76_no_ube2w__seed-3_sample-4__model.cif,UBGG:C2,A,True,,1.584,2,1.584,True,358.73,1,12,,,,478;479;575;576;581;598;599;600;630;632;893;898
uba1_thio_ub76_no_ube2w,uba1_thio_ub76_no_ube2w__seed-4_sample-0__model.cif,UBGG:C2,A,True,,1.557,2,1.557,True,359.16,2,13,,,,478;479;575;576;577;581;598;599;600;626;630;632;893
uba1_thio_ub76_no_ube2w,uba1_thio_ub76_no_ube2w__seed-4_sample-1__model.cif,UBGG:C2,A,True,,1.488,2,1.488,True,359.93,2,11,,,,478;479;575;576;581;598;599;600;630;632;893
uba1_thio_ub76_no_ube2w,uba1_thio_ub76_no_ube2w__seed-4_sample-2__model.cif,UBGG:C2,A,True,,1.492,2,1.492,True,350.72,2,12,,,,479;575;576;581;598;599;600;626;630;631;632;893
uba1_thio_ub76_no_ube2w,uba1_thio_ub76_no_ube2w__seed-4_sample-3__model.cif,UBGG:C2,A,True,,1.561,2,1.561,True,359.97,2,12,,,,478;479;575;576;577;581;598;599;600;626;630;632
uba1_thio_ub76_no_ube2w,uba1_thio_ub76_no_ube2w__seed-4_sample-4__model.cif,UBGG:C2,A,True,,1.57,2,1.57,True,358.9,2,14,,,,478;479;574;575;576;577;581;598;599;600;626;630;632;893
uba1_thio_ub76_no_ube2w,uba1_thio_ub76_no_ube2w__seed-5_sample-0__model.cif,UBGG:C2,A,True,,1.533,2,1.533,True,359.72,1,12,,,,478;479;575;576;581;598;599;600;626;630;632;893
uba1_thio_ub76_no_ube2w,uba1_thio_ub76_no_ube2w__seed-5_sample-1__model.cif,UBGG:C2,A,True,,1.491,2,1.491,True,360.0,2,12,,,,478;479;575;576;577;581;598;599;600;630;632;893
uba1_thio_ub76_no_ube2w,uba1_thio_ub76_no_ube2w__seed-5_sample-2__model.cif,UBGG:C2,A,True,,1.511,2,1.511,True,359.81,1,15,,,,477;478;479;574;575;576;577;581;598;599;600;626;630;632;893
uba1_thio_ub76_no_ube2w,uba1_thio_ub76_no_ube2w__seed-5_sample-3__model.cif,UBGG:C2,A,True,,1.527,2,1.527,True,359.83,1,11,,,,478;479;575;576;581;598;599;600;630;632;893
uba1_thio_ub76_no_ube2w,uba1_thio_ub76_no_ube2w__seed-5_sample-4__model.cif,UBGG:C2,A,True,,1.513,2,1.513,True,346.12,1,12,,,,479;575;576;581;598;599;600;626;630;631;632;893
uba1_thio_ub76_no_ube2w,uba1_thio_ub76_no_ube2w__seed-6_sample-0__model.cif,UBGG:C2,A,True,,1.545,2,1.545,True,359.9,1,13,,,,478;479;575;576;577;581;598;599;600;626;630;632;893
uba1_thio_ub76_no_ube2w,uba1_thio_ub76_no_ube2w__seed-6_sample-1__model.cif,UBGG:C2,A,True,,1.552,2,1.552,True,359.87,1,13,,,,478;479;574;575;576;577;581;598;599;600;626;630;632
uba1_thio_ub76_no_ube2w,uba1_thio_ub76_no_ube2w__seed-6_sample-2__model.cif,UBGG:C2,A,True,,1.534,2,1.534,True,359.82,1,13,,,,478;479;575;576;577;581;598;599;600;626;630;632;893
uba1_thio_ub76_no_ube2w,uba1_thio_ub76_no_ube2w__seed-6_sample-3__model.cif,UBGG:C2,A,True,,1.522,2,1.522,True,355.55,1,12,,,,478;479;575;576;581;598;599;600;626;630;632;893
uba1_thio_ub76_no_ube2w,uba1_thio_ub76_no_ube2w__seed-6_sample-4__model.cif,UBGG:C2,A,True,,1.519,2,1.519,True,359.35,1,12,,,,478;479;575;576;577;581;598;599;600;630;632;893
uba1_thio_ub76_no_ube2w,uba1_thio_ub76_no_ube2w__seed-7_sample-0__model.cif,UBGG:C2,A,True,,1.469,2,1.469,True,353.76,2,12,,,,478;479;575;576;577;581;598;599;600;630;632;893
uba1_thio_ub76_no_ube2w,uba1_thio_ub76_no_ube2w__seed-7_sample-1__model.cif,UBGG:C2,A,True,,1.519,2,1.519,True,358.61,2,12,,,,478;479;575;576;577;581;598;599;600;630;632;893
uba1_thio_ub76_no_ube2w,uba1_thio_ub76_no_ube2w__seed-7_sample-2__model.cif,UBGG:C2,A,True,,1.555,2,1.555,True,359.95,1,14,,,,478;479;574;575;576;577;581;598;599;600;626;630;632;893
uba1_thio_ub76_no_ube2w,uba1_thio_ub76_no_ube2w__seed-7_sample-3__model.cif,UBGG:C2,A,True,,1.527,2,1.527,True,359.38,1,12,,,,478;479;575;576;581;598;599;600;626;630;632;893
uba1_thio_ub76_no_ube2w,uba1_thio_ub76_no_ube2w__seed-7_sample-4__model.cif,UBGG:C2,A,True,,1.548,2,1.548,True,359.83,1,14,,,,478;479;574;575;576;577;581;598;599;600;626;630;632;893
uba1_thio_ub76_no_ube2w,uba1_thio_ub76_no_ube2w__seed-8_sample-0__model.cif,UBGG:C2,A,True,,1.531,2,1.531,True,356.55,1,13,,,,478;479;575;576;581;598;599;600;626;630;632;893;898
uba1_thio_ub76_no_ube2w,uba1_thio_ub76_no_ube2w__seed-8_sample-1__model.cif,UBGG:C2,A,True,,1.552,2,1.552,True,356.26,1,11,,,,478;479;575;576;581;598;599;600;630;632;893
uba1_thio_ub76_no_ube2w,uba1_thio_ub76_no_ube2w__seed-8_sample-2__model.cif,UBGG:C2,A,True,,1.511,2,1.511,True,360.0,2,12,,,,478;479;575;576;577;581;598;599;600;630;632;893
uba1_thio_ub76_no_ube2w,uba1_thio_ub76_no_ube2w__seed-8_sample-3__model.cif,UBGG:C2,A,True,,1.503,2,1.503,True,339.53,1,12,,,,479;575;576;581;598;599;600;626;630;631;632;893
uba1_thio_ub76_no_ube2w,uba1_thio_ub76_no_ube2w__seed-8_sample-4__model.cif,UBGG:C2,A,True,,1.521,2,1.521,True,359.19,1,14,,,,478;479;575;576;577;581;598;599;600;626;630;632;893;898
uba1_thio_ub76_no_ube2w,uba1_thio_ub76_no_ube2w__seed-9_sample-0__model.cif,UBGG:C2,A,True,,1.577,2,1.577,True,359.31,2,12,,,,478;479;575;576;581;598;599;600;626;630;632;893
uba1_thio_ub76_no_ube2w,uba1_thio_ub76_no_ube2w__seed-9_sample-1__model.cif,UBGG:C2,A,True,,1.542,2,1.542,True,359.9,1,14,,,,478;479;575;576;577;581;598;599;600;626;630;632;893;898
uba1_thio_ub76_no_ube2w,uba1_thio_ub76_no_ube2w__seed-9_sample-2__model.cif,UBGG:C2,A,True,,1.532,2,1.532,True,359.86,1,15,,,,477;478;479;574;575;576;577;581;598;599;600;626;630;632;893
uba1_thio_ub76_no_ube2w,uba1_thio_ub76_no_ube2w__seed-9_sample-3__model.cif,UBGG:C2,A,True,,1.5,2,1.5,True,359.3,2,13,,,,478;479;575;576;577;581;598;599;600;626;630;632;893
uba1_thio_ub76_no_ube2w,uba1_thio_ub76_no_ube2w__seed-9_sample-4__model.cif,UBGG:C2,A,True,,1.54,2,1.54,True,359.9,1,12,,,,477;478;479;574;575;576;581;598;599;600;630;632
