has_ligand,n_bonds,bond_C01-NZ,bond_C-N1,bond_C2-SG,n01_catcys_sg,n01_nearest_cys,n01_nearest_cys_d,catcys_is_nearest,in_attack_range,thio_species,thio_c_s,thio_planarity,thio_has_oxt,n01_thio_c,iface_res_8A,chains,job,sample,model,iptm,ptm,ranking_score,nearest_lys_nz_d,nearest_lys_resi,bond_C-N01,bond_C2-N01,job_base,is_seed,sample_id
True,3,0.923,1.232,1.697,4.061,B/91,4.061,True,False,UBGG,1.697,338.6,False,2.665,9,A:96;B:151;G:1;L:1;U:74,sumo2_k11_charged_ube2w,seed-10_sample-0,sumo2_k11_charged_ube2w/seed-10_sample-0/model.cif,0.62,0.73,0.66,,,,,sumo2_k11_charged_ube2w,True,seed-10_sample-0
True,3,0.901,1.446,1.704,3.878,B/91,3.878,True,True,UBGG,1.704,339.1,False,2.78,10,A:96;B:151;G:1;L:1;U:74,sumo2_k11_charged_ube2w,seed-10_sample-1,sumo2_k11_charged_ube2w/seed-10_sample-1/model.cif,0.63,0.74,0.68,,,,,sumo2_k11_charged_ube2w,True,seed-10_sample-1
True,3,0.946,1.413,1.701,4.457,B/91,4.457,True,False,UBGG,1.701,339.5,False,3.094,12,A:96;B:151;G:1;L:1;U:74,sumo2_k11_charged_ube2w,seed-10_sample-2,sumo2_k11_charged_ube2w/seed-10_sample-2/model.cif,0.65,0.75,0.7,,,,,sumo2_k11_charged_ube2w,True,seed-10_sample-2
True,3,0.897,1.238,1.7,4.881,B/91,4.881,True,False,UBGG,1.7,337.9,False,3.455,8,A:96;B:151;G:1;L:1;U:74,sumo2_k11_charged_ube2w,seed-10_sample-3,sumo2_k11_charged_ube2w/seed-10_sample-3/model.cif,0.6,0.71,0.65,,,,,sumo2_k11_charged_ube2w,True,seed-10_sample-3
True,3,1.146,1.263,1.734,4.45,B/91,4.45,True,False,UBGG,1.734,337.3,False,3.251,15,A:96;B:151;G:1;L:1;U:74,sumo2_k11_charged_ube2w,seed-10_sample-4,sumo2_k11_charged_ube2w/seed-10_sample-4/model.cif,0.65,0.75,0.69,,,,,sumo2_k11_charged_ube2w,True,seed-10_sample-4
True,3,1.097,1.322,1.726,4.142,B/91,4.142,True,False,UBGG,1.726,338.8,False,3.104,9,A:96;B:151;G:1;L:1;U:74,sumo2_k11_charged_ube2w,seed-11_sample-0,sumo2_k11_charged_ube2w/seed-11_sample-0/model.cif,0.64,0.75,0.68,,,,,sumo2_k11_charged_ube2w,True,seed-11_sample-0
True,3,0.817,1.258,1.695,4.116,B/91,4.116,True,False,UBGG,1.695,339.0,False,2.954,10,A:96;B:151;G:1;L:1;U:74,sumo2_k11_charged_ube2w,seed-11_sample-1,sumo2_k11_charged_ube2w/seed-11_sample-1/model.cif,0.6,0.72,0.65,,,,,sumo2_k11_charged_ube2w,True,seed-11_sample-1
True,3,0.961,1.339,1.714,4.734,B/91,4.734,True,False,UBGG,1.714,338.7,False,3.409,11,A:96;B:151;G:1;L:1;U:74,sumo2_k11_charged_ube2w,seed-11_sample-2,sumo2_k11_charged_ube2w/seed-11_sample-2/model.cif,0.61,0.73,0.66,,,,,sumo2_k11_charged_ube2w,True,seed-11_sample-2
True,3,0.94,1.337,1.716,4.858,B/91,4.858,True,False,UBGG,1.716,339.3,False,3.447,10,A:96;B:151;G:1;L:1;U:74,sumo2_k11_charged_ube2w,seed-11_sample-3,sumo2_k11_charged_ube2w/seed-11_sample-3/model.cif,0.62,0.73,0.66,,,,,sumo2_k11_charged_ube2w,True,seed-11_sample-3
True,3,0.956,1.266,1.691,4.838,B/91,4.838,True,False,UBGG,1.691,339.2,False,3.429,9,A:96;B:151;G:1;L:1;U:74,sumo2_k11_charged_ube2w,seed-11_sample-4,sumo2_k11_charged_ube2w/seed-11_sample-4/model.cif,0.59,0.72,0.65,,,,,sumo2_k11_charged_ube2w,True,seed-11_sample-4
True,3,1.124,1.352,1.738,5.094,B/91,5.094,True,False,UBGG,1.738,338.7,False,3.659,7,A:96;B:151;G:1;L:1;U:74,sumo2_k11_charged_ube2w,seed-12_sample-0,sumo2_k11_charged_ube2w/seed-12_sample-0/model.cif,0.61,0.73,0.66,,,,,sumo2_k11_charged_ube2w,True,seed-12_sample-0
True,3,0.953,1.394,1.713,4.805,B/91,4.805,True,False,UBGG,1.713,339.2,False,3.426,10,A:96;B:151;G:1;L:1;U:74,sumo2_k11_charged_ube2w,seed-12_sample-1,sumo2_k11_charged_ube2w/seed-12_sample-1/model.cif,0.59,0.71,0.64,,,,,sumo2_k11_charged_ube2w,True,seed-12_sample-1
True,3,0.785,1.386,1.698,4.698,B/91,4.698,True,False,UBGG,1.698,338.2,False,3.257,13,A:96;B:151;G:1;L:1;U:74,sumo2_k11_charged_ube2w,seed-12_sample-2,sumo2_k11_charged_ube2w/seed-12_sample-2/model.cif,0.62,0.74,0.66,,,,,sumo2_k11_charged_ube2w,True,seed-12_sample-2
True,3,1.17,1.399,1.726,4.493,B/91,4.493,True,False,UBGG,1.726,337.9,False,3.11,17,A:96;B:151;G:1;L:1;U:74,sumo2_k11_charged_ube2w,seed-12_sample-3,sumo2_k11_charged_ube2w/seed-12_sample-3/model.cif,0.65,0.76,0.69,,,,,sumo2_k11_charged_ube2w,True,seed-12_sample-3
True,3,1.191,1.389,1.725,10.724,B/91,10.724,True,False,UBGG,1.725,337.5,False,9.061,6,A:96;B:151;G:1;L:1;U:74,sumo2_k11_charged_ube2w,seed-12_sample-4,sumo2_k11_charged_ube2w/seed-12_sample-4/model.cif,0.6,0.73,0.65,,,,,sumo2_k11_charged_ube2w,True,seed-12_sample-4
True,3,0.919,1.219,1.706,4.016,B/91,4.016,True,False,UBGG,1.706,337.8,False,2.831,15,A:96;B:151;G:1;L:1;U:74,sumo2_k11_charged_ube2w,seed-13_sample-0,sumo2_k11_charged_ube2w/seed-13_sample-0/model.cif,0.62,0.74,0.67,,,,,sumo2_k11_charged_ube2w,True,seed-13_sample-0
True,3,0.949,1.276,1.702,4.891,B/91,4.891,True,False,UBGG,1.702,339.1,False,3.473,13,A:96;B:151;G:1;L:1;U:74,sumo2_k11_charged_ube2w,seed-13_sample-1,sumo2_k11_charged_ube2w/seed-13_sample-1/model.cif,0.62,0.74,0.67,,,,,sumo2_k11_charged_ube2w,True,seed-13_sample-1
True,3,1.144,1.34,1.716,4.929,B/91,4.929,True,False,UBGG,1.716,337.2,False,3.508,16,A:96;B:151;G:1;L:1;U:74,sumo2_k11_charged_ube2w,seed-13_sample-2,sumo2_k11_charged_ube2w/seed-13_sample-2/model.cif,0.62,0.74,0.66,,,,,sumo2_k11_charged_ube2w,True,seed-13_sample-2
True,3,0.859,1.289,1.708,4.184,B/91,4.184,True,False,UBGG,1.708,338.5,False,2.841,12,A:96;B:151;G:1;L:1;U:74,sumo2_k11_charged_ube2w,seed-13_sample-3,sumo2_k11_charged_ube2w/seed-13_sample-3/model.cif,0.63,0.74,0.68,,,,,sumo2_k11_charged_ube2w,True,seed-13_sample-3
True,3,0.962,1.337,1.729,4.372,B/91,4.372,True,False,UBGG,1.729,338.6,False,2.918,10,A:96;B:151;G:1;L:1;U:74,sumo2_k11_charged_ube2w,seed-13_sample-4,sumo2_k11_charged_ube2w/seed-13_sample-4/model.cif,0.61,0.73,0.66,,,,,sumo2_k11_charged_ube2w,True,seed-13_sample-4
True,3,0.896,1.287,1.697,4.127,B/91,4.127,True,False,UBGG,1.697,338.9,False,2.715,9,A:96;B:151;G:1;L:1;U:74,sumo2_k11_charged_ube2w,seed-14_sample-0,sumo2_k11_charged_ube2w/seed-14_sample-0/model.cif,0.61,0.73,0.66,,,,,sumo2_k11_charged_ube2w,True,seed-14_sample-0
True,3,1.167,1.432,1.75,12.61,B/151,10.913,False,False,UBGG,1.75,342.1,False,10.902,18,A:96;B:151;G:1;L:1;U:74,sumo2_k11_charged_ube2w,seed-14_sample-1,sumo2_k11_charged_ube2w/seed-14_sample-1/model.cif,0.69,0.79,0.74,,,,,sumo2_k11_charged_ube2w,True,seed-14_sample-1
True,3,0.991,1.274,1.706,4.504,B/91,4.504,True,False,UBGG,1.706,339.6,False,3.182,7,A:96;B:151;G:1;L:1;U:74,sumo2_k11_charged_ube2w,seed-14_sample-2,sumo2_k11_charged_ube2w/seed-14_sample-2/model.cif,0.61,0.72,0.66,,,,,sumo2_k11_charged_ube2w,True,seed-14_sample-2
True,3,0.976,1.279,1.708,4.826,B/91,4.826,True,False,UBGG,1.708,339.3,False,3.418,11,A:96;B:151;G:1;L:1;U:74,sumo2_k11_charged_ube2w,seed-14_sample-3,sumo2_k11_charged_ube2w/seed-14_sample-3/model.cif,0.61,0.72,0.67,,,,,sumo2_k11_charged_ube2w,True,seed-14_sample-3
True,3,0.881,1.336,1.725,4.366,B/91,4.366,True,False,UBGG,1.725,339.9,False,3.343,11,A:96;B:151;G:1;L:1;U:74,sumo2_k11_charged_ube2w,seed-14_sample-4,sumo2_k11_charged_ube2w/seed-14_sample-4/model.cif,0.59,0.71,0.64,,,,,sumo2_k11_charged_ube2w,True,seed-14_sample-4
True,3,0.917,1.301,1.71,4.506,B/91,4.506,True,False,UBGG,1.71,339.0,False,3.131,11,A:96;B:151;G:1;L:1;U:74,sumo2_k11_charged_ube2w,seed-15_sample-0,sumo2_k11_charged_ube2w/seed-15_sample-0/model.cif,0.62,0.74,0.67,,,,,sumo2_k11_charged_ube2w,True,seed-15_sample-0
True,3,1.136,1.333,1.725,4.806,B/91,4.806,True,False,UBGG,1.725,337.3,False,3.336,17,A:96;B:151;G:1;L:1;U:74,sumo2_k11_charged_ube2w,seed-15_sample-1,sumo2_k11_charged_ube2w/seed-15_sample-1/model.cif,0.63,0.74,0.67,,,,,sumo2_k11_charged_ube2w,True,seed-15_sample-1
True,3,1.017,1.239,1.71,4.846,B/91,4.846,True,False,UBGG,1.71,338.7,False,3.43,15,A:96;B:151;G:1;L:1;U:74,sumo2_k11_charged_ube2w,seed-15_sample-2,sumo2_k11_charged_ube2w/seed-15_sample-2/model.cif,0.63,0.74,0.67,,,,,sumo2_k11_charged_ube2w,True,seed-15_sample-2
True,3,0.952,1.247,1.687,4.651,B/91,4.651,True,False,UBGG,1.687,337.1,False,3.282,9,A:96;B:151;G:1;L:1;U:74,sumo2_k11_charged_ube2w,seed-15_sample-3,sumo2_k11_charged_ube2w/seed-15_sample-3/model.cif,0.61,0.73,0.66,,,,,sumo2_k11_charged_ube2w,True,seed-15_sample-3
True,3,0.814,1.383,1.706,4.893,B/91,4.893,True,False,UBGG,1.706,338.6,False,3.502,8,A:96;B:151;G:1;L:1;U:74,sumo2_k11_charged_ube2w,seed-15_sample-4,sumo2_k11_charged_ube2w/seed-15_sample-4/model.cif,0.58,0.71,0.63,,,,,sumo2_k11_charged_ube2w,True,seed-15_sample-4
True,3,0.83,1.342,1.677,4.379,B/91,4.379,True,False,UBGG,1.677,337.7,False,2.848,8,A:96;B:151;G:1;L:1;U:74,sumo2_k11_charged_ube2w,seed-16_sample-0,sumo2_k11_charged_ube2w/seed-16_sample-0/model.cif,0.6,0.72,0.65,,,,,sumo2_k11_charged_ube2w,True,seed-16_sample-0
True,3,1.001,1.277,1.716,4.523,B/91,4.523,True,False,UBGG,1.716,338.8,False,3.249,9,A:96;B:151;G:1;L:1;U:74,sumo2_k11_charged_ube2w,seed-16_sample-1,sumo2_k11_charged_ube2w/seed-16_sample-1/model.cif,0.6,0.72,0.65,,,,,sumo2_k11_charged_ube2w,True,seed-16_sample-1
True,3,1.093,1.297,1.71,3.977,B/91,3.977,True,True,UBGG,1.71,337.3,False,2.693,16,A:96;B:151;G:1;L:1;U:74,sumo2_k11_charged_ube2w,seed-16_sample-2,sumo2_k11_charged_ube2w/seed-16_sample-2/model.cif,0.63,0.74,0.67,,,,,sumo2_k11_charged_ube2w,True,seed-16_sample-2
True,3,0.926,1.221,1.729,4.488,B/91,4.488,True,False,UBGG,1.729,336.3,False,3.055,14,A:96;B:151;G:1;L:1;U:74,sumo2_k11_charged_ube2w,seed-16_sample-3,sumo2_k11_charged_ube2w/seed-16_sample-3/model.cif,0.6,0.72,0.65,,,,,sumo2_k11_charged_ube2w,True,seed-16_sample-3
True,3,1.219,1.147,1.76,4.427,B/91,4.427,True,False,UBGG,1.76,339.3,False,3.072,6,A:96;B:151;G:1;L:1;U:74,sumo2_k11_charged_ube2w,seed-16_sample-4,sumo2_k11_charged_ube2w/seed-16_sample-4/model.cif,0.6,0.71,0.64,,,,,sumo2_k11_charged_ube2w,True,seed-16_sample-4
True,3,0.886,1.153,1.709,4.573,B/91,4.573,True,False,UBGG,1.709,336.3,False,3.186,17,A:96;B:151;G:1;L:1;U:74,sumo2_k11_charged_ube2w,seed-17_sample-0,sumo2_k11_charged_ube2w/seed-17_sample-0/model.cif,0.66,0.76,0.71,,,,,sumo2_k11_charged_ube2w,True,seed-17_sample-0
True,3,0.86,1.23,1.703,4.403,B/91,4.403,True,False,UBGG,1.703,338.3,False,3.111,11,A:96;B:151;G:1;L:1;U:74,sumo2_k11_charged_ube2w,seed-17_sample-1,sumo2_k11_charged_ube2w/seed-17_sample-1/model.cif,0.65,0.76,0.7,,,,,sumo2_k11_charged_ube2w,True,seed-17_sample-1
True,3,0.823,1.27,1.675,4.417,B/91,4.417,True,False,UBGG,1.675,342.3,False,3.034,14,A:96;B:151;G:1;L:1;U:74,sumo2_k11_charged_ube2w,seed-17_sample-2,sumo2_k11_charged_ube2w/seed-17_sample-2/model.cif,0.64,0.75,0.68,,,,,sumo2_k11_charged_ube2w,True,seed-17_sample-2
True,3,1.009,1.308,1.733,5.044,B/91,5.044,True,False,UBGG,1.733,339.9,False,3.689,9,A:96;B:151;G:1;L:1;U:74,sumo2_k11_charged_ube2w,seed-17_sample-3,sumo2_k11_charged_ube2w/seed-17_sample-3/model.cif,0.65,0.75,0.69,,,,,sumo2_k11_charged_ube2w,True,seed-17_sample-3
True,3,1.012,1.343,1.72,4.37,B/91,4.37,True,False,UBGG,1.72,339.5,False,3.051,12,A:96;B:151;G:1;L:1;U:74,sumo2_k11_charged_ube2w,seed-17_sample-4,sumo2_k11_charged_ube2w/seed-17_sample-4/model.cif,0.65,0.76,0.7,,,,,sumo2_k11_charged_ube2w,True,seed-17_sample-4
True,3,1.16,1.289,1.738,4.426,B/91,4.426,True,False,UBGG,1.738,338.6,False,3.002,18,A:96;B:151;G:1;L:1;U:74,sumo2_k11_charged_ube2w,seed-18_sample-0,sumo2_k11_charged_ube2w/seed-18_sample-0/model.cif,0.63,0.76,0.68,,,,,sumo2_k11_charged_ube2w,True,seed-18_sample-0
True,3,0.887,1.315,1.699,4.446,B/91,4.446,True,False,UBGG,1.699,341.0,False,3.103,13,A:96;B:151;G:1;L:1;U:74,sumo2_k11_charged_ube2w,seed-18_sample-1,sumo2_k11_charged_ube2w/seed-18_sample-1/model.cif,0.61,0.73,0.66,,,,,sumo2_k11_charged_ube2w,True,seed-18_sample-1
True,3,0.918,1.451,1.689,4.258,B/91,4.258,True,False,UBGG,1.689,341.8,False,2.894,9,A:96;B:151;G:1;L:1;U:74,sumo2_k11_charged_ube2w,seed-18_sample-2,sumo2_k11_charged_ube2w/seed-18_sample-2/model.cif,0.58,0.7,0.63,,,,,sumo2_k11_charged_ube2w,True,seed-18_sample-2
True,3,0.931,1.262,1.725,4.769,B/91,4.769,True,False,UBGG,1.725,340.7,False,3.344,8,A:96;B:151;G:1;L:1;U:74,sumo2_k11_charged_ube2w,seed-18_sample-3,sumo2_k11_charged_ube2w/seed-18_sample-3/model.cif,0.61,0.73,0.66,,,,,sumo2_k11_charged_ube2w,True,seed-18_sample-3
True,3,0.859,1.228,1.69,4.169,B/91,4.169,True,False,UBGG,1.69,340.6,False,2.81,6,A:96;B:151;G:1;L:1;U:74,sumo2_k11_charged_ube2w,seed-18_sample-4,sumo2_k11_charged_ube2w/seed-18_sample-4/model.cif,0.6,0.72,0.65,,,,,sumo2_k11_charged_ube2w,True,seed-18_sample-4
True,3,1.031,1.355,1.718,4.563,B/91,4.563,True,False,UBGG,1.718,340.2,False,3.186,7,A:96;B:151;G:1;L:1;U:74,sumo2_k11_charged_ube2w,seed-19_sample-0,sumo2_k11_charged_ube2w/seed-19_sample-0/model.cif,0.62,0.74,0.67,,,,,sumo2_k11_charged_ube2w,True,seed-19_sample-0
True,3,0.847,1.313,1.708,4.472,B/91,4.472,True,False,UBGG,1.708,338.6,False,3.269,15,A:96;B:151;G:1;L:1;U:74,sumo2_k11_charged_ube2w,seed-19_sample-1,sumo2_k11_charged_ube2w/seed-19_sample-1/model.cif,0.62,0.73,0.67,,,,,sumo2_k11_charged_ube2w,True,seed-19_sample-1
True,3,1.064,1.331,1.709,4.029,B/91,4.029,True,False,UBGG,1.709,339.7,False,2.714,8,A:96;B:151;G:1;L:1;U:74,sumo2_k11_charged_ube2w,seed-19_sample-2,sumo2_k11_charged_ube2w/seed-19_sample-2/model.cif,0.59,0.71,0.64,,,,,sumo2_k11_charged_ube2w,True,seed-19_sample-2
True,3,0.837,1.411,1.679,3.784,B/91,3.784,True,True,UBGG,1.679,338.8,False,2.464,10,A:96;B:151;G:1;L:1;U:74,sumo2_k11_charged_ube2w,seed-19_sample-3,sumo2_k11_charged_ube2w/seed-19_sample-3/model.cif,0.61,0.73,0.66,,,,,sumo2_k11_charged_ube2w,True,seed-19_sample-3
True,3,0.895,1.286,1.711,4.233,B/91,4.233,True,False,UBGG,1.711,341.3,False,3.08,10,A:96;B:151;G:1;L:1;U:74,sumo2_k11_charged_ube2w,seed-19_sample-4,sumo2_k11_charged_ube2w/seed-19_sample-4/model.cif,0.62,0.73,0.67,,,,,sumo2_k11_charged_ube2w,True,seed-19_sample-4
True,3,0.851,1.273,1.717,3.953,B/91,3.953,True,True,UBGG,1.717,337.2,False,2.866,13,A:96;B:151;G:1;L:1;U:74,sumo2_k11_charged_ube2w,seed-1_sample-0,sumo2_k11_charged_ube2w/seed-1_sample-0/model.cif,0.64,0.75,0.68,,,,,sumo2_k11_charged_ube2w,True,seed-1_sample-0
True,3,0.797,1.341,1.688,4.0,B/91,4.0,True,True,UBGG,1.688,337.6,False,2.637,13,A:96;B:151;G:1;L:1;U:74,sumo2_k11_charged_ube2w,seed-1_sample-1,sumo2_k11_charged_ube2w/seed-1_sample-1/model.cif,0.66,0.76,0.71,,,,,sumo2_k11_charged_ube2w,True,seed-1_sample-1
True,3,0.918,1.361,1.713,4.421,B/91,4.421,True,False,UBGG,1.713,337.9,False,3.102,11,A:96;B:151;G:1;L:1;U:74,sumo2_k11_charged_ube2w,seed-1_sample-2,sumo2_k11_charged_ube2w/seed-1_sample-2/model.cif,0.66,0.76,0.7,,,,,sumo2_k11_charged_ube2w,True,seed-1_sample-2
True,3,0.948,1.37,1.722,4.287,B/91,4.287,True,False,UBGG,1.722,339.5,False,2.909,11,A:96;B:151;G:1;L:1;U:74,sumo2_k11_charged_ube2w,seed-1_sample-3,sumo2_k11_charged_ube2w/seed-1_sample-3/model.cif,0.63,0.74,0.68,,,,,sumo2_k11_charged_ube2w,True,seed-1_sample-3
True,3,0.962,1.281,1.704,4.034,B/91,4.034,True,False,UBGG,1.704,339.1,False,2.906,11,A:96;B:151;G:1;L:1;U:74,sumo2_k11_charged_ube2w,seed-1_sample-4,sumo2_k11_charged_ube2w/seed-1_sample-4/model.cif,0.63,0.74,0.68,,,,,sumo2_k11_charged_ube2w,True,seed-1_sample-4
True,3,0.841,1.384,1.707,4.777,B/91,4.777,True,False,UBGG,1.707,339.8,False,3.389,9,A:96;B:151;G:1;L:1;U:74,sumo2_k11_charged_ube2w,seed-20_sample-0,sumo2_k11_charged_ube2w/seed-20_sample-0/model.cif,0.62,0.73,0.67,,,,,sumo2_k11_charged_ube2w,True,seed-20_sample-0
True,3,0.944,1.335,1.716,4.411,B/91,4.411,True,False,UBGG,1.716,338.6,False,3.102,12,A:96;B:151;G:1;L:1;U:74,sumo2_k11_charged_ube2w,seed-20_sample-1,sumo2_k11_charged_ube2w/seed-20_sample-1/model.cif,0.65,0.76,0.7,,,,,sumo2_k11_charged_ube2w,True,seed-20_sample-1
True,3,0.968,1.428,1.725,4.978,B/91,4.978,True,False,UBGG,1.725,339.8,False,3.583,11,A:96;B:151;G:1;L:1;U:74,sumo2_k11_charged_ube2w,seed-20_sample-2,sumo2_k11_charged_ube2w/seed-20_sample-2/model.cif,0.64,0.75,0.69,,,,,sumo2_k11_charged_ube2w,True,seed-20_sample-2
True,3,0.954,1.313,1.732,4.199,B/91,4.199,True,False,UBGG,1.732,339.8,False,2.768,8,A:96;B:151;G:1;L:1;U:74,sumo2_k11_charged_ube2w,seed-20_sample-3,sumo2_k11_charged_ube2w/seed-20_sample-3/model.cif,0.63,0.74,0.68,,,,,sumo2_k11_charged_ube2w,True,seed-20_sample-3
True,3,1.062,1.436,1.719,4.335,B/91,4.335,True,False,UBGG,1.719,338.8,False,2.996,7,A:96;B:151;G:1;L:1;U:74,sumo2_k11_charged_ube2w,seed-20_sample-4,sumo2_k11_charged_ube2w/seed-20_sample-4/model.cif,0.6,0.71,0.65,,,,,sumo2_k11_charged_ube2w,True,seed-20_sample-4
True,3,0.98,1.206,1.688,3.869,B/91,3.869,True,True,UBGG,1.688,338.0,False,2.667,11,A:96;B:151;G:1;L:1;U:74,sumo2_k11_charged_ube2w,seed-2_sample-0,sumo2_k11_charged_ube2w/seed-2_sample-0/model.cif,0.61,0.72,0.66,,,,,sumo2_k11_charged_ube2w,True,seed-2_sample-0
True,3,0.911,1.273,1.687,4.105,B/91,4.105,True,False,UBGG,1.687,337.3,False,2.7,12,A:96;B:151;G:1;L:1;U:74,sumo2_k11_charged_ube2w,seed-2_sample-1,sumo2_k11_charged_ube2w/seed-2_sample-1/model.cif,0.63,0.74,0.68,,,,,sumo2_k11_charged_ube2w,True,seed-2_sample-1
True,3,0.972,1.256,1.703,4.343,B/91,4.343,True,False,UBGG,1.703,338.1,False,2.922,10,A:96;B:151;G:1;L:1;U:74,sumo2_k11_charged_ube2w,seed-2_sample-2,sumo2_k11_charged_ube2w/seed-2_sample-2/model.cif,0.59,0.7,0.63,,,,,sumo2_k11_charged_ube2w,True,seed-2_sample-2
True,3,0.921,1.24,1.695,4.208,B/91,4.208,True,False,UBGG,1.695,339.1,False,2.847,9,A:96;B:151;G:1;L:1;U:74,sumo2_k11_charged_ube2w,seed-2_sample-3,sumo2_k11_charged_ube2w/seed-2_sample-3/model.cif,0.59,0.71,0.64,,,,,sumo2_k11_charged_ube2w,True,seed-2_sample-3
True,3,0.85,1.342,1.689,3.893,B/91,3.893,True,True,UBGG,1.689,338.0,False,3.066,10,A:96;B:151;G:1;L:1;U:74,sumo2_k11_charged_ube2w,seed-2_sample-4,sumo2_k11_charged_ube2w/seed-2_sample-4/model.cif,0.61,0.73,0.66,,,,,sumo2_k11_charged_ube2w,True,seed-2_sample-4
True,3,1.005,1.348,1.634,4.338,B/91,4.338,True,False,UBGG,1.634,345.5,False,2.931,7,A:96;B:151;G:1;L:1;U:74,sumo2_k11_charged_ube2w,seed-3_sample-0,sumo2_k11_charged_ube2w/seed-3_sample-0/model.cif,0.61,0.72,0.66,,,,,sumo2_k11_charged_ube2w,True,seed-3_sample-0
True,3,0.924,1.332,1.726,4.588,B/91,4.588,True,False,UBGG,1.726,338.5,False,3.196,15,A:96;B:151;G:1;L:1;U:74,sumo2_k11_charged_ube2w,seed-3_sample-1,sumo2_k11_charged_ube2w/seed-3_sample-1/model.cif,0.63,0.74,0.67,,,,,sumo2_k11_charged_ube2w,True,seed-3_sample-1
True,3,0.877,1.319,1.706,4.938,B/91,4.938,True,False,UBGG,1.706,340.5,False,3.47,7,A:96;B:151;G:1;L:1;U:74,sumo2_k11_charged_ube2w,seed-3_sample-2,sumo2_k11_charged_ube2w/seed-3_sample-2/model.cif,0.62,0.73,0.67,,,,,sumo2_k11_charged_ube2w,True,seed-3_sample-2
True,3,0.837,1.331,1.683,4.007,B/91,4.007,True,False,UBGG,1.683,337.3,False,2.679,14,A:96;B:151;G:1;L:1;U:74,sumo2_k11_charged_ube2w,seed-3_sample-3,sumo2_k11_charged_ube2w/seed-3_sample-3/model.cif,0.64,0.74,0.69,,,,,sumo2_k11_charged_ube2w,True,seed-3_sample-3
True,3,0.917,1.357,1.711,4.69,B/91,4.69,True,False,UBGG,1.711,339.1,False,3.307,11,A:96;B:151;G:1;L:1;U:74,sumo2_k11_charged_ube2w,seed-3_sample-4,sumo2_k11_charged_ube2w/seed-3_sample-4/model.cif,0.61,0.72,0.65,,,,,sumo2_k11_charged_ube2w,True,seed-3_sample-4
True,3,1.018,1.426,1.718,4.451,B/91,4.451,True,False,UBGG,1.718,339.9,False,3.154,12,A:96;B:151;G:1;L:1;U:74,sumo2_k11_charged_ube2w,seed-4_sample-0,sumo2_k11_charged_ube2w/seed-4_sample-0/model.cif,0.65,0.75,0.69,,,,,sumo2_k11_charged_ube2w,True,seed-4_sample-0
True,3,0.92,1.299,1.703,3.931,B/91,3.931,True,True,UBGG,1.703,337.9,False,2.719,12,A:96;B:151;G:1;L:1;U:74,sumo2_k11_charged_ube2w,seed-4_sample-1,sumo2_k11_charged_ube2w/seed-4_sample-1/model.cif,0.63,0.74,0.68,,,,,sumo2_k11_charged_ube2w,True,seed-4_sample-1
True,3,0.908,1.388,1.696,4.43,B/91,4.43,True,False,UBGG,1.696,341.0,False,3.111,9,A:96;B:151;G:1;L:1;U:74,sumo2_k11_charged_ube2w,seed-4_sample-2,sumo2_k11_charged_ube2w/seed-4_sample-2/model.cif,0.64,0.74,0.69,,,,,sumo2_k11_charged_ube2w,True,seed-4_sample-2
True,3,0.894,1.463,1.721,4.693,B/91,4.693,True,False,UBGG,1.721,339.0,False,3.346,12,A:96;B:151;G:1;L:1;U:74,sumo2_k11_charged_ube2w,seed-4_sample-3,sumo2_k11_charged_ube2w/seed-4_sample-3/model.cif,0.64,0.75,0.69,,,,,sumo2_k11_charged_ube2w,True,seed-4_sample-3
True,3,1.03,1.471,1.704,4.512,B/91,4.512,True,False,UBGG,1.704,339.0,False,3.242,11,A:96;B:151;G:1;L:1;U:74,sumo2_k11_charged_ube2w,seed-4_sample-4,sumo2_k11_charged_ube2w/seed-4_sample-4/model.cif,0.65,0.75,0.7,,,,,sumo2_k11_charged_ube2w,True,seed-4_sample-4
True,3,1.101,1.329,1.758,4.173,B/91,4.173,True,False,UBGG,1.758,336.9,False,3.135,10,A:96;B:151;G:1;L:1;U:74,sumo2_k11_charged_ube2w,seed-5_sample-0,sumo2_k11_charged_ube2w/seed-5_sample-0/model.cif,0.61,0.74,0.65,,,,,sumo2_k11_charged_ube2w,True,seed-5_sample-0
True,3,0.927,1.419,1.725,4.755,B/91,4.755,True,False,UBGG,1.725,337.5,False,3.395,10,A:96;B:151;G:1;L:1;U:74,sumo2_k11_charged_ube2w,seed-5_sample-1,sumo2_k11_charged_ube2w/seed-5_sample-1/model.cif,0.6,0.71,0.64,,,,,sumo2_k11_charged_ube2w,True,seed-5_sample-1
True,3,0.847,1.418,1.702,4.432,B/91,4.432,True,False,UBGG,1.702,339.8,False,3.059,9,A:96;B:151;G:1;L:1;U:74,sumo2_k11_charged_ube2w,seed-5_sample-2,sumo2_k11_charged_ube2w/seed-5_sample-2/model.cif,0.59,0.71,0.65,,,,,sumo2_k11_charged_ube2w,True,seed-5_sample-2
True,3,1.134,1.394,1.745,4.502,B/91,4.502,True,False,UBGG,1.745,337.4,False,3.054,6,A:96;B:151;G:1;L:1;U:74,sumo2_k11_charged_ube2w,seed-5_sample-3,sumo2_k11_charged_ube2w/seed-5_sample-3/model.cif,0.61,0.72,0.65,,,,,sumo2_k11_charged_ube2w,True,seed-5_sample-3
True,3,0.936,1.384,1.705,4.259,B/91,4.259,True,False,UBGG,1.705,336.8,False,2.967,9,A:96;B:151;G:1;L:1;U:74,sumo2_k11_charged_ube2w,seed-5_sample-4,sumo2_k11_charged_ube2w/seed-5_sample-4/model.cif,0.59,0.71,0.64,,,,,sumo2_k11_charged_ube2w,True,seed-5_sample-4
True,3,0.829,1.241,1.65,4.5,B/91,4.5,True,False,UBGG,1.65,338.8,False,3.059,11,A:96;B:151;G:1;L:1;U:74,sumo2_k11_charged_ube2w,seed-6_sample-0,sumo2_k11_charged_ube2w/seed-6_sample-0/model.cif,0.61,0.73,0.66,,,,,sumo2_k11_charged_ube2w,True,seed-6_sample-0
True,3,1.205,1.306,1.741,4.818,B/91,4.818,True,False,UBGG,1.741,337.5,False,3.374,14,A:96;B:151;G:1;L:1;U:74,sumo2_k11_charged_ube2w,seed-6_sample-1,sumo2_k11_charged_ube2w/seed-6_sample-1/model.cif,0.62,0.73,0.66,,,,,sumo2_k11_charged_ube2w,True,seed-6_sample-1
True,3,1.189,1.328,1.716,4.515,B/91,4.515,True,False,UBGG,1.716,338.4,False,3.061,8,A:96;B:151;G:1;L:1;U:74,sumo2_k11_charged_ube2w,seed-6_sample-2,sumo2_k11_charged_ube2w/seed-6_sample-2/model.cif,0.65,0.75,0.67,,,,,sumo2_k11_charged_ube2w,True,seed-6_sample-2
True,3,1.065,1.369,1.715,4.74,B/91,4.74,True,False,UBGG,1.715,338.3,False,3.334,10,A:96;B:151;G:1;L:1;U:74,sumo2_k11_charged_ube2w,seed-6_sample-3,sumo2_k11_charged_ube2w/seed-6_sample-3/model.cif,0.6,0.72,0.65,,,,,sumo2_k11_charged_ube2w,True,seed-6_sample-3
True,3,0.887,1.353,1.692,5.162,B/91,5.162,True,False,UBGG,1.692,337.4,False,3.804,15,A:96;B:151;G:1;L:1;U:74,sumo2_k11_charged_ube2w,seed-6_sample-4,sumo2_k11_charged_ube2w/seed-6_sample-4/model.cif,0.62,0.73,0.67,,,,,sumo2_k11_charged_ube2w,True,seed-6_sample-4
True,3,0.977,1.405,1.722,4.833,B/91,4.833,True,False,UBGG,1.722,339.7,False,3.379,10,A:96;B:151;G:1;L:1;U:74,sumo2_k11_charged_ube2w,seed-7_sample-0,sumo2_k11_charged_ube2w/seed-7_sample-0/model.cif,0.6,0.72,0.66,,,,,sumo2_k11_charged_ube2w,True,seed-7_sample-0
True,3,0.977,1.284,1.7,4.335,B/91,4.335,True,False,UBGG,1.7,337.0,False,2.942,13,A:96;B:151;G:1;L:1;U:74,sumo2_k11_charged_ube2w,seed-7_sample-1,sumo2_k11_charged_ube2w/seed-7_sample-1/model.cif,0.62,0.74,0.67,,,,,sumo2_k11_charged_ube2w,True,seed-7_sample-1
True,3,0.971,1.456,1.705,4.653,B/91,4.653,True,False,UBGG,1.705,338.4,False,3.277,6,A:96;B:151;G:1;L:1;U:74,sumo2_k11_charged_ube2w,seed-7_sample-2,sumo2_k11_charged_ube2w/seed-7_sample-2/model.cif,0.6,0.72,0.65,,,,,sumo2_k11_charged_ube2w,True,seed-7_sample-2
True,3,1.096,1.305,1.719,4.557,B/91,4.557,True,False,UBGG,1.719,337.5,False,3.199,8,A:96;B:151;G:1;L:1;U:74,sumo2_k11_charged_ube2w,seed-7_sample-3,sumo2_k11_charged_ube2w/seed-7_sample-3/model.cif,0.6,0.72,0.65,,,,,sumo2_k11_charged_ube2w,True,seed-7_sample-3
True,3,1.156,1.306,1.715,4.612,B/91,4.612,True,False,UBGG,1.715,337.6,False,3.173,15,A:96;B:151;G:1;L:1;U:74,sumo2_k11_charged_ube2w,seed-7_sample-4,sumo2_k11_charged_ube2w/seed-7_sample-4/model.cif,0.64,0.75,0.68,,,,,sumo2_k11_charged_ube2w,True,seed-7_sample-4
True,3,0.96,1.3,1.69,4.726,B/91,4.726,True,False,UBGG,1.69,337.5,False,3.409,8,A:96;B:151;G:1;L:1;U:74,sumo2_k11_charged_ube2w,seed-8_sample-0,sumo2_k11_charged_ube2w/seed-8_sample-0/model.cif,0.63,0.73,0.67,,,,,sumo2_k11_charged_ube2w,True,seed-8_sample-0
True,3,1.142,1.26,1.75,4.352,B/91,4.352,True,False,UBGG,1.75,338.8,False,2.952,14,A:96;B:151;G:1;L:1;U:74,sumo2_k11_charged_ube2w,seed-8_sample-1,sumo2_k11_charged_ube2w/seed-8_sample-1/model.cif,0.63,0.74,0.67,,,,,sumo2_k11_charged_ube2w,True,seed-8_sample-1
True,3,0.968,1.376,1.694,4.663,B/91,4.663,True,False,UBGG,1.694,336.7,False,3.435,9,A:96;B:151;G:1;L:1;U:74,sumo2_k11_charged_ube2w,seed-8_sample-2,sumo2_k11_charged_ube2w/seed-8_sample-2/model.cif,0.63,0.74,0.67,,,,,sumo2_k11_charged_ube2w,True,seed-8_sample-2
True,3,0.906,1.24,1.702,4.048,B/91,4.048,True,False,UBGG,1.702,336.9,False,2.69,11,A:96;B:151;G:1;L:1;U:74,sumo2_k11_charged_ube2w,seed-8_sample-3,sumo2_k11_charged_ube2w/seed-8_sample-3/model.cif,0.63,0.74,0.68,,,,,sumo2_k11_charged_ube2w,True,seed-8_sample-3
True,3,0.849,1.38,1.689,4.765,B/91,4.765,True,False,UBGG,1.689,341.0,False,3.381,12,A:96;B:151;G:1;L:1;U:74,sumo2_k11_charged_ube2w,seed-8_sample-4,sumo2_k11_charged_ube2w/seed-8_sample-4/model.cif,0.64,0.74,0.68,,,,,sumo2_k11_charged_ube2w,True,seed-8_sample-4
True,3,0.826,1.345,1.648,4.884,B/91,4.884,True,False,UBGG,1.648,333.2,False,3.525,9,A:96;B:151;G:1;L:1;U:74,sumo2_k11_charged_ube2w,seed-9_sample-0,sumo2_k11_charged_ube2w/seed-9_sample-0/model.cif,0.57,0.7,0.63,,,,,sumo2_k11_charged_ube2w,True,seed-9_sample-0
True,3,1.094,1.23,1.708,5.198,B/91,5.198,True,False,UBGG,1.708,334.3,False,3.776,10,A:96;B:151;G:1;L:1;U:74,sumo2_k11_charged_ube2w,seed-9_sample-1,sumo2_k11_charged_ube2w/seed-9_sample-1/model.cif,0.62,0.74,0.69,,,,,sumo2_k11_charged_ube2w,True,seed-9_sample-1
True,3,0.954,1.346,1.597,5.86,B/91,5.86,True,False,UBGG,1.597,339.6,False,4.652,12,A:96;B:151;G:1;L:1;U:74,sumo2_k11_charged_ube2w,seed-9_sample-2,sumo2_k11_charged_ube2w/seed-9_sample-2/model.cif,0.63,0.74,0.68,,,,,sumo2_k11_charged_ube2w,True,seed-9_sample-2
True,3,1.189,1.285,1.708,4.297,B/91,4.297,True,False,UBGG,1.708,335.2,False,2.767,8,A:96;B:151;G:1;L:1;U:74,sumo2_k11_charged_ube2w,seed-9_sample-3,sumo2_k11_charged_ube2w/seed-9_sample-3/model.cif,0.62,0.74,0.65,,,,,sumo2_k11_charged_ube2w,True,seed-9_sample-3
True,3,1.017,1.34,1.699,4.994,B/91,4.994,True,False,UBGG,1.699,335.4,False,3.582,5,A:96;B:151;G:1;L:1;U:74,sumo2_k11_charged_ube2w,seed-9_sample-4,sumo2_k11_charged_ube2w/seed-9_sample-4/model.cif,0.59,0.71,0.65,,,,,sumo2_k11_charged_ube2w,True,seed-9_sample-4
False,0,,,,,,,,,,,,,,15,A:96;B:151,sumo2_k11_lyscontrol_ube2w,seed-10_sample-0,sumo2_k11_lyscontrol_ube2w/seed-10_sample-0/model.cif,0.29,0.57,0.39,26.955,46.0,,,sumo2_k11_lyscontrol_ube2w,True,seed-10_sample-0
False,0,,,,,,,,,,,,,,11,A:96;B:151,sumo2_k11_lyscontrol_ube2w,seed-10_sample-1,sumo2_k11_lyscontrol_ube2w/seed-10_sample-1/model.cif,0.11,0.54,0.24,11.155,34.0,,,sumo2_k11_lyscontrol_ube2w,True,seed-10_sample-1
False,0,,,,,,,,,,,,,,12,A:96;B:151,sumo2_k11_lyscontrol_ube2w,seed-10_sample-2,sumo2_k11_lyscontrol_ube2w/seed-10_sample-2/model.cif,0.3,0.58,0.41,25.187,46.0,,,sumo2_k11_lyscontrol_ube2w,True,seed-10_sample-2
False,0,,,,,,,,,,,,,,12,A:96;B:151,sumo2_k11_lyscontrol_ube2w,seed-10_sample-3,sumo2_k11_lyscontrol_ube2w/seed-10_sample-3/model.cif,0.34,0.6,0.4,26.726,46.0,,,sumo2_k11_lyscontrol_ube2w,True,seed-10_sample-3
False,0,,,,,,,,,,,,,,13,A:96;B:151,sumo2_k11_lyscontrol_ube2w,seed-10_sample-4,sumo2_k11_lyscontrol_ube2w/seed-10_sample-4/model.cif,0.11,0.56,0.2,27.446,22.0,,,sumo2_k11_lyscontrol_ube2w,True,seed-10_sample-4
False,0,,,,,,,,,,,,,,13,A:96;B:151,sumo2_k11_lyscontrol_ube2w,seed-11_sample-0,sumo2_k11_lyscontrol_ube2w/seed-11_sample-0/model.cif,0.32,0.57,0.42,26.628,46.0,,,sumo2_k11_lyscontrol_ube2w,True,seed-11_sample-0
False,0,,,,,,,,,,,,,,8,A:96;B:151,sumo2_k11_lyscontrol_ube2w,seed-11_sample-1,sumo2_k11_lyscontrol_ube2w/seed-11_sample-1/model.cif,0.09,0.55,0.19,19.57,22.0,,,sumo2_k11_lyscontrol_ube2w,True,seed-11_sample-1
False,0,,,,,,,,,,,,,,14,A:96;B:151,sumo2_k11_lyscontrol_ube2w,seed-11_sample-2,sumo2_k11_lyscontrol_ube2w/seed-11_sample-2/model.cif,0.3,0.57,0.38,23.82,46.0,,,sumo2_k11_lyscontrol_ube2w,True,seed-11_sample-2
False,0,,,,,,,,,,,,,,16,A:96;B:151,sumo2_k11_lyscontrol_ube2w,seed-11_sample-3,sumo2_k11_lyscontrol_ube2w/seed-11_sample-3/model.cif,0.1,0.55,0.26,10.092,22.0,,,sumo2_k11_lyscontrol_ube2w,True,seed-11_sample-3
False,0,,,,,,,,,,,,,,9,A:96;B:151,sumo2_k11_lyscontrol_ube2w,seed-11_sample-4,sumo2_k11_lyscontrol_ube2w/seed-11_sample-4/model.cif,0.16,0.55,0.24,25.47,46.0,,,sumo2_k11_lyscontrol_ube2w,True,seed-11_sample-4
False,0,,,,,,,,,,,,,,15,A:96;B:151,sumo2_k11_lyscontrol_ube2w,seed-12_sample-0,sumo2_k11_lyscontrol_ube2w/seed-12_sample-0/model.cif,0.09,0.56,0.21,16.359,8.0,,,sumo2_k11_lyscontrol_ube2w,True,seed-12_sample-0
False,0,,,,,,,,,,,,,,7,A:96;B:151,sumo2_k11_lyscontrol_ube2w,seed-12_sample-1,sumo2_k11_lyscontrol_ube2w/seed-12_sample-1/model.cif,0.1,0.56,0.2,23.398,22.0,,,sumo2_k11_lyscontrol_ube2w,True,seed-12_sample-1
False,0,,,,,,,,,,,,,,9,A:96;B:151,sumo2_k11_lyscontrol_ube2w,seed-12_sample-2,sumo2_k11_lyscontrol_ube2w/seed-12_sample-2/model.cif,0.33,0.58,0.43,25.283,46.0,,,sumo2_k11_lyscontrol_ube2w,True,seed-12_sample-2
False,0,,,,,,,,,,,,,,10,A:96;B:151,sumo2_k11_lyscontrol_ube2w,seed-12_sample-3,sumo2_k11_lyscontrol_ube2w/seed-12_sample-3/model.cif,0.29,0.57,0.38,24.602,46.0,,,sumo2_k11_lyscontrol_ube2w,True,seed-12_sample-3
False,0,,,,,,,,,,,,,,12,A:96;B:151,sumo2_k11_lyscontrol_ube2w,seed-12_sample-4,sumo2_k11_lyscontrol_ube2w/seed-12_sample-4/model.cif,0.31,0.58,0.41,28.146,6.0,,,sumo2_k11_lyscontrol_ube2w,True,seed-12_sample-4
False,0,,,,,,,,,,,,,,11,A:96;B:151,sumo2_k11_lyscontrol_ube2w,seed-13_sample-0,sumo2_k11_lyscontrol_ube2w/seed-13_sample-0/model.cif,0.29,0.57,0.4,25.48,46.0,,,sumo2_k11_lyscontrol_ube2w,True,seed-13_sample-0
False,0,,,,,,,,,,,,,,8,A:96;B:151,sumo2_k11_lyscontrol_ube2w,seed-13_sample-1,sumo2_k11_lyscontrol_ube2w/seed-13_sample-1/model.cif,0.08,0.54,0.22,9.141,43.0,,,sumo2_k11_lyscontrol_ube2w,True,seed-13_sample-1
False,0,,,,,,,,,,,,,,10,A:96;B:151,sumo2_k11_lyscontrol_ube2w,seed-13_sample-2,sumo2_k11_lyscontrol_ube2w/seed-13_sample-2/model.cif,0.3,0.58,0.39,24.973,46.0,,,sumo2_k11_lyscontrol_ube2w,True,seed-13_sample-2
False,0,,,,,,,,,,,,,,6,A:96;B:151,sumo2_k11_lyscontrol_ube2w,seed-13_sample-3,sumo2_k11_lyscontrol_ube2w/seed-13_sample-3/model.cif,0.1,0.55,0.21,24.76,8.0,,,sumo2_k11_lyscontrol_ube2w,True,seed-13_sample-3
False,0,,,,,,,,,,,,,,9,A:96;B:151,sumo2_k11_lyscontrol_ube2w,seed-13_sample-4,sumo2_k11_lyscontrol_ube2w/seed-13_sample-4/model.cif,0.11,0.55,0.24,26.564,22.0,,,sumo2_k11_lyscontrol_ube2w,True,seed-13_sample-4
False,0,,,,,,,,,,,,,,10,A:96;B:151,sumo2_k11_lyscontrol_ube2w,seed-14_sample-0,sumo2_k11_lyscontrol_ube2w/seed-14_sample-0/model.cif,0.37,0.57,0.46,24.504,46.0,,,sumo2_k11_lyscontrol_ube2w,True,seed-14_sample-0
False,0,,,,,,,,,,,,,,11,A:96;B:151,sumo2_k11_lyscontrol_ube2w,seed-14_sample-1,sumo2_k11_lyscontrol_ube2w/seed-14_sample-1/model.cif,0.29,0.56,0.36,22.257,46.0,,,sumo2_k11_lyscontrol_ube2w,True,seed-14_sample-1
False,0,,,,,,,,,,,,,,12,A:96;B:151,sumo2_k11_lyscontrol_ube2w,seed-14_sample-2,sumo2_k11_lyscontrol_ube2w/seed-14_sample-2/model.cif,0.1,0.55,0.2,16.849,22.0,,,sumo2_k11_lyscontrol_ube2w,True,seed-14_sample-2
False,0,,,,,,,,,,,,,,10,A:96;B:151,sumo2_k11_lyscontrol_ube2w,seed-14_sample-3,sumo2_k11_lyscontrol_ube2w/seed-14_sample-3/model.cif,0.27,0.6,0.36,27.076,46.0,,,sumo2_k11_lyscontrol_ube2w,True,seed-14_sample-3
False,0,,,,,,,,,,,,,,12,A:96;B:151,sumo2_k11_lyscontrol_ube2w,seed-14_sample-4,sumo2_k11_lyscontrol_ube2w/seed-14_sample-4/model.cif,0.4,0.6,0.46,23.411,46.0,,,sumo2_k11_lyscontrol_ube2w,True,seed-14_sample-4
False,0,,,,,,,,,,,,,,12,A:96;B:151,sumo2_k11_lyscontrol_ube2w,seed-15_sample-0,sumo2_k11_lyscontrol_ube2w/seed-15_sample-0/model.cif,0.3,0.58,0.39,27.394,6.0,,,sumo2_k11_lyscontrol_ube2w,True,seed-15_sample-0
False,0,,,,,,,,,,,,,,11,A:96;B:151,sumo2_k11_lyscontrol_ube2w,seed-15_sample-1,sumo2_k11_lyscontrol_ube2w/seed-15_sample-1/model.cif,0.1,0.56,0.2,25.455,22.0,,,sumo2_k11_lyscontrol_ube2w,True,seed-15_sample-1
False,0,,,,,,,,,,,,,,11,A:96;B:151,sumo2_k11_lyscontrol_ube2w,seed-15_sample-2,sumo2_k11_lyscontrol_ube2w/seed-15_sample-2/model.cif,0.24,0.56,0.34,23.64,46.0,,,sumo2_k11_lyscontrol_ube2w,True,seed-15_sample-2
False,0,,,,,,,,,,,,,,16,A:96;B:151,sumo2_k11_lyscontrol_ube2w,seed-15_sample-3,sumo2_k11_lyscontrol_ube2w/seed-15_sample-3/model.cif,0.26,0.57,0.37,21.994,6.0,,,sumo2_k11_lyscontrol_ube2w,True,seed-15_sample-3
False,0,,,,,,,,,,,,,,9,A:96;B:151,sumo2_k11_lyscontrol_ube2w,seed-15_sample-4,sumo2_k11_lyscontrol_ube2w/seed-15_sample-4/model.cif,0.1,0.55,0.22,20.166,46.0,,,sumo2_k11_lyscontrol_ube2w,True,seed-15_sample-4
False,0,,,,,,,,,,,,,,9,A:96;B:151,sumo2_k11_lyscontrol_ube2w,seed-16_sample-0,sumo2_k11_lyscontrol_ube2w/seed-16_sample-0/model.cif,0.11,0.56,0.25,25.498,22.0,,,sumo2_k11_lyscontrol_ube2w,True,seed-16_sample-0
False,0,,,,,,,,,,,,,,3,A:96;B:151,sumo2_k11_lyscontrol_ube2w,seed-16_sample-1,sumo2_k11_lyscontrol_ube2w/seed-16_sample-1/model.cif,0.1,0.56,0.25,29.296,22.0,,,sumo2_k11_lyscontrol_ube2w,True,seed-16_sample-1
False,0,,,,,,,,,,,,,,19,A:96;B:151,sumo2_k11_lyscontrol_ube2w,seed-16_sample-2,sumo2_k11_lyscontrol_ube2w/seed-16_sample-2/model.cif,0.28,0.57,0.38,27.625,46.0,,,sumo2_k11_lyscontrol_ube2w,True,seed-16_sample-2
False,0,,,,,,,,,,,,,,13,A:96;B:151,sumo2_k11_lyscontrol_ube2w,seed-16_sample-3,sumo2_k11_lyscontrol_ube2w/seed-16_sample-3/model.cif,0.3,0.58,0.4,23.72,46.0,,,sumo2_k11_lyscontrol_ube2w,True,seed-16_sample-3
False,0,,,,,,,,,,,,,,11,A:96;B:151,sumo2_k11_lyscontrol_ube2w,seed-16_sample-4,sumo2_k11_lyscontrol_ube2w/seed-16_sample-4/model.cif,0.29,0.57,0.37,20.296,6.0,,,sumo2_k11_lyscontrol_ube2w,True,seed-16_sample-4
False,0,,,,,,,,,,,,,,12,A:96;B:151,sumo2_k11_lyscontrol_ube2w,seed-17_sample-0,sumo2_k11_lyscontrol_ube2w/seed-17_sample-0/model.cif,0.17,0.56,0.31,26.492,46.0,,,sumo2_k11_lyscontrol_ube2w,True,seed-17_sample-0
False,0,,,,,,,,,,,,,,9,A:96;B:151,sumo2_k11_lyscontrol_ube2w,seed-17_sample-1,sumo2_k11_lyscontrol_ube2w/seed-17_sample-1/model.cif,0.32,0.58,0.38,28.154,46.0,,,sumo2_k11_lyscontrol_ube2w,True,seed-17_sample-1
False,0,,,,,,,,,,,,,,27,A:96;B:151,sumo2_k11_lyscontrol_ube2w,seed-17_sample-2,sumo2_k11_lyscontrol_ube2w/seed-17_sample-2/model.cif,0.1,0.55,0.22,4.148,22.0,,,sumo2_k11_lyscontrol_ube2w,True,seed-17_sample-2
False,0,,,,,,,,,,,,,,14,A:96;B:151,sumo2_k11_lyscontrol_ube2w,seed-17_sample-3,sumo2_k11_lyscontrol_ube2w/seed-17_sample-3/model.cif,0.17,0.56,0.28,27.434,22.0,,,sumo2_k11_lyscontrol_ube2w,True,seed-17_sample-3
False,0,,,,,,,,,,,,,,14,A:96;B:151,sumo2_k11_lyscontrol_ube2w,seed-17_sample-4,sumo2_k11_lyscontrol_ube2w/seed-17_sample-4/model.cif,0.29,0.58,0.39,26.262,46.0,,,sumo2_k11_lyscontrol_ube2w,True,seed-17_sample-4
False,0,,,,,,,,,,,,,,16,A:96;B:151,sumo2_k11_lyscontrol_ube2w,seed-18_sample-0,sumo2_k11_lyscontrol_ube2w/seed-18_sample-0/model.cif,0.1,0.55,0.21,18.692,8.0,,,sumo2_k11_lyscontrol_ube2w,True,seed-18_sample-0
False,0,,,,,,,,,,,,,,10,A:96;B:151,sumo2_k11_lyscontrol_ube2w,seed-18_sample-1,sumo2_k11_lyscontrol_ube2w/seed-18_sample-1/model.cif,0.27,0.57,0.38,26.584,46.0,,,sumo2_k11_lyscontrol_ube2w,True,seed-18_sample-1
False,0,,,,,,,,,,,,,,12,A:96;B:151,sumo2_k11_lyscontrol_ube2w,seed-18_sample-2,sumo2_k11_lyscontrol_ube2w/seed-18_sample-2/model.cif,0.28,0.57,0.38,25.536,46.0,,,sumo2_k11_lyscontrol_ube2w,True,seed-18_sample-2
False,0,,,,,,,,,,,,,,5,A:96;B:151,sumo2_k11_lyscontrol_ube2w,seed-18_sample-3,sumo2_k11_lyscontrol_ube2w/seed-18_sample-3/model.cif,0.07,0.54,0.21,33.86,22.0,,,sumo2_k11_lyscontrol_ube2w,True,seed-18_sample-3
False,0,,,,,,,,,,,,,,13,A:96;B:151,sumo2_k11_lyscontrol_ube2w,seed-18_sample-4,sumo2_k11_lyscontrol_ube2w/seed-18_sample-4/model.cif,0.26,0.58,0.36,25.97,46.0,,,sumo2_k11_lyscontrol_ube2w,True,seed-18_sample-4
False,0,,,,,,,,,,,,,,6,A:96;B:151,sumo2_k11_lyscontrol_ube2w,seed-19_sample-0,sumo2_k11_lyscontrol_ube2w/seed-19_sample-0/model.cif,0.09,0.55,0.23,27.894,22.0,,,sumo2_k11_lyscontrol_ube2w,True,seed-19_sample-0
False,0,,,,,,,,,,,,,,14,A:96;B:151,sumo2_k11_lyscontrol_ube2w,seed-19_sample-1,sumo2_k11_lyscontrol_ube2w/seed-19_sample-1/model.cif,0.35,0.59,0.44,22.797,46.0,,,sumo2_k11_lyscontrol_ube2w,True,seed-19_sample-1
False,0,,,,,,,,,,,,,,15,A:96;B:151,sumo2_k11_lyscontrol_ube2w,seed-19_sample-2,sumo2_k11_lyscontrol_ube2w/seed-19_sample-2/model.cif,0.34,0.58,0.45,24.932,46.0,,,sumo2_k11_lyscontrol_ube2w,True,seed-19_sample-2
False,0,,,,,,,,,,,,,,12,A:96;B:151,sumo2_k11_lyscontrol_ube2w,seed-19_sample-3,sumo2_k11_lyscontrol_ube2w/seed-19_sample-3/model.cif,0.34,0.58,0.44,23.379,46.0,,,sumo2_k11_lyscontrol_ube2w,True,seed-19_sample-3
False,0,,,,,,,,,,,,,,12,A:96;B:151,sumo2_k11_lyscontrol_ube2w,seed-19_sample-4,sumo2_k11_lyscontrol_ube2w/seed-19_sample-4/model.cif,0.35,0.58,0.45,27.24,46.0,,,sumo2_k11_lyscontrol_ube2w,True,seed-19_sample-4
False,0,,,,,,,,,,,,,,11,A:96;B:151,sumo2_k11_lyscontrol_ube2w,seed-1_sample-0,sumo2_k11_lyscontrol_ube2w/seed-1_sample-0/model.cif,0.29,0.57,0.4,28.652,46.0,,,sumo2_k11_lyscontrol_ube2w,True,seed-1_sample-0
False,0,,,,,,,,,,,,,,14,A:96;B:151,sumo2_k11_lyscontrol_ube2w,seed-1_sample-1,sumo2_k11_lyscontrol_ube2w/seed-1_sample-1/model.cif,0.32,0.58,0.43,23.659,46.0,,,sumo2_k11_lyscontrol_ube2w,True,seed-1_sample-1
False,0,,,,,,,,,,,,,,14,A:96;B:151,sumo2_k11_lyscontrol_ube2w,seed-1_sample-2,sumo2_k11_lyscontrol_ube2w/seed-1_sample-2/model.cif,0.29,0.58,0.37,27.815,46.0,,,sumo2_k11_lyscontrol_ube2w,True,seed-1_sample-2
False,0,,,,,,,,,,,,,,9,A:96;B:151,sumo2_k11_lyscontrol_ube2w,seed-1_sample-3,sumo2_k11_lyscontrol_ube2w/seed-1_sample-3/model.cif,0.1,0.55,0.26,12.98,22.0,,,sumo2_k11_lyscontrol_ube2w,True,seed-1_sample-3
False,0,,,,,,,,,,,,,,6,A:96;B:151,sumo2_k11_lyscontrol_ube2w,seed-1_sample-4,sumo2_k11_lyscontrol_ube2w/seed-1_sample-4/model.cif,0.08,0.54,0.21,9.352,22.0,,,sumo2_k11_lyscontrol_ube2w,True,seed-1_sample-4
False,0,,,,,,,,,,,,,,15,A:96;B:151,sumo2_k11_lyscontrol_ube2w,seed-20_sample-0,sumo2_k11_lyscontrol_ube2w/seed-20_sample-0/model.cif,0.08,0.55,0.23,11.183,8.0,,,sumo2_k11_lyscontrol_ube2w,True,seed-20_sample-0
False,0,,,,,,,,,,,,,,7,A:96;B:151,sumo2_k11_lyscontrol_ube2w,seed-20_sample-1,sumo2_k11_lyscontrol_ube2w/seed-20_sample-1/model.cif,0.07,0.54,0.22,26.855,12.0,,,sumo2_k11_lyscontrol_ube2w,True,seed-20_sample-1
False,0,,,,,,,,,,,,,,15,A:96;B:151,sumo2_k11_lyscontrol_ube2w,seed-20_sample-2,sumo2_k11_lyscontrol_ube2w/seed-20_sample-2/model.cif,0.09,0.55,0.24,7.835,34.0,,,sumo2_k11_lyscontrol_ube2w,True,seed-20_sample-2
False,0,,,,,,,,,,,,,,15,A:96;B:151,sumo2_k11_lyscontrol_ube2w,seed-20_sample-3,sumo2_k11_lyscontrol_ube2w/seed-20_sample-3/model.cif,0.35,0.61,0.43,25.882,46.0,,,sumo2_k11_lyscontrol_ube2w,True,seed-20_sample-3
False,0,,,,,,,,,,,,,,10,A:96;B:151,sumo2_k11_lyscontrol_ube2w,seed-20_sample-4,sumo2_k11_lyscontrol_ube2w/seed-20_sample-4/model.cif,0.25,0.57,0.36,22.34,46.0,,,sumo2_k11_lyscontrol_ube2w,True,seed-20_sample-4
False,0,,,,,,,,,,,,,,4,A:96;B:151,sumo2_k11_lyscontrol_ube2w,seed-2_sample-0,sumo2_k11_lyscontrol_ube2w/seed-2_sample-0/model.cif,0.1,0.56,0.2,20.676,46.0,,,sumo2_k11_lyscontrol_ube2w,True,seed-2_sample-0
False,0,,,,,,,,,,,,,,13,A:96;B:151,sumo2_k11_lyscontrol_ube2w,seed-2_sample-1,sumo2_k11_lyscontrol_ube2w/seed-2_sample-1/model.cif,0.37,0.6,0.44,26.552,46.0,,,sumo2_k11_lyscontrol_ube2w,True,seed-2_sample-1
False,0,,,,,,,,,,,,,,17,A:96;B:151,sumo2_k11_lyscontrol_ube2w,seed-2_sample-2,sumo2_k11_lyscontrol_ube2w/seed-2_sample-2/model.cif,0.37,0.6,0.44,24.054,22.0,,,sumo2_k11_lyscontrol_ube2w,True,seed-2_sample-2
False,0,,,,,,,,,,,,,,14,A:96;B:151,sumo2_k11_lyscontrol_ube2w,seed-2_sample-3,sumo2_k11_lyscontrol_ube2w/seed-2_sample-3/model.cif,0.4,0.61,0.45,25.186,22.0,,,sumo2_k11_lyscontrol_ube2w,True,seed-2_sample-3
False,0,,,,,,,,,,,,,,10,A:96;B:151,sumo2_k11_lyscontrol_ube2w,seed-2_sample-4,sumo2_k11_lyscontrol_ube2w/seed-2_sample-4/model.cif,0.37,0.59,0.45,25.906,46.0,,,sumo2_k11_lyscontrol_ube2w,True,seed-2_sample-4
False,0,,,,,,,,,,,,,,15,A:96;B:151,sumo2_k11_lyscontrol_ube2w,seed-3_sample-0,sumo2_k11_lyscontrol_ube2w/seed-3_sample-0/model.cif,0.27,0.57,0.38,23.974,46.0,,,sumo2_k11_lyscontrol_ube2w,True,seed-3_sample-0
False,0,,,,,,,,,,,,,,13,A:96;B:151,sumo2_k11_lyscontrol_ube2w,seed-3_sample-1,sumo2_k11_lyscontrol_ube2w/seed-3_sample-1/model.cif,0.17,0.55,0.28,18.881,8.0,,,sumo2_k11_lyscontrol_ube2w,True,seed-3_sample-1
False,0,,,,,,,,,,,,,,12,A:96;B:151,sumo2_k11_lyscontrol_ube2w,seed-3_sample-2,sumo2_k11_lyscontrol_ube2w/seed-3_sample-2/model.cif,0.28,0.58,0.37,26.582,46.0,,,sumo2_k11_lyscontrol_ube2w,True,seed-3_sample-2
False,0,,,,,,,,,,,,,,14,A:96;B:151,sumo2_k11_lyscontrol_ube2w,seed-3_sample-3,sumo2_k11_lyscontrol_ube2w/seed-3_sample-3/model.cif,0.29,0.58,0.4,26.265,46.0,,,sumo2_k11_lyscontrol_ube2w,True,seed-3_sample-3
False,0,,,,,,,,,,,,,,7,A:96;B:151,sumo2_k11_lyscontrol_ube2w,seed-3_sample-4,sumo2_k11_lyscontrol_ube2w/seed-3_sample-4/model.cif,0.08,0.54,0.22,11.609,22.0,,,sumo2_k11_lyscontrol_ube2w,True,seed-3_sample-4
False,0,,,,,,,,,,,,,,13,A:96;B:151,sumo2_k11_lyscontrol_ube2w,seed-4_sample-0,sumo2_k11_lyscontrol_ube2w/seed-4_sample-0/model.cif,0.29,0.57,0.4,23.718,46.0,,,sumo2_k11_lyscontrol_ube2w,True,seed-4_sample-0
False,0,,,,,,,,,,,,,,25,A:96;B:151,sumo2_k11_lyscontrol_ube2w,seed-4_sample-1,sumo2_k11_lyscontrol_ube2w/seed-4_sample-1/model.cif,0.22,0.55,0.34,15.213,46.0,,,sumo2_k11_lyscontrol_ube2w,True,seed-4_sample-1
False,0,,,,,,,,,,,,,,12,A:96;B:151,sumo2_k11_lyscontrol_ube2w,seed-4_sample-2,sumo2_k11_lyscontrol_ube2w/seed-4_sample-2/model.cif,0.29,0.57,0.4,27.982,46.0,,,sumo2_k11_lyscontrol_ube2w,True,seed-4_sample-2
False,0,,,,,,,,,,,,,,18,A:96;B:151,sumo2_k11_lyscontrol_ube2w,seed-4_sample-3,sumo2_k11_lyscontrol_ube2w/seed-4_sample-3/model.cif,0.07,0.54,0.18,17.913,6.0,,,sumo2_k11_lyscontrol_ube2w,True,seed-4_sample-3
False,0,,,,,,,,,,,,,,11,A:96;B:151,sumo2_k11_lyscontrol_ube2w,seed-4_sample-4,sumo2_k11_lyscontrol_ube2w/seed-4_sample-4/model.cif,0.31,0.58,0.39,26.007,46.0,,,sumo2_k11_lyscontrol_ube2w,True,seed-4_sample-4
False,0,,,,,,,,,,,,,,16,A:96;B:151,sumo2_k11_lyscontrol_ube2w,seed-5_sample-0,sumo2_k11_lyscontrol_ube2w/seed-5_sample-0/model.cif,0.29,0.56,0.39,27.306,22.0,,,sumo2_k11_lyscontrol_ube2w,True,seed-5_sample-0
False,0,,,,,,,,,,,,,,11,A:96;B:151,sumo2_k11_lyscontrol_ube2w,seed-5_sample-1,sumo2_k11_lyscontrol_ube2w/seed-5_sample-1/model.cif,0.28,0.57,0.38,24.613,46.0,,,sumo2_k11_lyscontrol_ube2w,True,seed-5_sample-1
False,0,,,,,,,,,,,,,,15,A:96;B:151,sumo2_k11_lyscontrol_ube2w,seed-5_sample-2,sumo2_k11_lyscontrol_ube2w/seed-5_sample-2/model.cif,0.3,0.58,0.4,22.502,46.0,,,sumo2_k11_lyscontrol_ube2w,True,seed-5_sample-2
False,0,,,,,,,,,,,,,,10,A:96;B:151,sumo2_k11_lyscontrol_ube2w,seed-5_sample-3,sumo2_k11_lyscontrol_ube2w/seed-5_sample-3/model.cif,0.23,0.55,0.32,27.157,46.0,,,sumo2_k11_lyscontrol_ube2w,True,seed-5_sample-3
False,0,,,,,,,,,,,,,,8,A:96;B:151,sumo2_k11_lyscontrol_ube2w,seed-5_sample-4,sumo2_k11_lyscontrol_ube2w/seed-5_sample-4/model.cif,0.06,0.54,0.21,33.523,22.0,,,sumo2_k11_lyscontrol_ube2w,True,seed-5_sample-4
False,0,,,,,,,,,,,,,,12,A:96;B:151,sumo2_k11_lyscontrol_ube2w,seed-6_sample-0,sumo2_k11_lyscontrol_ube2w/seed-6_sample-0/model.cif,0.31,0.57,0.4,21.234,46.0,,,sumo2_k11_lyscontrol_ube2w,True,seed-6_sample-0
False,0,,,,,,,,,,,,,,17,A:96;B:151,sumo2_k11_lyscontrol_ube2w,seed-6_sample-1,sumo2_k11_lyscontrol_ube2w/seed-6_sample-1/model.cif,0.32,0.58,0.42,25.23,46.0,,,sumo2_k11_lyscontrol_ube2w,True,seed-6_sample-1
False,0,,,,,,,,,,,,,,13,A:96;B:151,sumo2_k11_lyscontrol_ube2w,seed-6_sample-2,sumo2_k11_lyscontrol_ube2w/seed-6_sample-2/model.cif,0.31,0.59,0.39,24.999,46.0,,,sumo2_k11_lyscontrol_ube2w,True,seed-6_sample-2
False,0,,,,,,,,,,,,,,15,A:96;B:151,sumo2_k11_lyscontrol_ube2w,seed-6_sample-3,sumo2_k11_lyscontrol_ube2w/seed-6_sample-3/model.cif,0.09,0.55,0.21,9.805,34.0,,,sumo2_k11_lyscontrol_ube2w,True,seed-6_sample-3
False,0,,,,,,,,,,,,,,11,A:96;B:151,sumo2_k11_lyscontrol_ube2w,seed-6_sample-4,sumo2_k11_lyscontrol_ube2w/seed-6_sample-4/model.cif,0.1,0.55,0.21,15.761,46.0,,,sumo2_k11_lyscontrol_ube2w,True,seed-6_sample-4
False,0,,,,,,,,,,,,,,28,A:96;B:151,sumo2_k11_lyscontrol_ube2w,seed-7_sample-0,sumo2_k11_lyscontrol_ube2w/seed-7_sample-0/model.cif,0.11,0.56,0.24,6.517,22.0,,,sumo2_k11_lyscontrol_ube2w,True,seed-7_sample-0
False,0,,,,,,,,,,,,,,15,A:96;B:151,sumo2_k11_lyscontrol_ube2w,seed-7_sample-1,sumo2_k11_lyscontrol_ube2w/seed-7_sample-1/model.cif,0.09,0.55,0.21,5.202,36.0,,,sumo2_k11_lyscontrol_ube2w,True,seed-7_sample-1
False,0,,,,,,,,,,,,,,0,A:96;B:151,sumo2_k11_lyscontrol_ube2w,seed-7_sample-2,sumo2_k11_lyscontrol_ube2w/seed-7_sample-2/model.cif,0.07,0.55,0.21,10.3,43.0,,,sumo2_k11_lyscontrol_ube2w,True,seed-7_sample-2
False,0,,,,,,,,,,,,,,11,A:96;B:151,sumo2_k11_lyscontrol_ube2w,seed-7_sample-3,sumo2_k11_lyscontrol_ube2w/seed-7_sample-3/model.cif,0.32,0.58,0.41,27.246,46.0,,,sumo2_k11_lyscontrol_ube2w,True,seed-7_sample-3
False,0,,,,,,,,,,,,,,13,A:96;B:151,sumo2_k11_lyscontrol_ube2w,seed-7_sample-4,sumo2_k11_lyscontrol_ube2w/seed-7_sample-4/model.cif,0.31,0.59,0.4,21.447,46.0,,,sumo2_k11_lyscontrol_ube2w,True,seed-7_sample-4
False,0,,,,,,,,,,,,,,11,A:96;B:151,sumo2_k11_lyscontrol_ube2w,seed-8_sample-0,sumo2_k11_lyscontrol_ube2w/seed-8_sample-0/model.cif,0.32,0.59,0.44,26.511,46.0,,,sumo2_k11_lyscontrol_ube2w,True,seed-8_sample-0
False,0,,,,,,,,,,,,,,16,A:96;B:151,sumo2_k11_lyscontrol_ube2w,seed-8_sample-1,sumo2_k11_lyscontrol_ube2w/seed-8_sample-1/model.cif,0.29,0.58,0.41,26.061,46.0,,,sumo2_k11_lyscontrol_ube2w,True,seed-8_sample-1
False,0,,,,,,,,,,,,,,13,A:96;B:151,sumo2_k11_lyscontrol_ube2w,seed-8_sample-2,sumo2_k11_lyscontrol_ube2w/seed-8_sample-2/model.cif,0.35,0.59,0.43,27.489,46.0,,,sumo2_k11_lyscontrol_ube2w,True,seed-8_sample-2
False,0,,,,,,,,,,,,,,11,A:96;B:151,sumo2_k11_lyscontrol_ube2w,seed-8_sample-3,sumo2_k11_lyscontrol_ube2w/seed-8_sample-3/model.cif,0.3,0.57,0.39,22.917,46.0,,,sumo2_k11_lyscontrol_ube2w,True,seed-8_sample-3
False,0,,,,,,,,,,,,,,13,A:96;B:151,sumo2_k11_lyscontrol_ube2w,seed-8_sample-4,sumo2_k11_lyscontrol_ube2w/seed-8_sample-4/model.cif,0.21,0.57,0.31,26.267,46.0,,,sumo2_k11_lyscontrol_ube2w,True,seed-8_sample-4
False,0,,,,,,,,,,,,,,9,A:96;B:151,sumo2_k11_lyscontrol_ube2w,seed-9_sample-0,sumo2_k11_lyscontrol_ube2w/seed-9_sample-0/model.cif,0.07,0.54,0.21,24.795,8.0,,,sumo2_k11_lyscontrol_ube2w,True,seed-9_sample-0
False,0,,,,,,,,,,,,,,16,A:96;B:151,sumo2_k11_lyscontrol_ube2w,seed-9_sample-1,sumo2_k11_lyscontrol_ube2w/seed-9_sample-1/model.cif,0.22,0.56,0.33,26.089,46.0,,,sumo2_k11_lyscontrol_ube2w,True,seed-9_sample-1
False,0,,,,,,,,,,,,,,11,A:96;B:151,sumo2_k11_lyscontrol_ube2w,seed-9_sample-2,sumo2_k11_lyscontrol_ube2w/seed-9_sample-2/model.cif,0.28,0.56,0.39,24.523,46.0,,,sumo2_k11_lyscontrol_ube2w,True,seed-9_sample-2
False,0,,,,,,,,,,,,,,1,A:96;B:151,sumo2_k11_lyscontrol_ube2w,seed-9_sample-3,sumo2_k11_lyscontrol_ube2w/seed-9_sample-3/model.cif,0.09,0.52,0.25,18.849,22.0,,,sumo2_k11_lyscontrol_ube2w,True,seed-9_sample-3
False,0,,,,,,,,,,,,,,13,A:96;B:151,sumo2_k11_lyscontrol_ube2w,seed-9_sample-4,sumo2_k11_lyscontrol_ube2w/seed-9_sample-4/model.cif,0.24,0.56,0.36,23.699,46.0,,,sumo2_k11_lyscontrol_ube2w,True,seed-9_sample-4
True,2,1.042,,,3.571,B/91,3.571,True,True,,,,,,8,A:96;B:151;L:1;U:76,sumo2_k11_product_ube2w,seed-10_sample-0,sumo2_k11_product_ube2w/seed-10_sample-0/model.cif,0.63,0.73,0.68,,,1.307,,sumo2_k11_product_ube2w,True,seed-10_sample-0
True,2,1.024,,,3.627,B/91,3.627,True,True,,,,,,9,A:96;B:151;L:1;U:76,sumo2_k11_product_ube2w,seed-10_sample-1,sumo2_k11_product_ube2w/seed-10_sample-1/model.cif,0.61,0.72,0.65,,,1.353,,sumo2_k11_product_ube2w,True,seed-10_sample-1
True,2,1.076,,,3.692,B/91,3.692,True,True,,,,,,8,A:96;B:151;L:1;U:76,sumo2_k11_product_ube2w,seed-10_sample-2,sumo2_k11_product_ube2w/seed-10_sample-2/model.cif,0.62,0.72,0.65,,,1.375,,sumo2_k11_product_ube2w,True,seed-10_sample-2
True,2,1.014,,,3.587,B/91,3.587,True,True,,,,,,8,A:96;B:151;L:1;U:76,sumo2_k11_product_ube2w,seed-10_sample-3,sumo2_k11_product_ube2w/seed-10_sample-3/model.cif,0.62,0.73,0.67,,,1.243,,sumo2_k11_product_ube2w,True,seed-10_sample-3
True,2,0.992,,,3.566,B/91,3.566,True,True,,,,,,7,A:96;B:151;L:1;U:76,sumo2_k11_product_ube2w,seed-10_sample-4,sumo2_k11_product_ube2w/seed-10_sample-4/model.cif,0.62,0.72,0.67,,,1.253,,sumo2_k11_product_ube2w,True,seed-10_sample-4
True,2,0.844,,,3.861,B/91,3.861,True,True,,,,,,15,A:96;B:151;L:1;U:76,sumo2_k11_product_ube2w,seed-11_sample-0,sumo2_k11_product_ube2w/seed-11_sample-0/model.cif,0.62,0.74,0.67,,,1.296,,sumo2_k11_product_ube2w,True,seed-11_sample-0
True,2,1.02,,,3.506,B/91,3.506,True,True,,,,,,12,A:96;B:151;L:1;U:76,sumo2_k11_product_ube2w,seed-11_sample-1,sumo2_k11_product_ube2w/seed-11_sample-1/model.cif,0.63,0.73,0.68,,,1.307,,sumo2_k11_product_ube2w,True,seed-11_sample-1
True,2,1.013,,,3.553,B/91,3.553,True,True,,,,,,7,A:96;B:151;L:1;U:76,sumo2_k11_product_ube2w,seed-11_sample-2,sumo2_k11_product_ube2w/seed-11_sample-2/model.cif,0.62,0.73,0.67,,,1.316,,sumo2_k11_product_ube2w,True,seed-11_sample-2
True,2,0.956,,,3.645,B/91,3.645,True,True,,,,,,7,A:96;B:151;L:1;U:76,sumo2_k11_product_ube2w,seed-11_sample-3,sumo2_k11_product_ube2w/seed-11_sample-3/model.cif,0.61,0.72,0.66,,,1.17,,sumo2_k11_product_ube2w,True,seed-11_sample-3
True,2,0.99,,,3.463,B/91,3.463,True,True,,,,,,7,A:96;B:151;L:1;U:76,sumo2_k11_product_ube2w,seed-11_sample-4,sumo2_k11_product_ube2w/seed-11_sample-4/model.cif,0.61,0.72,0.66,,,1.249,,sumo2_k11_product_ube2w,True,seed-11_sample-4
True,2,0.73,,,3.972,B/91,3.972,True,True,,,,,,2,A:96;B:151;L:1;U:76,sumo2_k11_product_ube2w,seed-12_sample-0,sumo2_k11_product_ube2w/seed-12_sample-0/model.cif,0.53,0.67,0.57,,,1.212,,sumo2_k11_product_ube2w,True,seed-12_sample-0
True,2,0.98,,,3.537,B/91,3.537,True,True,,,,,,5,A:96;B:151;L:1;U:76,sumo2_k11_product_ube2w,seed-12_sample-1,sumo2_k11_product_ube2w/seed-12_sample-1/model.cif,0.53,0.68,0.58,,,0.768,,sumo2_k11_product_ube2w,True,seed-12_sample-1
True,2,1.105,,,3.568,B/91,3.568,True,True,,,,,,11,A:96;B:151;L:1;U:76,sumo2_k11_product_ube2w,seed-12_sample-2,sumo2_k11_product_ube2w/seed-12_sample-2/model.cif,0.53,0.68,0.58,,,1.021,,sumo2_k11_product_ube2w,True,seed-12_sample-2
True,2,0.904,,,3.854,B/91,3.854,True,True,,,,,,8,A:96;B:151;L:1;U:76,sumo2_k11_product_ube2w,seed-12_sample-3,sumo2_k11_product_ube2w/seed-12_sample-3/model.cif,0.51,0.67,0.56,,,1.0,,sumo2_k11_product_ube2w,True,seed-12_sample-3
True,2,0.85,,,3.401,B/91,3.401,True,True,,,,,,6,A:96;B:151;L:1;U:76,sumo2_k11_product_ube2w,seed-12_sample-4,sumo2_k11_product_ube2w/seed-12_sample-4/model.cif,0.54,0.69,0.59,,,0.939,,sumo2_k11_product_ube2w,True,seed-12_sample-4
True,2,0.821,,,3.604,B/91,3.604,True,True,,,,,,8,A:96;B:151;L:1;U:76,sumo2_k11_product_ube2w,seed-13_sample-0,sumo2_k11_product_ube2w/seed-13_sample-0/model.cif,0.57,0.69,0.62,,,1.034,,sumo2_k11_product_ube2w,True,seed-13_sample-0
True,2,0.96,,,3.628,B/91,3.628,True,True,,,,,,5,A:96;B:151;L:1;U:76,sumo2_k11_product_ube2w,seed-13_sample-1,sumo2_k11_product_ube2w/seed-13_sample-1/model.cif,0.56,0.7,0.61,,,0.9,,sumo2_k11_product_ube2w,True,seed-13_sample-1
True,2,0.963,,,3.426,B/91,3.426,True,True,,,,,,17,A:96;B:151;L:1;U:76,sumo2_k11_product_ube2w,seed-13_sample-2,sumo2_k11_product_ube2w/seed-13_sample-2/model.cif,0.56,0.69,0.63,,,0.902,,sumo2_k11_product_ube2w,True,seed-13_sample-2
True,2,1.133,,,3.688,B/91,3.688,True,True,,,,,,15,A:96;B:151;L:1;U:76,sumo2_k11_product_ube2w,seed-13_sample-3,sumo2_k11_product_ube2w/seed-13_sample-3/model.cif,0.6,0.72,0.64,,,1.054,,sumo2_k11_product_ube2w,True,seed-13_sample-3
True,2,0.868,,,3.557,B/91,3.557,True,True,,,,,,7,A:96;B:151;L:1;U:76,sumo2_k11_product_ube2w,seed-13_sample-4,sumo2_k11_product_ube2w/seed-13_sample-4/model.cif,0.57,0.69,0.63,,,1.024,,sumo2_k11_product_ube2w,True,seed-13_sample-4
True,2,0.854,,,3.613,B/91,3.613,True,True,,,,,,8,A:96;B:151;L:1;U:76,sumo2_k11_product_ube2w,seed-14_sample-0,sumo2_k11_product_ube2w/seed-14_sample-0/model.cif,0.55,0.68,0.59,,,1.093,,sumo2_k11_product_ube2w,True,seed-14_sample-0
True,2,0.94,,,3.807,B/91,3.807,True,True,,,,,,8,A:96;B:151;L:1;U:76,sumo2_k11_product_ube2w,seed-14_sample-1,sumo2_k11_product_ube2w/seed-14_sample-1/model.cif,0.56,0.69,0.62,,,0.968,,sumo2_k11_product_ube2w,True,seed-14_sample-1
True,2,0.956,,,3.304,B/91,3.304,True,True,,,,,,7,A:96;B:151;L:1;U:76,sumo2_k11_product_ube2w,seed-14_sample-2,sumo2_k11_product_ube2w/seed-14_sample-2/model.cif,0.56,0.69,0.61,,,0.994,,sumo2_k11_product_ube2w,True,seed-14_sample-2
True,2,0.855,,,3.601,B/91,3.601,True,True,,,,,,15,A:96;B:151;L:1;U:76,sumo2_k11_product_ube2w,seed-14_sample-3,sumo2_k11_product_ube2w/seed-14_sample-3/model.cif,0.56,0.69,0.61,,,0.954,,sumo2_k11_product_ube2w,True,seed-14_sample-3
True,2,1.118,,,6.178,B/91,6.178,True,False,,,,,,13,A:96;B:151;L:1;U:76,sumo2_k11_product_ube2w,seed-14_sample-4,sumo2_k11_product_ube2w/seed-14_sample-4/model.cif,0.6,0.71,0.67,,,1.207,,sumo2_k11_product_ube2w,True,seed-14_sample-4
True,2,0.904,,,3.687,B/91,3.687,True,True,,,,,,8,A:96;B:151;L:1;U:76,sumo2_k11_product_ube2w,seed-15_sample-0,sumo2_k11_product_ube2w/seed-15_sample-0/model.cif,0.55,0.69,0.6,,,0.775,,sumo2_k11_product_ube2w,True,seed-15_sample-0
True,2,1.054,,,3.646,B/91,3.646,True,True,,,,,,15,A:96;B:151;L:1;U:76,sumo2_k11_product_ube2w,seed-15_sample-1,sumo2_k11_product_ube2w/seed-15_sample-1/model.cif,0.56,0.7,0.61,,,0.915,,sumo2_k11_product_ube2w,True,seed-15_sample-1
True,2,0.894,,,3.659,B/91,3.659,True,True,,,,,,6,A:96;B:151;L:1;U:76,sumo2_k11_product_ube2w,seed-15_sample-2,sumo2_k11_product_ube2w/seed-15_sample-2/model.cif,0.55,0.69,0.6,,,0.901,,sumo2_k11_product_ube2w,True,seed-15_sample-2
True,2,1.009,,,3.5,B/91,3.5,True,True,,,,,,15,A:96;B:151;L:1;U:76,sumo2_k11_product_ube2w,seed-15_sample-3,sumo2_k11_product_ube2w/seed-15_sample-3/model.cif,0.51,0.66,0.57,,,0.986,,sumo2_k11_product_ube2w,True,seed-15_sample-3
True,2,0.805,,,3.689,B/91,3.689,True,True,,,,,,9,A:96;B:151;L:1;U:76,sumo2_k11_product_ube2w,seed-15_sample-4,sumo2_k11_product_ube2w/seed-15_sample-4/model.cif,0.51,0.67,0.58,,,1.015,,sumo2_k11_product_ube2w,True,seed-15_sample-4
True,2,0.914,,,3.887,B/91,3.887,True,True,,,,,,5,A:96;B:151;L:1;U:76,sumo2_k11_product_ube2w,seed-16_sample-0,sumo2_k11_product_ube2w/seed-16_sample-0/model.cif,0.56,0.69,0.6,,,0.834,,sumo2_k11_product_ube2w,True,seed-16_sample-0
True,2,0.933,,,3.648,B/91,3.648,True,True,,,,,,7,A:96;B:151;L:1;U:76,sumo2_k11_product_ube2w,seed-16_sample-1,sumo2_k11_product_ube2w/seed-16_sample-1/model.cif,0.58,0.71,0.63,,,0.935,,sumo2_k11_product_ube2w,True,seed-16_sample-1
True,2,0.893,,,3.554,B/91,3.554,True,True,,,,,,11,A:96;B:151;L:1;U:76,sumo2_k11_product_ube2w,seed-16_sample-2,sumo2_k11_product_ube2w/seed-16_sample-2/model.cif,0.58,0.72,0.63,,,0.961,,sumo2_k11_product_ube2w,True,seed-16_sample-2
True,2,0.884,,,3.824,B/91,3.824,True,True,,,,,,8,A:96;B:151;L:1;U:76,sumo2_k11_product_ube2w,seed-16_sample-3,sumo2_k11_product_ube2w/seed-16_sample-3/model.cif,0.57,0.7,0.62,,,0.848,,sumo2_k11_product_ube2w,True,seed-16_sample-3
True,2,0.86,,,3.554,B/91,3.554,True,True,,,,,,7,A:96;B:151;L:1;U:76,sumo2_k11_product_ube2w,seed-16_sample-4,sumo2_k11_product_ube2w/seed-16_sample-4/model.cif,0.58,0.71,0.63,,,1.0,,sumo2_k11_product_ube2w,True,seed-16_sample-4
True,2,1.109,,,4.289,B/91,4.289,True,False,,,,,,5,A:96;B:151;L:1;U:76,sumo2_k11_product_ube2w,seed-17_sample-0,sumo2_k11_product_ube2w/seed-17_sample-0/model.cif,0.58,0.71,0.63,,,1.165,,sumo2_k11_product_ube2w,True,seed-17_sample-0
True,2,0.835,,,3.775,B/91,3.775,True,True,,,,,,12,A:96;B:151;L:1;U:76,sumo2_k11_product_ube2w,seed-17_sample-1,sumo2_k11_product_ube2w/seed-17_sample-1/model.cif,0.58,0.7,0.63,,,1.025,,sumo2_k11_product_ube2w,True,seed-17_sample-1
True,2,1.034,,,3.604,B/91,3.604,True,True,,,,,,8,A:96;B:151;L:1;U:76,sumo2_k11_product_ube2w,seed-17_sample-2,sumo2_k11_product_ube2w/seed-17_sample-2/model.cif,0.58,0.7,0.63,,,0.988,,sumo2_k11_product_ube2w,True,seed-17_sample-2
True,2,0.975,,,3.611,B/91,3.611,True,True,,,,,,7,A:96;B:151;L:1;U:76,sumo2_k11_product_ube2w,seed-17_sample-3,sumo2_k11_product_ube2w/seed-17_sample-3/model.cif,0.59,0.71,0.64,,,0.989,,sumo2_k11_product_ube2w,True,seed-17_sample-3
True,2,0.903,,,3.494,B/91,3.494,True,True,,,,,,13,A:96;B:151;L:1;U:76,sumo2_k11_product_ube2w,seed-17_sample-4,sumo2_k11_product_ube2w/seed-17_sample-4/model.cif,0.57,0.7,0.63,,,0.965,,sumo2_k11_product_ube2w,True,seed-17_sample-4
True,2,0.605,,,3.321,B/91,3.321,True,True,,,,,,9,A:96;B:151;L:1;U:76,sumo2_k11_product_ube2w,seed-18_sample-0,sumo2_k11_product_ube2w/seed-18_sample-0/model.cif,0.56,0.7,0.61,,,0.916,,sumo2_k11_product_ube2w,True,seed-18_sample-0
True,2,0.953,,,3.635,B/91,3.635,True,True,,,,,,12,A:96;B:151;L:1;U:76,sumo2_k11_product_ube2w,seed-18_sample-1,sumo2_k11_product_ube2w/seed-18_sample-1/model.cif,0.57,0.71,0.61,,,0.879,,sumo2_k11_product_ube2w,True,seed-18_sample-1
True,2,0.882,,,3.551,B/91,3.551,True,True,,,,,,8,A:96;B:151;L:1;U:76,sumo2_k11_product_ube2w,seed-18_sample-2,sumo2_k11_product_ube2w/seed-18_sample-2/model.cif,0.56,0.69,0.62,,,0.867,,sumo2_k11_product_ube2w,True,seed-18_sample-2
True,2,0.844,,,3.814,B/91,3.814,True,True,,,,,,9,A:96;B:151;L:1;U:76,sumo2_k11_product_ube2w,seed-18_sample-3,sumo2_k11_product_ube2w/seed-18_sample-3/model.cif,0.57,0.7,0.62,,,0.89,,sumo2_k11_product_ube2w,True,seed-18_sample-3
True,2,0.873,,,3.574,B/91,3.574,True,True,,,,,,6,A:96;B:151;L:1;U:76,sumo2_k11_product_ube2w,seed-18_sample-4,sumo2_k11_product_ube2w/seed-18_sample-4/model.cif,0.56,0.7,0.61,,,0.901,,sumo2_k11_product_ube2w,True,seed-18_sample-4
True,2,1.01,,,3.589,B/91,3.589,True,True,,,,,,8,A:96;B:151;L:1;U:76,sumo2_k11_product_ube2w,seed-19_sample-0,sumo2_k11_product_ube2w/seed-19_sample-0/model.cif,0.61,0.72,0.66,,,1.257,,sumo2_k11_product_ube2w,True,seed-19_sample-0
True,2,1.017,,,3.518,B/91,3.518,True,True,,,,,,10,A:96;B:151;L:1;U:76,sumo2_k11_product_ube2w,seed-19_sample-1,sumo2_k11_product_ube2w/seed-19_sample-1/model.cif,0.62,0.73,0.68,,,1.349,,sumo2_k11_product_ube2w,True,seed-19_sample-1
True,2,1.027,,,3.618,B/91,3.618,True,True,,,,,,11,A:96;B:151;L:1;U:76,sumo2_k11_product_ube2w,seed-19_sample-2,sumo2_k11_product_ube2w/seed-19_sample-2/model.cif,0.62,0.73,0.67,,,1.335,,sumo2_k11_product_ube2w,True,seed-19_sample-2
True,2,0.888,,,3.677,B/91,3.677,True,True,,,,,,11,A:96;B:151;L:1;U:76,sumo2_k11_product_ube2w,seed-19_sample-3,sumo2_k11_product_ube2w/seed-19_sample-3/model.cif,0.62,0.73,0.66,,,1.151,,sumo2_k11_product_ube2w,True,seed-19_sample-3
True,2,1.013,,,3.557,B/91,3.557,True,True,,,,,,6,A:96;B:151;L:1;U:76,sumo2_k11_product_ube2w,seed-19_sample-4,sumo2_k11_product_ube2w/seed-19_sample-4/model.cif,0.63,0.73,0.68,,,1.31,,sumo2_k11_product_ube2w,True,seed-19_sample-4
True,2,0.821,,,3.542,B/91,3.542,True,True,,,,,,9,A:96;B:151;L:1;U:76,sumo2_k11_product_ube2w,seed-1_sample-0,sumo2_k11_product_ube2w/seed-1_sample-0/model.cif,0.61,0.72,0.65,,,1.172,,sumo2_k11_product_ube2w,True,seed-1_sample-0
True,2,0.953,,,3.55,B/91,3.55,True,True,,,,,,12,A:96;B:151;L:1;U:76,sumo2_k11_product_ube2w,seed-1_sample-1,sumo2_k11_product_ube2w/seed-1_sample-1/model.cif,0.62,0.73,0.67,,,1.33,,sumo2_k11_product_ube2w,True,seed-1_sample-1
True,2,1.056,,,3.603,B/91,3.603,True,True,,,,,,9,A:96;B:151;L:1;U:76,sumo2_k11_product_ube2w,seed-1_sample-2,sumo2_k11_product_ube2w/seed-1_sample-2/model.cif,0.64,0.74,0.67,,,1.295,,sumo2_k11_product_ube2w,True,seed-1_sample-2
True,2,0.982,,,3.465,B/91,3.465,True,True,,,,,,11,A:96;B:151;L:1;U:76,sumo2_k11_product_ube2w,seed-1_sample-3,sumo2_k11_product_ube2w/seed-1_sample-3/model.cif,0.61,0.72,0.66,,,1.291,,sumo2_k11_product_ube2w,True,seed-1_sample-3
True,2,1.041,,,3.439,B/91,3.439,True,True,,,,,,8,A:96;B:151;L:1;U:76,sumo2_k11_product_ube2w,seed-1_sample-4,sumo2_k11_product_ube2w/seed-1_sample-4/model.cif,0.61,0.72,0.66,,,1.239,,sumo2_k11_product_ube2w,True,seed-1_sample-4
True,2,1.141,,,4.838,B/91,4.838,True,False,,,,,,9,A:96;B:151;L:1;U:76,sumo2_k11_product_ube2w,seed-20_sample-0,sumo2_k11_product_ube2w/seed-20_sample-0/model.cif,0.53,0.69,0.58,,,1.085,,sumo2_k11_product_ube2w,True,seed-20_sample-0
True,2,0.981,,,3.602,B/91,3.602,True,True,,,,,,11,A:96;B:151;L:1;U:76,sumo2_k11_product_ube2w,seed-20_sample-1,sumo2_k11_product_ube2w/seed-20_sample-1/model.cif,0.56,0.7,0.62,,,0.918,,sumo2_k11_product_ube2w,True,seed-20_sample-1
True,2,0.916,,,3.348,B/91,3.348,True,True,,,,,,9,A:96;B:151;L:1;U:76,sumo2_k11_product_ube2w,seed-20_sample-2,sumo2_k11_product_ube2w/seed-20_sample-2/model.cif,0.57,0.7,0.61,,,0.886,,sumo2_k11_product_ube2w,True,seed-20_sample-2
True,2,0.818,,,3.241,B/91,3.241,True,True,,,,,,9,A:96;B:151;L:1;U:76,sumo2_k11_product_ube2w,seed-20_sample-3,sumo2_k11_product_ube2w/seed-20_sample-3/model.cif,0.57,0.71,0.63,,,0.953,,sumo2_k11_product_ube2w,True,seed-20_sample-3
True,2,0.783,,,3.667,B/91,3.667,True,True,,,,,,7,A:96;B:151;L:1;U:76,sumo2_k11_product_ube2w,seed-20_sample-4,sumo2_k11_product_ube2w/seed-20_sample-4/model.cif,0.54,0.68,0.61,,,1.013,,sumo2_k11_product_ube2w,True,seed-20_sample-4
True,2,0.894,,,3.346,B/91,3.346,True,True,,,,,,10,A:96;B:151;L:1;U:76,sumo2_k11_product_ube2w,seed-2_sample-0,sumo2_k11_product_ube2w/seed-2_sample-0/model.cif,0.55,0.69,0.61,,,0.965,,sumo2_k11_product_ube2w,True,seed-2_sample-0
True,2,0.879,,,3.512,B/91,3.512,True,True,,,,,,11,A:96;B:151;L:1;U:76,sumo2_k11_product_ube2w,seed-2_sample-1,sumo2_k11_product_ube2w/seed-2_sample-1/model.cif,0.54,0.69,0.6,,,0.928,,sumo2_k11_product_ube2w,True,seed-2_sample-1
True,2,1.01,,,3.466,B/91,3.466,True,True,,,,,,16,A:96;B:151;L:1;U:76,sumo2_k11_product_ube2w,seed-2_sample-2,sumo2_k11_product_ube2w/seed-2_sample-2/model.cif,0.56,0.7,0.61,,,0.915,,sumo2_k11_product_ube2w,True,seed-2_sample-2
True,2,0.911,,,3.292,B/91,3.292,True,True,,,,,,7,A:96;B:151;L:1;U:76,sumo2_k11_product_ube2w,seed-2_sample-3,sumo2_k11_product_ube2w/seed-2_sample-3/model.cif,0.55,0.69,0.6,,,0.841,,sumo2_k11_product_ube2w,True,seed-2_sample-3
True,2,0.875,,,3.421,B/91,3.421,True,True,,,,,,7,A:96;B:151;L:1;U:76,sumo2_k11_product_ube2w,seed-2_sample-4,sumo2_k11_product_ube2w/seed-2_sample-4/model.cif,0.55,0.69,0.6,,,0.996,,sumo2_k11_product_ube2w,True,seed-2_sample-4
True,2,0.87,,,3.428,B/91,3.428,True,True,,,,,,7,A:96;B:151;L:1;U:76,sumo2_k11_product_ube2w,seed-3_sample-0,sumo2_k11_product_ube2w/seed-3_sample-0/model.cif,0.59,0.7,0.64,,,0.966,,sumo2_k11_product_ube2w,True,seed-3_sample-0
True,2,0.819,,,4.945,B/91,4.945,True,False,,,,,,8,A:96;B:151;L:1;U:76,sumo2_k11_product_ube2w,seed-3_sample-1,sumo2_k11_product_ube2w/seed-3_sample-1/model.cif,0.58,0.7,0.62,,,0.981,,sumo2_k11_product_ube2w,True,seed-3_sample-1
True,2,0.87,,,3.656,B/91,3.656,True,True,,,,,,9,A:96;B:151;L:1;U:76,sumo2_k11_product_ube2w,seed-3_sample-2,sumo2_k11_product_ube2w/seed-3_sample-2/model.cif,0.59,0.71,0.64,,,1.096,,sumo2_k11_product_ube2w,True,seed-3_sample-2
True,2,0.577,,,3.67,B/91,3.67,True,True,,,,,,8,A:96;B:151;L:1;U:76,sumo2_k11_product_ube2w,seed-3_sample-3,sumo2_k11_product_ube2w/seed-3_sample-3/model.cif,0.57,0.69,0.62,,,0.943,,sumo2_k11_product_ube2w,True,seed-3_sample-3
True,2,0.952,,,5.072,B/91,5.072,True,False,,,,,,6,A:96;B:151;L:1;U:76,sumo2_k11_product_ube2w,seed-3_sample-4,sumo2_k11_product_ube2w/seed-3_sample-4/model.cif,0.58,0.7,0.63,,,0.93,,sumo2_k11_product_ube2w,True,seed-3_sample-4
True,2,0.944,,,3.662,B/91,3.662,True,True,,,,,,6,A:96;B:151;L:1;U:76,sumo2_k11_product_ube2w,seed-4_sample-0,sumo2_k11_product_ube2w/seed-4_sample-0/model.cif,0.57,0.7,0.62,,,1.077,,sumo2_k11_product_ube2w,True,seed-4_sample-0
True,2,0.968,,,3.74,B/91,3.74,True,True,,,,,,10,A:96;B:151;L:1;U:76,sumo2_k11_product_ube2w,seed-4_sample-1,sumo2_k11_product_ube2w/seed-4_sample-1/model.cif,0.59,0.71,0.66,,,1.067,,sumo2_k11_product_ube2w,True,seed-4_sample-1
True,2,0.954,,,3.531,B/91,3.531,True,True,,,,,,6,A:96;B:151;L:1;U:76,sumo2_k11_product_ube2w,seed-4_sample-2,sumo2_k11_product_ube2w/seed-4_sample-2/model.cif,0.56,0.69,0.6,,,1.164,,sumo2_k11_product_ube2w,True,seed-4_sample-2
True,2,0.945,,,3.596,B/91,3.596,True,True,,,,,,8,A:96;B:151;L:1;U:76,sumo2_k11_product_ube2w,seed-4_sample-3,sumo2_k11_product_ube2w/seed-4_sample-3/model.cif,0.57,0.7,0.62,,,1.097,,sumo2_k11_product_ube2w,True,seed-4_sample-3
True,2,0.949,,,3.862,B/91,3.862,True,True,,,,,,10,A:96;B:151;L:1;U:76,sumo2_k11_product_ube2w,seed-4_sample-4,sumo2_k11_product_ube2w/seed-4_sample-4/model.cif,0.57,0.7,0.62,,,1.132,,sumo2_k11_product_ube2w,True,seed-4_sample-4
True,2,0.824,,,3.614,B/91,3.614,True,True,,,,,,9,A:96;B:151;L:1;U:76,sumo2_k11_product_ube2w,seed-5_sample-0,sumo2_k11_product_ube2w/seed-5_sample-0/model.cif,0.56,0.7,0.61,,,0.916,,sumo2_k11_product_ube2w,True,seed-5_sample-0
True,2,0.963,,,3.648,B/91,3.648,True,True,,,,,,7,A:96;B:151;L:1;U:76,sumo2_k11_product_ube2w,seed-5_sample-1,sumo2_k11_product_ube2w/seed-5_sample-1/model.cif,0.54,0.69,0.6,,,0.891,,sumo2_k11_product_ube2w,True,seed-5_sample-1
True,2,0.864,,,3.635,B/91,3.635,True,True,,,,,,11,A:96;B:151;L:1;U:76,sumo2_k11_product_ube2w,seed-5_sample-2,sumo2_k11_product_ube2w/seed-5_sample-2/model.cif,0.57,0.71,0.63,,,1.007,,sumo2_k11_product_ube2w,True,seed-5_sample-2
True,2,0.827,,,3.774,B/91,3.774,True,True,,,,,,6,A:96;B:151;L:1;U:76,sumo2_k11_product_ube2w,seed-5_sample-3,sumo2_k11_product_ube2w/seed-5_sample-3/model.cif,0.56,0.7,0.62,,,1.0,,sumo2_k11_product_ube2w,True,seed-5_sample-3
True,2,0.923,,,3.558,B/91,3.558,True,True,,,,,,7,A:96;B:151;L:1;U:76,sumo2_k11_product_ube2w,seed-5_sample-4,sumo2_k11_product_ube2w/seed-5_sample-4/model.cif,0.55,0.69,0.6,,,0.932,,sumo2_k11_product_ube2w,True,seed-5_sample-4
True,2,0.9,,,5.064,B/91,5.064,True,False,,,,,,10,A:96;B:151;L:1;U:76,sumo2_k11_product_ube2w,seed-6_sample-0,sumo2_k11_product_ube2w/seed-6_sample-0/model.cif,0.55,0.69,0.6,,,0.947,,sumo2_k11_product_ube2w,True,seed-6_sample-0
True,2,1.21,,,4.001,B/91,4.001,True,False,,,,,,16,A:96;B:151;L:1;U:76,sumo2_k11_product_ube2w,seed-6_sample-1,sumo2_k11_product_ube2w/seed-6_sample-1/model.cif,0.6,0.73,0.65,,,1.14,,sumo2_k11_product_ube2w,True,seed-6_sample-1
True,2,0.936,,,3.45,B/91,3.45,True,True,,,,,,6,A:96;B:151;L:1;U:76,sumo2_k11_product_ube2w,seed-6_sample-2,sumo2_k11_product_ube2w/seed-6_sample-2/model.cif,0.52,0.67,0.59,,,0.932,,sumo2_k11_product_ube2w,True,seed-6_sample-2
True,2,0.911,,,3.269,B/91,3.269,True,True,,,,,,6,A:96;B:151;L:1;U:76,sumo2_k11_product_ube2w,seed-6_sample-3,sumo2_k11_product_ube2w/seed-6_sample-3/model.cif,0.55,0.69,0.61,,,0.949,,sumo2_k11_product_ube2w,True,seed-6_sample-3
True,2,1.185,,,4.106,B/91,4.106,True,False,,,,,,6,A:96;B:151;L:1;U:76,sumo2_k11_product_ube2w,seed-6_sample-4,sumo2_k11_product_ube2w/seed-6_sample-4/model.cif,0.57,0.7,0.61,,,1.087,,sumo2_k11_product_ube2w,True,seed-6_sample-4
True,2,0.992,,,3.688,B/91,3.688,True,True,,,,,,7,A:96;B:151;L:1;U:76,sumo2_k11_product_ube2w,seed-7_sample-0,sumo2_k11_product_ube2w/seed-7_sample-0/model.cif,0.57,0.69,0.63,,,0.996,,sumo2_k11_product_ube2w,True,seed-7_sample-0
True,2,0.956,,,3.671,B/91,3.671,True,True,,,,,,9,A:96;B:151;L:1;U:76,sumo2_k11_product_ube2w,seed-7_sample-1,sumo2_k11_product_ube2w/seed-7_sample-1/model.cif,0.57,0.7,0.62,,,1.018,,sumo2_k11_product_ube2w,True,seed-7_sample-1
True,2,0.893,,,3.596,B/91,3.596,True,True,,,,,,9,A:96;B:151;L:1;U:76,sumo2_k11_product_ube2w,seed-7_sample-2,sumo2_k11_product_ube2w/seed-7_sample-2/model.cif,0.56,0.7,0.63,,,1.055,,sumo2_k11_product_ube2w,True,seed-7_sample-2
True,2,0.965,,,3.496,B/91,3.496,True,True,,,,,,8,A:96;B:151;L:1;U:76,sumo2_k11_product_ube2w,seed-7_sample-3,sumo2_k11_product_ube2w/seed-7_sample-3/model.cif,0.56,0.7,0.62,,,0.93,,sumo2_k11_product_ube2w,True,seed-7_sample-3
True,2,0.981,,,3.67,B/91,3.67,True,True,,,,,,7,A:96;B:151;L:1;U:76,sumo2_k11_product_ube2w,seed-7_sample-4,sumo2_k11_product_ube2w/seed-7_sample-4/model.cif,0.54,0.69,0.6,,,0.996,,sumo2_k11_product_ube2w,True,seed-7_sample-4
True,2,0.818,,,3.692,B/91,3.692,True,True,,,,,,6,A:96;B:151;L:1;U:76,sumo2_k11_product_ube2w,seed-8_sample-0,sumo2_k11_product_ube2w/seed-8_sample-0/model.cif,0.58,0.71,0.63,,,0.847,,sumo2_k11_product_ube2w,True,seed-8_sample-0
True,2,0.966,,,3.682,B/91,3.682,True,True,,,,,,8,A:96;B:151;L:1;U:76,sumo2_k11_product_ube2w,seed-8_sample-1,sumo2_k11_product_ube2w/seed-8_sample-1/model.cif,0.58,0.7,0.63,,,0.953,,sumo2_k11_product_ube2w,True,seed-8_sample-1
True,2,0.767,,,3.542,B/91,3.542,True,True,,,,,,11,A:96;B:151;L:1;U:76,sumo2_k11_product_ube2w,seed-8_sample-2,sumo2_k11_product_ube2w/seed-8_sample-2/model.cif,0.58,0.71,0.63,,,0.844,,sumo2_k11_product_ube2w,True,seed-8_sample-2
True,2,0.789,,,3.701,B/91,3.701,True,True,,,,,,7,A:96;B:151;L:1;U:76,sumo2_k11_product_ube2w,seed-8_sample-3,sumo2_k11_product_ube2w/seed-8_sample-3/model.cif,0.57,0.7,0.62,,,0.854,,sumo2_k11_product_ube2w,True,seed-8_sample-3
True,2,0.813,,,3.754,B/91,3.754,True,True,,,,,,9,A:96;B:151;L:1;U:76,sumo2_k11_product_ube2w,seed-8_sample-4,sumo2_k11_product_ube2w/seed-8_sample-4/model.cif,0.59,0.72,0.64,,,0.963,,sumo2_k11_product_ube2w,True,seed-8_sample-4
True,2,1.203,,,3.792,B/91,3.792,True,True,,,,,,8,A:96;B:151;L:1;U:76,sumo2_k11_product_ube2w,seed-9_sample-0,sumo2_k11_product_ube2w/seed-9_sample-0/model.cif,0.57,0.7,0.62,,,1.187,,sumo2_k11_product_ube2w,True,seed-9_sample-0
True,2,1.074,,,5.303,B/91,5.303,True,False,,,,,,6,A:96;B:151;L:1;U:76,sumo2_k11_product_ube2w,seed-9_sample-1,sumo2_k11_product_ube2w/seed-9_sample-1/model.cif,0.59,0.71,0.63,,,1.146,,sumo2_k11_product_ube2w,True,seed-9_sample-1
True,2,0.973,,,3.395,B/91,3.395,True,True,,,,,,7,A:96;B:151;L:1;U:76,sumo2_k11_product_ube2w,seed-9_sample-2,sumo2_k11_product_ube2w/seed-9_sample-2/model.cif,0.54,0.69,0.6,,,0.971,,sumo2_k11_product_ube2w,True,seed-9_sample-2
True,2,0.818,,,3.281,B/91,3.281,True,True,,,,,,9,A:96;B:151;L:1;U:76,sumo2_k11_product_ube2w,seed-9_sample-3,sumo2_k11_product_ube2w/seed-9_sample-3/model.cif,0.54,0.69,0.59,,,1.018,,sumo2_k11_product_ube2w,True,seed-9_sample-3
True,2,0.863,,,3.863,B/91,3.863,True,True,,,,,,6,A:96;B:151;L:1;U:76,sumo2_k11_product_ube2w,seed-9_sample-4,sumo2_k11_product_ube2w/seed-9_sample-4/model.cif,0.55,0.69,0.61,,,0.981,,sumo2_k11_product_ube2w,True,seed-9_sample-4
True,4,0.931,1.292,1.791,2.613,B/91,2.613,True,True,UBGT,1.791,329.6,False,1.45,7,A:96;B:151;G:1;L:1;U:74,sumo2_k11_tetrahedral_ube2w,seed-10_sample-0,sumo2_k11_tetrahedral_ube2w/seed-10_sample-0/model.cif,0.63,0.74,0.68,,,,1.45,sumo2_k11_tetrahedral_ube2w,True,seed-10_sample-0
True,4,0.896,1.387,1.794,2.653,B/91,2.653,True,True,UBGT,1.794,328.6,False,1.445,5,A:96;B:151;G:1;L:1;U:74,sumo2_k11_tetrahedral_ube2w,seed-10_sample-1,sumo2_k11_tetrahedral_ube2w/seed-10_sample-1/model.cif,0.62,0.73,0.67,,,,1.445,sumo2_k11_tetrahedral_ube2w,True,seed-10_sample-1
True,4,0.859,1.412,1.792,2.621,B/91,2.621,True,True,UBGT,1.792,329.0,False,1.428,9,A:96;B:151;G:1;L:1;U:74,sumo2_k11_tetrahedral_ube2w,seed-10_sample-2,sumo2_k11_tetrahedral_ube2w/seed-10_sample-2/model.cif,0.63,0.73,0.68,,,,1.428,sumo2_k11_tetrahedral_ube2w,True,seed-10_sample-2
True,4,1.114,1.085,1.783,2.601,B/91,2.601,True,True,UBGT,1.783,328.6,False,1.478,7,A:96;B:151;G:1;L:1;U:74,sumo2_k11_tetrahedral_ube2w,seed-10_sample-3,sumo2_k11_tetrahedral_ube2w/seed-10_sample-3/model.cif,0.59,0.7,0.64,,,,1.478,sumo2_k11_tetrahedral_ube2w,True,seed-10_sample-3
True,4,0.893,1.252,1.796,2.636,B/91,2.636,True,True,UBGT,1.796,329.2,False,1.452,9,A:96;B:151;G:1;L:1;U:74,sumo2_k11_tetrahedral_ube2w,seed-10_sample-4,sumo2_k11_tetrahedral_ube2w/seed-10_sample-4/model.cif,0.63,0.73,0.68,,,,1.452,sumo2_k11_tetrahedral_ube2w,True,seed-10_sample-4
True,4,1.105,1.263,1.822,2.743,B/91,2.743,True,True,UBGT,1.822,328.4,False,1.519,9,A:96;B:151;G:1;L:1;U:74,sumo2_k11_tetrahedral_ube2w,seed-11_sample-0,sumo2_k11_tetrahedral_ube2w/seed-11_sample-0/model.cif,0.63,0.74,0.67,,,,1.519,sumo2_k11_tetrahedral_ube2w,True,seed-11_sample-0
True,4,0.88,1.183,1.789,2.652,B/91,2.652,True,True,UBGT,1.789,328.5,False,1.445,12,A:96;B:151;G:1;L:1;U:74,sumo2_k11_tetrahedral_ube2w,seed-11_sample-1,sumo2_k11_tetrahedral_ube2w/seed-11_sample-1/model.cif,0.59,0.71,0.64,,,,1.445,sumo2_k11_tetrahedral_ube2w,True,seed-11_sample-1
True,4,0.924,1.226,1.789,2.647,B/91,2.647,True,True,UBGT,1.789,328.3,False,1.464,11,A:96;B:151;G:1;L:1;U:74,sumo2_k11_tetrahedral_ube2w,seed-11_sample-2,sumo2_k11_tetrahedral_ube2w/seed-11_sample-2/model.cif,0.6,0.73,0.65,,,,1.464,sumo2_k11_tetrahedral_ube2w,True,seed-11_sample-2
True,4,0.928,1.24,1.8,2.693,B/91,2.693,True,True,UBGT,1.8,327.5,False,1.466,9,A:96;B:151;G:1;L:1;U:74,sumo2_k11_tetrahedral_ube2w,seed-11_sample-3,sumo2_k11_tetrahedral_ube2w/seed-11_sample-3/model.cif,0.6,0.72,0.65,,,,1.466,sumo2_k11_tetrahedral_ube2w,True,seed-11_sample-3
True,4,0.921,1.166,1.785,2.696,B/91,2.696,True,True,UBGT,1.785,327.4,False,1.466,5,A:96;B:151;G:1;L:1;U:74,sumo2_k11_tetrahedral_ube2w,seed-11_sample-4,sumo2_k11_tetrahedral_ube2w/seed-11_sample-4/model.cif,0.58,0.71,0.64,,,,1.466,sumo2_k11_tetrahedral_ube2w,True,seed-11_sample-4
True,4,0.876,1.224,1.782,2.641,B/91,2.641,True,True,UBGT,1.782,329.6,False,1.443,7,A:96;B:151;G:1;L:1;U:74,sumo2_k11_tetrahedral_ube2w,seed-12_sample-0,sumo2_k11_tetrahedral_ube2w/seed-12_sample-0/model.cif,0.6,0.71,0.64,,,,1.443,sumo2_k11_tetrahedral_ube2w,True,seed-12_sample-0
True,4,0.921,1.293,1.784,2.675,B/91,2.675,True,True,UBGT,1.784,327.0,False,1.463,11,A:96;B:151;G:1;L:1;U:74,sumo2_k11_tetrahedral_ube2w,seed-12_sample-1,sumo2_k11_tetrahedral_ube2w/seed-12_sample-1/model.cif,0.6,0.72,0.65,,,,1.463,sumo2_k11_tetrahedral_ube2w,True,seed-12_sample-1
True,4,0.925,1.304,1.776,2.671,B/91,2.671,True,True,UBGT,1.776,328.1,False,1.471,12,A:96;B:151;G:1;L:1;U:74,sumo2_k11_tetrahedral_ube2w,seed-12_sample-2,sumo2_k11_tetrahedral_ube2w/seed-12_sample-2/model.cif,0.63,0.75,0.67,,,,1.471,sumo2_k11_tetrahedral_ube2w,True,seed-12_sample-2
True,4,1.094,1.267,1.816,2.781,B/91,2.781,True,True,UBGT,1.816,329.5,False,1.51,17,A:96;B:151;G:1;L:1;U:74,sumo2_k11_tetrahedral_ube2w,seed-12_sample-3,sumo2_k11_tetrahedral_ube2w/seed-12_sample-3/model.cif,0.66,0.77,0.7,,,,1.51,sumo2_k11_tetrahedral_ube2w,True,seed-12_sample-3
True,4,0.919,1.263,1.787,2.644,B/91,2.644,True,True,UBGT,1.787,328.9,False,1.462,5,A:96;B:151;G:1;L:1;U:74,sumo2_k11_tetrahedral_ube2w,seed-12_sample-4,sumo2_k11_tetrahedral_ube2w/seed-12_sample-4/model.cif,0.6,0.72,0.65,,,,1.462,sumo2_k11_tetrahedral_ube2w,True,seed-12_sample-4
True,4,1.006,1.333,1.804,2.589,B/91,2.589,True,True,UBGT,1.804,328.7,False,1.473,9,A:96;B:151;G:1;L:1;U:74,sumo2_k11_tetrahedral_ube2w,seed-13_sample-0,sumo2_k11_tetrahedral_ube2w/seed-13_sample-0/model.cif,0.63,0.73,0.68,,,,1.473,sumo2_k11_tetrahedral_ube2w,True,seed-13_sample-0
True,4,0.929,1.236,1.792,2.615,B/91,2.615,True,True,UBGT,1.792,329.9,False,1.479,6,A:96;B:151;G:1;L:1;U:74,sumo2_k11_tetrahedral_ube2w,seed-13_sample-1,sumo2_k11_tetrahedral_ube2w/seed-13_sample-1/model.cif,0.61,0.72,0.66,,,,1.479,sumo2_k11_tetrahedral_ube2w,True,seed-13_sample-1
True,4,0.924,1.197,1.789,2.627,B/91,2.627,True,True,UBGT,1.789,329.2,False,1.46,8,A:96;B:151;G:1;L:1;U:74,sumo2_k11_tetrahedral_ube2w,seed-13_sample-2,sumo2_k11_tetrahedral_ube2w/seed-13_sample-2/model.cif,0.61,0.72,0.67,,,,1.46,sumo2_k11_tetrahedral_ube2w,True,seed-13_sample-2
True,4,0.939,1.338,1.802,2.599,B/91,2.599,True,True,UBGT,1.802,330.0,False,1.465,10,A:96;B:151;G:1;L:1;U:74,sumo2_k11_tetrahedral_ube2w,seed-13_sample-3,sumo2_k11_tetrahedral_ube2w/seed-13_sample-3/model.cif,0.63,0.73,0.69,,,,1.465,sumo2_k11_tetrahedral_ube2w,True,seed-13_sample-3
True,4,0.965,1.439,1.822,2.637,B/91,2.637,True,True,UBGT,1.822,328.5,False,1.465,7,A:96;B:151;G:1;L:1;U:74,sumo2_k11_tetrahedral_ube2w,seed-13_sample-4,sumo2_k11_tetrahedral_ube2w/seed-13_sample-4/model.cif,0.62,0.72,0.67,,,,1.465,sumo2_k11_tetrahedral_ube2w,True,seed-13_sample-4
True,4,0.992,1.241,1.797,2.578,B/91,2.578,True,True,UBGT,1.797,328.6,False,1.456,6,A:96;B:151;G:1;L:1;U:74,sumo2_k11_tetrahedral_ube2w,seed-14_sample-0,sumo2_k11_tetrahedral_ube2w/seed-14_sample-0/model.cif,0.61,0.72,0.66,,,,1.456,sumo2_k11_tetrahedral_ube2w,True,seed-14_sample-0
True,4,0.994,1.29,1.81,2.607,B/91,2.607,True,True,UBGT,1.81,329.4,False,1.446,8,A:96;B:151;G:1;L:1;U:74,sumo2_k11_tetrahedral_ube2w,seed-14_sample-1,sumo2_k11_tetrahedral_ube2w/seed-14_sample-1/model.cif,0.61,0.72,0.67,,,,1.446,sumo2_k11_tetrahedral_ube2w,True,seed-14_sample-1
True,4,1.008,1.172,1.779,2.552,B/91,2.552,True,True,UBGT,1.779,329.0,False,1.453,7,A:96;B:151;G:1;L:1;U:74,sumo2_k11_tetrahedral_ube2w,seed-14_sample-2,sumo2_k11_tetrahedral_ube2w/seed-14_sample-2/model.cif,0.61,0.73,0.66,,,,1.453,sumo2_k11_tetrahedral_ube2w,True,seed-14_sample-2
True,4,1.12,1.411,1.81,2.645,B/91,2.645,True,True,UBGT,1.81,328.2,False,1.499,14,A:96;B:151;G:1;L:1;U:74,sumo2_k11_tetrahedral_ube2w,seed-14_sample-3,sumo2_k11_tetrahedral_ube2w/seed-14_sample-3/model.cif,0.64,0.74,0.68,,,,1.499,sumo2_k11_tetrahedral_ube2w,True,seed-14_sample-3
True,4,0.996,1.356,1.817,2.614,B/91,2.614,True,True,UBGT,1.817,328.8,False,1.458,9,A:96;B:151;G:1;L:1;U:74,sumo2_k11_tetrahedral_ube2w,seed-14_sample-4,sumo2_k11_tetrahedral_ube2w/seed-14_sample-4/model.cif,0.63,0.73,0.68,,,,1.458,sumo2_k11_tetrahedral_ube2w,True,seed-14_sample-4
True,4,0.948,1.253,1.797,2.631,B/91,2.631,True,True,UBGT,1.797,329.5,False,1.478,8,A:96;B:151;G:1;L:1;U:74,sumo2_k11_tetrahedral_ube2w,seed-15_sample-0,sumo2_k11_tetrahedral_ube2w/seed-15_sample-0/model.cif,0.6,0.71,0.64,,,,1.478,sumo2_k11_tetrahedral_ube2w,True,seed-15_sample-0
True,4,0.986,1.195,1.796,2.625,B/91,2.625,True,True,UBGT,1.796,328.1,False,1.466,6,A:96;B:151;G:1;L:1;U:74,sumo2_k11_tetrahedral_ube2w,seed-15_sample-1,sumo2_k11_tetrahedral_ube2w/seed-15_sample-1/model.cif,0.59,0.71,0.64,,,,1.466,sumo2_k11_tetrahedral_ube2w,True,seed-15_sample-1
True,4,0.971,1.207,1.806,2.615,B/91,2.615,True,True,UBGT,1.806,329.3,False,1.474,8,A:96;B:151;G:1;L:1;U:74,sumo2_k11_tetrahedral_ube2w,seed-15_sample-2,sumo2_k11_tetrahedral_ube2w/seed-15_sample-2/model.cif,0.59,0.71,0.63,,,,1.474,sumo2_k11_tetrahedral_ube2w,True,seed-15_sample-2
True,4,0.91,1.164,1.791,2.618,B/91,2.618,True,True,UBGT,1.791,328.3,False,1.467,6,A:96;B:151;G:1;L:1;U:74,sumo2_k11_tetrahedral_ube2w,seed-15_sample-3,sumo2_k11_tetrahedral_ube2w/seed-15_sample-3/model.cif,0.6,0.71,0.65,,,,1.467,sumo2_k11_tetrahedral_ube2w,True,seed-15_sample-3
True,4,0.83,1.292,1.803,2.636,B/91,2.636,True,True,UBGT,1.803,330.2,False,1.478,6,A:96;B:151;G:1;L:1;U:74,sumo2_k11_tetrahedral_ube2w,seed-15_sample-4,sumo2_k11_tetrahedral_ube2w/seed-15_sample-4/model.cif,0.57,0.7,0.61,,,,1.478,sumo2_k11_tetrahedral_ube2w,True,seed-15_sample-4
True,4,0.973,1.43,1.796,2.598,B/91,2.598,True,True,UBGT,1.796,329.9,False,1.464,7,A:96;B:151;G:1;L:1;U:74,sumo2_k11_tetrahedral_ube2w,seed-16_sample-0,sumo2_k11_tetrahedral_ube2w/seed-16_sample-0/model.cif,0.63,0.73,0.68,,,,1.464,sumo2_k11_tetrahedral_ube2w,True,seed-16_sample-0
True,4,0.997,1.445,1.802,2.599,B/91,2.599,True,True,UBGT,1.802,329.8,False,1.481,6,A:96;B:151;G:1;L:1;U:74,sumo2_k11_tetrahedral_ube2w,seed-16_sample-1,sumo2_k11_tetrahedral_ube2w/seed-16_sample-1/model.cif,0.63,0.73,0.68,,,,1.481,sumo2_k11_tetrahedral_ube2w,True,seed-16_sample-1
True,4,0.945,1.285,1.782,2.599,B/91,2.599,True,True,UBGT,1.782,330.3,False,1.463,10,A:96;B:151;G:1;L:1;U:74,sumo2_k11_tetrahedral_ube2w,seed-16_sample-2,sumo2_k11_tetrahedral_ube2w/seed-16_sample-2/model.cif,0.61,0.72,0.66,,,,1.463,sumo2_k11_tetrahedral_ube2w,True,seed-16_sample-2
True,4,0.944,1.103,1.826,2.635,B/91,2.635,True,True,UBGT,1.826,329.0,False,1.462,9,A:96;B:151;G:1;L:1;U:74,sumo2_k11_tetrahedral_ube2w,seed-16_sample-3,sumo2_k11_tetrahedral_ube2w/seed-16_sample-3/model.cif,0.61,0.72,0.66,,,,1.462,sumo2_k11_tetrahedral_ube2w,True,seed-16_sample-3
True,4,1.03,1.249,1.811,2.597,B/91,2.597,True,True,UBGT,1.811,330.7,False,1.476,7,A:96;B:151;G:1;L:1;U:74,sumo2_k11_tetrahedral_ube2w,seed-16_sample-4,sumo2_k11_tetrahedral_ube2w/seed-16_sample-4/model.cif,0.63,0.72,0.68,,,,1.476,sumo2_k11_tetrahedral_ube2w,True,seed-16_sample-4
True,4,0.931,1.213,1.802,2.579,B/91,2.579,True,True,UBGT,1.802,328.3,False,1.446,12,A:96;B:151;G:1;L:1;U:74,sumo2_k11_tetrahedral_ube2w,seed-17_sample-0,sumo2_k11_tetrahedral_ube2w/seed-17_sample-0/model.cif,0.64,0.74,0.68,,,,1.446,sumo2_k11_tetrahedral_ube2w,True,seed-17_sample-0
True,4,1.008,1.456,1.805,2.602,B/91,2.602,True,True,UBGT,1.805,329.4,False,1.462,14,A:96;B:151;G:1;L:1;U:74,sumo2_k11_tetrahedral_ube2w,seed-17_sample-1,sumo2_k11_tetrahedral_ube2w/seed-17_sample-1/model.cif,0.66,0.76,0.71,,,,1.462,sumo2_k11_tetrahedral_ube2w,True,seed-17_sample-1
True,4,1.018,1.314,1.785,2.619,B/91,2.619,True,True,UBGT,1.785,329.3,False,1.482,11,A:96;B:151;G:1;L:1;U:74,sumo2_k11_tetrahedral_ube2w,seed-17_sample-2,sumo2_k11_tetrahedral_ube2w/seed-17_sample-2/model.cif,0.62,0.73,0.67,,,,1.482,sumo2_k11_tetrahedral_ube2w,True,seed-17_sample-2
True,4,1.037,1.432,1.815,2.621,B/91,2.621,True,True,UBGT,1.815,329.9,False,1.492,10,A:96;B:151;G:1;L:1;U:74,sumo2_k11_tetrahedral_ube2w,seed-17_sample-3,sumo2_k11_tetrahedral_ube2w/seed-17_sample-3/model.cif,0.64,0.74,0.69,,,,1.492,sumo2_k11_tetrahedral_ube2w,True,seed-17_sample-3
True,4,1.122,1.35,1.818,2.651,B/91,2.651,True,True,UBGT,1.818,329.6,False,1.512,7,A:96;B:151;G:1;L:1;U:74,sumo2_k11_tetrahedral_ube2w,seed-17_sample-4,sumo2_k11_tetrahedral_ube2w/seed-17_sample-4/model.cif,0.61,0.73,0.67,,,,1.512,sumo2_k11_tetrahedral_ube2w,True,seed-17_sample-4
True,4,0.95,1.311,1.794,2.658,B/91,2.658,True,True,UBGT,1.794,328.9,False,1.499,13,A:96;B:151;G:1;L:1;U:74,sumo2_k11_tetrahedral_ube2w,seed-18_sample-0,sumo2_k11_tetrahedral_ube2w/seed-18_sample-0/model.cif,0.59,0.71,0.63,,,,1.499,sumo2_k11_tetrahedral_ube2w,True,seed-18_sample-0
True,4,0.93,1.435,1.79,2.611,B/91,2.611,True,True,UBGT,1.79,330.5,False,1.483,10,A:96;B:151;G:1;L:1;U:74,sumo2_k11_tetrahedral_ube2w,seed-18_sample-1,sumo2_k11_tetrahedral_ube2w/seed-18_sample-1/model.cif,0.62,0.73,0.66,,,,1.483,sumo2_k11_tetrahedral_ube2w,True,seed-18_sample-1
True,4,1.162,1.324,1.862,2.751,B/91,2.751,True,True,UBGT,1.862,329.6,False,1.529,9,A:96;B:151;G:1;L:1;U:74,sumo2_k11_tetrahedral_ube2w,seed-18_sample-2,sumo2_k11_tetrahedral_ube2w/seed-18_sample-2/model.cif,0.59,0.7,0.63,,,,1.529,sumo2_k11_tetrahedral_ube2w,True,seed-18_sample-2
True,4,1.112,1.44,1.779,2.584,B/91,2.584,True,True,UBGT,1.779,327.5,False,1.489,7,A:96;B:151;G:1;L:1;U:74,sumo2_k11_tetrahedral_ube2w,seed-18_sample-3,sumo2_k11_tetrahedral_ube2w/seed-18_sample-3/model.cif,0.58,0.7,0.63,,,,1.489,sumo2_k11_tetrahedral_ube2w,True,seed-18_sample-3
True,4,0.902,1.25,1.781,2.622,B/91,2.622,True,True,UBGT,1.781,330.2,False,1.468,7,A:96;B:151;G:1;L:1;U:74,sumo2_k11_tetrahedral_ube2w,seed-18_sample-4,sumo2_k11_tetrahedral_ube2w/seed-18_sample-4/model.cif,0.58,0.7,0.64,,,,1.468,sumo2_k11_tetrahedral_ube2w,True,seed-18_sample-4
True,4,1.003,1.425,1.791,2.686,B/91,2.686,True,True,UBGT,1.791,327.7,False,1.477,11,A:96;B:151;G:1;L:1;U:74,sumo2_k11_tetrahedral_ube2w,seed-19_sample-0,sumo2_k11_tetrahedral_ube2w/seed-19_sample-0/model.cif,0.64,0.75,0.69,,,,1.477,sumo2_k11_tetrahedral_ube2w,True,seed-19_sample-0
True,4,0.924,1.207,1.784,2.664,B/91,2.664,True,True,UBGT,1.784,327.6,False,1.452,14,A:96;B:151;G:1;L:1;U:74,sumo2_k11_tetrahedral_ube2w,seed-19_sample-1,sumo2_k11_tetrahedral_ube2w/seed-19_sample-1/model.cif,0.63,0.75,0.68,,,,1.452,sumo2_k11_tetrahedral_ube2w,True,seed-19_sample-1
True,4,0.821,1.418,1.782,2.642,B/91,2.642,True,True,UBGT,1.782,328.8,False,1.452,11,A:96;B:151;G:1;L:1;U:74,sumo2_k11_tetrahedral_ube2w,seed-19_sample-2,sumo2_k11_tetrahedral_ube2w/seed-19_sample-2/model.cif,0.66,0.77,0.71,,,,1.452,sumo2_k11_tetrahedral_ube2w,True,seed-19_sample-2
True,4,0.893,1.344,1.764,2.639,B/91,2.639,True,True,UBGT,1.764,327.3,False,1.439,16,A:96;B:151;G:1;L:1;U:74,sumo2_k11_tetrahedral_ube2w,seed-19_sample-3,sumo2_k11_tetrahedral_ube2w/seed-19_sample-3/model.cif,0.62,0.75,0.67,,,,1.439,sumo2_k11_tetrahedral_ube2w,True,seed-19_sample-3
True,4,0.978,1.175,1.789,2.646,B/91,2.646,True,True,UBGT,1.789,329.3,False,1.476,9,A:96;B:151;G:1;L:1;U:74,sumo2_k11_tetrahedral_ube2w,seed-19_sample-4,sumo2_k11_tetrahedral_ube2w/seed-19_sample-4/model.cif,0.64,0.75,0.69,,,,1.476,sumo2_k11_tetrahedral_ube2w,True,seed-19_sample-4
True,4,0.907,1.24,1.791,2.625,B/91,2.625,True,True,UBGT,1.791,328.2,False,1.471,11,A:96;B:151;G:1;L:1;U:74,sumo2_k11_tetrahedral_ube2w,seed-1_sample-0,sumo2_k11_tetrahedral_ube2w/seed-1_sample-0/model.cif,0.64,0.75,0.68,,,,1.471,sumo2_k11_tetrahedral_ube2w,True,seed-1_sample-0
True,4,0.828,1.294,1.783,2.623,B/91,2.623,True,True,UBGT,1.783,328.6,False,1.427,12,A:96;B:151;G:1;L:1;U:74,sumo2_k11_tetrahedral_ube2w,seed-1_sample-1,sumo2_k11_tetrahedral_ube2w/seed-1_sample-1/model.cif,0.65,0.76,0.7,,,,1.427,sumo2_k11_tetrahedral_ube2w,True,seed-1_sample-1
True,4,0.887,1.332,1.782,2.631,B/91,2.631,True,True,UBGT,1.782,328.5,False,1.453,12,A:96;B:151;G:1;L:1;U:74,sumo2_k11_tetrahedral_ube2w,seed-1_sample-2,sumo2_k11_tetrahedral_ube2w/seed-1_sample-2/model.cif,0.65,0.75,0.7,,,,1.453,sumo2_k11_tetrahedral_ube2w,True,seed-1_sample-2
True,4,0.903,1.357,1.795,2.657,B/91,2.657,True,True,UBGT,1.795,328.9,False,1.46,9,A:96;B:151;G:1;L:1;U:74,sumo2_k11_tetrahedral_ube2w,seed-1_sample-3,sumo2_k11_tetrahedral_ube2w/seed-1_sample-3/model.cif,0.66,0.76,0.71,,,,1.46,sumo2_k11_tetrahedral_ube2w,True,seed-1_sample-3
True,4,1.001,1.227,1.789,2.626,B/91,2.626,True,True,UBGT,1.789,328.7,False,1.47,9,A:96;B:151;G:1;L:1;U:74,sumo2_k11_tetrahedral_ube2w,seed-1_sample-4,sumo2_k11_tetrahedral_ube2w/seed-1_sample-4/model.cif,0.63,0.74,0.68,,,,1.47,sumo2_k11_tetrahedral_ube2w,True,seed-1_sample-4
True,4,0.955,1.323,1.798,2.651,B/91,2.651,True,True,UBGT,1.798,330.5,False,1.504,7,A:96;B:151;G:1;L:1;U:74,sumo2_k11_tetrahedral_ube2w,seed-20_sample-0,sumo2_k11_tetrahedral_ube2w/seed-20_sample-0/model.cif,0.62,0.73,0.66,,,,1.504,sumo2_k11_tetrahedral_ube2w,True,seed-20_sample-0
True,4,1.005,1.398,1.807,2.62,B/91,2.62,True,True,UBGT,1.807,329.3,False,1.506,7,A:96;B:151;G:1;L:1;U:74,sumo2_k11_tetrahedral_ube2w,seed-20_sample-1,sumo2_k11_tetrahedral_ube2w/seed-20_sample-1/model.cif,0.64,0.74,0.7,,,,1.506,sumo2_k11_tetrahedral_ube2w,True,seed-20_sample-1
True,4,0.962,1.571,1.806,2.64,B/91,2.64,True,True,UBGT,1.806,329.9,False,1.491,8,A:96;B:151;G:1;L:1;U:74,sumo2_k11_tetrahedral_ube2w,seed-20_sample-2,sumo2_k11_tetrahedral_ube2w/seed-20_sample-2/model.cif,0.64,0.73,0.69,,,,1.491,sumo2_k11_tetrahedral_ube2w,True,seed-20_sample-2
True,4,0.989,1.331,1.817,2.626,B/91,2.626,True,True,UBGT,1.817,330.4,False,1.463,7,A:96;B:151;G:1;L:1;U:74,sumo2_k11_tetrahedral_ube2w,seed-20_sample-3,sumo2_k11_tetrahedral_ube2w/seed-20_sample-3/model.cif,0.61,0.72,0.66,,,,1.463,sumo2_k11_tetrahedral_ube2w,True,seed-20_sample-3
True,4,0.93,1.476,1.814,2.622,B/91,2.622,True,True,UBGT,1.814,330.0,False,1.482,6,A:96;B:151;G:1;L:1;U:74,sumo2_k11_tetrahedral_ube2w,seed-20_sample-4,sumo2_k11_tetrahedral_ube2w/seed-20_sample-4/model.cif,0.61,0.71,0.65,,,,1.482,sumo2_k11_tetrahedral_ube2w,True,seed-20_sample-4
True,4,0.949,1.253,1.787,2.606,B/91,2.606,True,True,UBGT,1.787,330.9,False,1.468,8,A:96;B:151;G:1;L:1;U:74,sumo2_k11_tetrahedral_ube2w,seed-2_sample-0,sumo2_k11_tetrahedral_ube2w/seed-2_sample-0/model.cif,0.63,0.73,0.68,,,,1.468,sumo2_k11_tetrahedral_ube2w,True,seed-2_sample-0
True,4,0.89,1.346,1.775,2.552,B/91,2.552,True,True,UBGT,1.775,329.9,False,1.454,11,A:96;B:151;G:1;L:1;U:74,sumo2_k11_tetrahedral_ube2w,seed-2_sample-1,sumo2_k11_tetrahedral_ube2w/seed-2_sample-1/model.cif,0.63,0.73,0.68,,,,1.454,sumo2_k11_tetrahedral_ube2w,True,seed-2_sample-1
True,4,1.029,1.325,1.806,2.619,B/91,2.619,True,True,UBGT,1.806,329.7,False,1.482,11,A:96;B:151;G:1;L:1;U:74,sumo2_k11_tetrahedral_ube2w,seed-2_sample-2,sumo2_k11_tetrahedral_ube2w/seed-2_sample-2/model.cif,0.63,0.74,0.67,,,,1.482,sumo2_k11_tetrahedral_ube2w,True,seed-2_sample-2
True,4,0.976,1.286,1.791,2.592,B/91,2.592,True,True,UBGT,1.791,330.8,False,1.478,7,A:96;B:151;G:1;L:1;U:74,sumo2_k11_tetrahedral_ube2w,seed-2_sample-3,sumo2_k11_tetrahedral_ube2w/seed-2_sample-3/model.cif,0.62,0.72,0.67,,,,1.478,sumo2_k11_tetrahedral_ube2w,True,seed-2_sample-3
True,4,0.966,1.481,1.783,2.571,B/91,2.571,True,True,UBGT,1.783,330.1,False,1.471,7,A:96;B:151;G:1;L:1;U:74,sumo2_k11_tetrahedral_ube2w,seed-2_sample-4,sumo2_k11_tetrahedral_ube2w/seed-2_sample-4/model.cif,0.62,0.72,0.67,,,,1.471,sumo2_k11_tetrahedral_ube2w,True,seed-2_sample-4
True,4,0.974,1.309,1.798,2.577,B/91,2.577,True,True,UBGT,1.798,330.8,False,1.483,6,A:96;B:151;G:1;L:1;U:74,sumo2_k11_tetrahedral_ube2w,seed-3_sample-0,sumo2_k11_tetrahedral_ube2w/seed-3_sample-0/model.cif,0.63,0.73,0.68,,,,1.483,sumo2_k11_tetrahedral_ube2w,True,seed-3_sample-0
True,4,0.957,1.306,1.818,2.637,B/91,2.637,True,True,UBGT,1.818,329.1,False,1.492,8,A:96;B:151;G:1;L:1;U:74,sumo2_k11_tetrahedral_ube2w,seed-3_sample-1,sumo2_k11_tetrahedral_ube2w/seed-3_sample-1/model.cif,0.62,0.72,0.66,,,,1.492,sumo2_k11_tetrahedral_ube2w,True,seed-3_sample-1
True,4,1.004,1.418,1.806,2.625,B/91,2.625,True,True,UBGT,1.806,329.5,False,1.483,12,A:96;B:151;G:1;L:1;U:74,sumo2_k11_tetrahedral_ube2w,seed-3_sample-2,sumo2_k11_tetrahedral_ube2w/seed-3_sample-2/model.cif,0.66,0.76,0.71,,,,1.483,sumo2_k11_tetrahedral_ube2w,True,seed-3_sample-2
True,4,0.782,1.201,1.796,2.661,B/91,2.661,True,True,UBGT,1.796,327.6,False,1.454,8,A:96;B:151;G:1;L:1;U:74,sumo2_k11_tetrahedral_ube2w,seed-3_sample-3,sumo2_k11_tetrahedral_ube2w/seed-3_sample-3/model.cif,0.61,0.72,0.66,,,,1.454,sumo2_k11_tetrahedral_ube2w,True,seed-3_sample-3
True,4,0.916,1.391,1.803,2.616,B/91,2.616,True,True,UBGT,1.803,330.0,False,1.463,8,A:96;B:151;G:1;L:1;U:74,sumo2_k11_tetrahedral_ube2w,seed-3_sample-4,sumo2_k11_tetrahedral_ube2w/seed-3_sample-4/model.cif,0.61,0.72,0.67,,,,1.463,sumo2_k11_tetrahedral_ube2w,True,seed-3_sample-4
True,4,0.871,1.436,1.801,2.627,B/91,2.627,True,True,UBGT,1.801,328.8,False,1.454,8,A:96;B:151;G:1;L:1;U:74,sumo2_k11_tetrahedral_ube2w,seed-4_sample-0,sumo2_k11_tetrahedral_ube2w/seed-4_sample-0/model.cif,0.64,0.74,0.68,,,,1.454,sumo2_k11_tetrahedral_ube2w,True,seed-4_sample-0
True,4,0.918,1.399,1.787,2.635,B/91,2.635,True,True,UBGT,1.787,328.1,False,1.481,5,A:96;B:151;G:1;L:1;U:74,sumo2_k11_tetrahedral_ube2w,seed-4_sample-1,sumo2_k11_tetrahedral_ube2w/seed-4_sample-1/model.cif,0.63,0.74,0.68,,,,1.481,sumo2_k11_tetrahedral_ube2w,True,seed-4_sample-1
True,4,0.8,1.41,1.781,2.605,B/91,2.605,True,True,UBGT,1.781,329.8,False,1.452,7,A:96;B:151;G:1;L:1;U:74,sumo2_k11_tetrahedral_ube2w,seed-4_sample-2,sumo2_k11_tetrahedral_ube2w/seed-4_sample-2/model.cif,0.64,0.74,0.69,,,,1.452,sumo2_k11_tetrahedral_ube2w,True,seed-4_sample-2
True,4,0.865,1.434,1.82,2.646,B/91,2.646,True,True,UBGT,1.82,328.8,False,1.473,11,A:96;B:151;G:1;L:1;U:74,sumo2_k11_tetrahedral_ube2w,seed-4_sample-3,sumo2_k11_tetrahedral_ube2w/seed-4_sample-3/model.cif,0.64,0.74,0.68,,,,1.473,sumo2_k11_tetrahedral_ube2w,True,seed-4_sample-3
True,4,0.912,1.477,1.783,2.61,B/91,2.61,True,True,UBGT,1.783,328.7,False,1.474,10,A:96;B:151;G:1;L:1;U:74,sumo2_k11_tetrahedral_ube2w,seed-4_sample-4,sumo2_k11_tetrahedral_ube2w/seed-4_sample-4/model.cif,0.65,0.75,0.7,,,,1.474,sumo2_k11_tetrahedral_ube2w,True,seed-4_sample-4
True,4,1.107,1.301,1.829,2.728,B/91,2.728,True,True,UBGT,1.829,328.6,False,1.503,7,A:96;B:151;G:1;L:1;U:74,sumo2_k11_tetrahedral_ube2w,seed-5_sample-0,sumo2_k11_tetrahedral_ube2w/seed-5_sample-0/model.cif,0.63,0.74,0.66,,,,1.503,sumo2_k11_tetrahedral_ube2w,True,seed-5_sample-0
True,4,0.926,1.26,1.81,2.632,B/91,2.632,True,True,UBGT,1.81,327.7,False,1.472,10,A:96;B:151;G:1;L:1;U:74,sumo2_k11_tetrahedral_ube2w,seed-5_sample-1,sumo2_k11_tetrahedral_ube2w/seed-5_sample-1/model.cif,0.6,0.72,0.65,,,,1.472,sumo2_k11_tetrahedral_ube2w,True,seed-5_sample-1
True,4,0.893,1.267,1.789,2.642,B/91,2.642,True,True,UBGT,1.789,329.4,False,1.454,7,A:96;B:151;G:1;L:1;U:74,sumo2_k11_tetrahedral_ube2w,seed-5_sample-2,sumo2_k11_tetrahedral_ube2w/seed-5_sample-2/model.cif,0.61,0.72,0.66,,,,1.454,sumo2_k11_tetrahedral_ube2w,True,seed-5_sample-2
True,4,0.957,1.33,1.809,2.638,B/91,2.638,True,True,UBGT,1.809,326.9,False,1.475,6,A:96;B:151;G:1;L:1;U:74,sumo2_k11_tetrahedral_ube2w,seed-5_sample-3,sumo2_k11_tetrahedral_ube2w/seed-5_sample-3/model.cif,0.6,0.71,0.65,,,,1.475,sumo2_k11_tetrahedral_ube2w,True,seed-5_sample-3
True,4,0.991,1.179,1.785,2.618,B/91,2.618,True,True,UBGT,1.785,328.6,False,1.443,7,A:96;B:151;G:1;L:1;U:74,sumo2_k11_tetrahedral_ube2w,seed-5_sample-4,sumo2_k11_tetrahedral_ube2w/seed-5_sample-4/model.cif,0.59,0.71,0.64,,,,1.443,sumo2_k11_tetrahedral_ube2w,True,seed-5_sample-4
True,4,0.936,1.107,1.758,2.559,B/91,2.559,True,True,UBGT,1.758,326.5,False,1.404,11,A:96;B:151;G:1;L:1;U:74,sumo2_k11_tetrahedral_ube2w,seed-6_sample-0,sumo2_k11_tetrahedral_ube2w/seed-6_sample-0/model.cif,0.6,0.72,0.65,,,,1.404,sumo2_k11_tetrahedral_ube2w,True,seed-6_sample-0
True,4,1.215,1.385,1.845,2.736,B/91,2.736,True,True,UBGT,1.845,328.3,False,1.553,20,A:96;B:151;G:1;L:1;U:74,sumo2_k11_tetrahedral_ube2w,seed-6_sample-1,sumo2_k11_tetrahedral_ube2w/seed-6_sample-1/model.cif,0.63,0.74,0.67,,,,1.553,sumo2_k11_tetrahedral_ube2w,True,seed-6_sample-1
True,4,1.103,1.292,1.773,2.592,B/91,2.592,True,True,UBGT,1.773,330.1,False,1.462,8,A:96;B:151;G:1;L:1;U:74,sumo2_k11_tetrahedral_ube2w,seed-6_sample-2,sumo2_k11_tetrahedral_ube2w/seed-6_sample-2/model.cif,0.62,0.72,0.67,,,,1.462,sumo2_k11_tetrahedral_ube2w,True,seed-6_sample-2
True,4,0.893,1.237,1.804,2.66,B/91,2.66,True,True,UBGT,1.804,329.4,False,1.471,7,A:96;B:151;G:1;L:1;U:74,sumo2_k11_tetrahedral_ube2w,seed-6_sample-3,sumo2_k11_tetrahedral_ube2w/seed-6_sample-3/model.cif,0.59,0.71,0.64,,,,1.471,sumo2_k11_tetrahedral_ube2w,True,seed-6_sample-3
True,4,0.897,1.219,1.768,2.596,B/91,2.596,True,True,UBGT,1.768,328.9,False,1.444,7,A:96;B:151;G:1;L:1;U:74,sumo2_k11_tetrahedral_ube2w,seed-6_sample-4,sumo2_k11_tetrahedral_ube2w/seed-6_sample-4/model.cif,0.59,0.72,0.64,,,,1.444,sumo2_k11_tetrahedral_ube2w,True,seed-6_sample-4
True,4,0.954,1.383,1.804,2.651,B/91,2.651,True,True,UBGT,1.804,330.6,False,1.478,11,A:96;B:151;G:1;L:1;U:74,sumo2_k11_tetrahedral_ube2w,seed-7_sample-0,sumo2_k11_tetrahedral_ube2w/seed-7_sample-0/model.cif,0.62,0.73,0.68,,,,1.478,sumo2_k11_tetrahedral_ube2w,True,seed-7_sample-0
True,4,0.972,1.217,1.792,2.633,B/91,2.633,True,True,UBGT,1.792,328.9,False,1.473,8,A:96;B:151;G:1;L:1;U:74,sumo2_k11_tetrahedral_ube2w,seed-7_sample-1,sumo2_k11_tetrahedral_ube2w/seed-7_sample-1/model.cif,0.61,0.72,0.67,,,,1.473,sumo2_k11_tetrahedral_ube2w,True,seed-7_sample-1
True,4,0.984,1.472,1.788,2.602,B/91,2.602,True,True,UBGT,1.788,329.1,False,1.467,7,A:96;B:151;G:1;L:1;U:74,sumo2_k11_tetrahedral_ube2w,seed-7_sample-2,sumo2_k11_tetrahedral_ube2w/seed-7_sample-2/model.cif,0.63,0.72,0.68,,,,1.467,sumo2_k11_tetrahedral_ube2w,True,seed-7_sample-2
True,4,0.98,1.234,1.806,2.627,B/91,2.627,True,True,UBGT,1.806,329.2,False,1.455,9,A:96;B:151;G:1;L:1;U:74,sumo2_k11_tetrahedral_ube2w,seed-7_sample-3,sumo2_k11_tetrahedral_ube2w/seed-7_sample-3/model.cif,0.61,0.72,0.66,,,,1.455,sumo2_k11_tetrahedral_ube2w,True,seed-7_sample-3
True,4,1.022,1.423,1.784,2.6,B/91,2.6,True,True,UBGT,1.784,328.6,False,1.466,15,A:96;B:151;G:1;L:1;U:74,sumo2_k11_tetrahedral_ube2w,seed-7_sample-4,sumo2_k11_tetrahedral_ube2w/seed-7_sample-4/model.cif,0.65,0.75,0.69,,,,1.466,sumo2_k11_tetrahedral_ube2w,True,seed-7_sample-4
True,4,0.968,1.39,1.799,2.601,B/91,2.601,True,True,UBGT,1.799,329.5,False,1.474,6,A:96;B:151;G:1;L:1;U:74,sumo2_k11_tetrahedral_ube2w,seed-8_sample-0,sumo2_k11_tetrahedral_ube2w/seed-8_sample-0/model.cif,0.62,0.73,0.67,,,,1.474,sumo2_k11_tetrahedral_ube2w,True,seed-8_sample-0
True,4,1.084,1.163,1.834,2.675,B/91,2.675,True,True,UBGT,1.834,328.3,False,1.498,14,A:96;B:151;G:1;L:1;U:74,sumo2_k11_tetrahedral_ube2w,seed-8_sample-1,sumo2_k11_tetrahedral_ube2w/seed-8_sample-1/model.cif,0.6,0.72,0.66,,,,1.498,sumo2_k11_tetrahedral_ube2w,True,seed-8_sample-1
True,4,0.895,1.315,1.781,2.621,B/91,2.621,True,True,UBGT,1.781,327.8,False,1.497,7,A:96;B:151;G:1;L:1;U:74,sumo2_k11_tetrahedral_ube2w,seed-8_sample-2,sumo2_k11_tetrahedral_ube2w/seed-8_sample-2/model.cif,0.61,0.72,0.66,,,,1.497,sumo2_k11_tetrahedral_ube2w,True,seed-8_sample-2
True,4,1.118,1.341,1.809,2.609,B/91,2.609,True,True,UBGT,1.809,327.7,False,1.5,12,A:96;B:151;G:1;L:1;U:74,sumo2_k11_tetrahedral_ube2w,seed-8_sample-3,sumo2_k11_tetrahedral_ube2w/seed-8_sample-3/model.cif,0.65,0.75,0.7,,,,1.5,sumo2_k11_tetrahedral_ube2w,True,seed-8_sample-3
True,4,0.924,1.306,1.804,2.633,B/91,2.633,True,True,UBGT,1.804,328.4,False,1.473,11,A:96;B:151;G:1;L:1;U:74,sumo2_k11_tetrahedral_ube2w,seed-8_sample-4,sumo2_k11_tetrahedral_ube2w/seed-8_sample-4/model.cif,0.64,0.74,0.68,,,,1.473,sumo2_k11_tetrahedral_ube2w,True,seed-8_sample-4
True,4,0.814,1.25,1.734,2.585,B/91,2.585,True,True,UBGT,1.734,325.4,False,1.423,8,A:96;B:151;G:1;L:1;U:74,sumo2_k11_tetrahedral_ube2w,seed-9_sample-0,sumo2_k11_tetrahedral_ube2w/seed-9_sample-0/model.cif,0.54,0.68,0.61,,,,1.423,sumo2_k11_tetrahedral_ube2w,True,seed-9_sample-0
True,4,1.001,1.159,1.799,2.653,B/91,2.653,True,True,UBGT,1.799,326.0,False,1.446,8,A:96;B:151;G:1;L:1;U:74,sumo2_k11_tetrahedral_ube2w,seed-9_sample-1,sumo2_k11_tetrahedral_ube2w/seed-9_sample-1/model.cif,0.59,0.72,0.67,,,,1.446,sumo2_k11_tetrahedral_ube2w,True,seed-9_sample-1
True,4,1.005,1.233,1.745,2.499,B/91,2.499,True,True,UBGT,1.745,328.0,False,1.403,10,A:96;B:151;G:1;L:1;U:74,sumo2_k11_tetrahedral_ube2w,seed-9_sample-2,sumo2_k11_tetrahedral_ube2w/seed-9_sample-2/model.cif,0.59,0.72,0.65,,,,1.403,sumo2_k11_tetrahedral_ube2w,True,seed-9_sample-2
True,4,0.863,1.173,1.764,2.576,B/91,2.576,True,True,UBGT,1.764,325.9,False,1.407,7,A:96;B:151;G:1;L:1;U:74,sumo2_k11_tetrahedral_ube2w,seed-9_sample-3,sumo2_k11_tetrahedral_ube2w/seed-9_sample-3/model.cif,0.56,0.7,0.61,,,,1.407,sumo2_k11_tetrahedral_ube2w,True,seed-9_sample-3
True,4,0.949,1.234,1.793,2.646,B/91,2.646,True,True,UBGT,1.793,327.4,False,1.428,7,A:96;B:151;G:1;L:1;U:74,sumo2_k11_tetrahedral_ube2w,seed-9_sample-4,sumo2_k11_tetrahedral_ube2w/seed-9_sample-4/model.cif,0.58,0.7,0.64,,,,1.428,sumo2_k11_tetrahedral_ube2w,True,seed-9_sample-4
True,1,0.998,,,4.384,B/91,4.384,True,False,,,,,,13,A:96;B:151;L:1,sumo2_k11_xisok_ube2w,seed-10_sample-0,sumo2_k11_xisok_ube2w/seed-10_sample-0/model.cif,0.35,0.64,0.45,,,,,sumo2_k11_xisok_ube2w,True,seed-10_sample-0
True,1,1.164,,,4.927,B/91,4.927,True,False,,,,,,8,A:96;B:151;L:1,sumo2_k11_xisok_ube2w,seed-10_sample-1,sumo2_k11_xisok_ube2w/seed-10_sample-1/model.cif,0.42,0.65,0.52,,,,,sumo2_k11_xisok_ube2w,True,seed-10_sample-1
True,1,1.021,,,4.582,B/151,1.561,False,False,,,,,,15,A:96;B:151;L:1,sumo2_k11_xisok_ube2w,seed-10_sample-2,sumo2_k11_xisok_ube2w/seed-10_sample-2/model.cif,0.57,0.66,0.63,,,,,sumo2_k11_xisok_ube2w,True,seed-10_sample-2
True,1,0.944,,,4.132,B/151,1.856,False,False,,,,,,7,A:96;B:151;L:1,sumo2_k11_xisok_ube2w,seed-10_sample-3,sumo2_k11_xisok_ube2w/seed-10_sample-3/model.cif,0.47,0.64,0.54,,,,,sumo2_k11_xisok_ube2w,True,seed-10_sample-3
True,1,0.975,,,4.948,B/151,1.315,False,False,,,,,,5,A:96;B:151;L:1,sumo2_k11_xisok_ube2w,seed-10_sample-4,sumo2_k11_xisok_ube2w/seed-10_sample-4/model.cif,0.56,0.65,0.61,,,,,sumo2_k11_xisok_ube2w,True,seed-10_sample-4
True,1,1.165,,,4.89,B/91,4.89,True,False,,,,,,13,A:96;B:151;L:1,sumo2_k11_xisok_ube2w,seed-11_sample-0,sumo2_k11_xisok_ube2w/seed-11_sample-0/model.cif,0.41,0.65,0.51,,,,,sumo2_k11_xisok_ube2w,True,seed-11_sample-0
True,1,0.911,,,4.599,B/91,4.599,True,False,,,,,,8,A:96;B:151;L:1,sumo2_k11_xisok_ube2w,seed-11_sample-1,sumo2_k11_xisok_ube2w/seed-11_sample-1/model.cif,0.39,0.63,0.48,,,,,sumo2_k11_xisok_ube2w,True,seed-11_sample-1
True,1,1.175,,,5.14,B/91,5.14,True,False,,,,,,4,A:96;B:151;L:1,sumo2_k11_xisok_ube2w,seed-11_sample-2,sumo2_k11_xisok_ube2w/seed-11_sample-2/model.cif,0.38,0.63,0.45,,,,,sumo2_k11_xisok_ube2w,True,seed-11_sample-2
True,1,1.138,,,4.518,B/91,4.518,True,False,,,,,,12,A:96;B:151;L:1,sumo2_k11_xisok_ube2w,seed-11_sample-3,sumo2_k11_xisok_ube2w/seed-11_sample-3/model.cif,0.39,0.65,0.49,,,,,sumo2_k11_xisok_ube2w,True,seed-11_sample-3
True,1,1.116,,,5.016,B/151,4.457,False,False,,,,,,16,A:96;B:151;L:1,sumo2_k11_xisok_ube2w,seed-11_sample-4,sumo2_k11_xisok_ube2w/seed-11_sample-4/model.cif,0.3,0.64,0.4,,,,,sumo2_k11_xisok_ube2w,True,seed-11_sample-4
True,1,0.997,,,4.24,B/91,4.24,True,False,,,,,,6,A:96;B:151;L:1,sumo2_k11_xisok_ube2w,seed-12_sample-0,sumo2_k11_xisok_ube2w/seed-12_sample-0/model.cif,0.56,0.65,0.62,,,,,sumo2_k11_xisok_ube2w,True,seed-12_sample-0
True,1,1.013,,,4.051,B/91,4.051,True,False,,,,,,9,A:96;B:151;L:1,sumo2_k11_xisok_ube2w,seed-12_sample-1,sumo2_k11_xisok_ube2w/seed-12_sample-1/model.cif,0.54,0.65,0.61,,,,,sumo2_k11_xisok_ube2w,True,seed-12_sample-1
True,1,0.938,,,4.285,B/91,4.285,True,False,,,,,,10,A:96;B:151;L:1,sumo2_k11_xisok_ube2w,seed-12_sample-2,sumo2_k11_xisok_ube2w/seed-12_sample-2/model.cif,0.47,0.64,0.54,,,,,sumo2_k11_xisok_ube2w,True,seed-12_sample-2
True,1,0.777,,,4.152,B/91,4.152,True,False,,,,,,7,A:96;B:151;L:1,sumo2_k11_xisok_ube2w,seed-12_sample-3,sumo2_k11_xisok_ube2w/seed-12_sample-3/model.cif,0.28,0.62,0.38,,,,,sumo2_k11_xisok_ube2w,True,seed-12_sample-3
True,1,1.162,,,5.535,B/91,5.535,True,False,,,,,,9,A:96;B:151;L:1,sumo2_k11_xisok_ube2w,seed-12_sample-4,sumo2_k11_xisok_ube2w/seed-12_sample-4/model.cif,0.6,0.67,0.63,,,,,sumo2_k11_xisok_ube2w,True,seed-12_sample-4
True,1,0.824,,,4.129,B/91,4.129,True,False,,,,,,7,A:96;B:151;L:1,sumo2_k11_xisok_ube2w,seed-13_sample-0,sumo2_k11_xisok_ube2w/seed-13_sample-0/model.cif,0.36,0.63,0.46,,,,,sumo2_k11_xisok_ube2w,True,seed-13_sample-0
True,1,1.141,,,4.734,B/91,4.734,True,False,,,,,,4,A:96;B:151;L:1,sumo2_k11_xisok_ube2w,seed-13_sample-1,sumo2_k11_xisok_ube2w/seed-13_sample-1/model.cif,0.36,0.64,0.44,,,,,sumo2_k11_xisok_ube2w,True,seed-13_sample-1
True,1,1.067,,,4.507,B/91,4.507,True,False,,,,,,6,A:96;B:151;L:1,sumo2_k11_xisok_ube2w,seed-13_sample-2,sumo2_k11_xisok_ube2w/seed-13_sample-2/model.cif,0.37,0.63,0.45,,,,,sumo2_k11_xisok_ube2w,True,seed-13_sample-2
True,1,1.042,,,4.103,B/91,4.103,True,False,,,,,,5,A:96;B:151;L:1,sumo2_k11_xisok_ube2w,seed-13_sample-3,sumo2_k11_xisok_ube2w/seed-13_sample-3/model.cif,0.34,0.62,0.43,,,,,sumo2_k11_xisok_ube2w,True,seed-13_sample-3
True,1,1.172,,,4.735,B/91,4.735,True,False,,,,,,6,A:96;B:151;L:1,sumo2_k11_xisok_ube2w,seed-13_sample-4,sumo2_k11_xisok_ube2w/seed-13_sample-4/model.cif,0.36,0.63,0.43,,,,,sumo2_k11_xisok_ube2w,True,seed-13_sample-4
True,1,0.822,,,4.482,B/91,4.482,True,False,,,,,,8,A:96;B:151;L:1,sumo2_k11_xisok_ube2w,seed-14_sample-0,sumo2_k11_xisok_ube2w/seed-14_sample-0/model.cif,0.42,0.64,0.5,,,,,sumo2_k11_xisok_ube2w,True,seed-14_sample-0
True,1,1.178,,,5.31,B/91,5.31,True,False,,,,,,15,A:96;B:151;L:1,sumo2_k11_xisok_ube2w,seed-14_sample-1,sumo2_k11_xisok_ube2w/seed-14_sample-1/model.cif,0.37,0.66,0.46,,,,,sumo2_k11_xisok_ube2w,True,seed-14_sample-1
True,1,0.817,,,4.075,B/91,4.075,True,False,,,,,,10,A:96;B:151;L:1,sumo2_k11_xisok_ube2w,seed-14_sample-2,sumo2_k11_xisok_ube2w/seed-14_sample-2/model.cif,0.38,0.65,0.47,,,,,sumo2_k11_xisok_ube2w,True,seed-14_sample-2
True,1,0.923,,,4.471,B/91,4.471,True,False,,,,,,8,A:96;B:151;L:1,sumo2_k11_xisok_ube2w,seed-14_sample-3,sumo2_k11_xisok_ube2w/seed-14_sample-3/model.cif,0.4,0.63,0.49,,,,,sumo2_k11_xisok_ube2w,True,seed-14_sample-3
True,1,0.775,,,4.452,B/91,4.452,True,False,,,,,,9,A:96;B:151;L:1,sumo2_k11_xisok_ube2w,seed-14_sample-4,sumo2_k11_xisok_ube2w/seed-14_sample-4/model.cif,0.41,0.64,0.5,,,,,sumo2_k11_xisok_ube2w,True,seed-14_sample-4
True,1,1.135,,,4.441,B/91,4.441,True,False,,,,,,7,A:96;B:151;L:1,sumo2_k11_xisok_ube2w,seed-15_sample-0,sumo2_k11_xisok_ube2w/seed-15_sample-0/model.cif,0.54,0.65,0.59,,,,,sumo2_k11_xisok_ube2w,True,seed-15_sample-0
True,1,0.955,,,4.392,B/91,4.392,True,False,,,,,,9,A:96;B:151;L:1,sumo2_k11_xisok_ube2w,seed-15_sample-1,sumo2_k11_xisok_ube2w/seed-15_sample-1/model.cif,0.34,0.63,0.45,,,,,sumo2_k11_xisok_ube2w,True,seed-15_sample-1
True,1,1.161,,,4.595,B/91,4.595,True,False,,,,,,11,A:96;B:151;L:1,sumo2_k11_xisok_ube2w,seed-15_sample-2,sumo2_k11_xisok_ube2w/seed-15_sample-2/model.cif,0.3,0.64,0.38,,,,,sumo2_k11_xisok_ube2w,True,seed-15_sample-2
True,1,0.936,,,4.057,B/91,4.057,True,False,,,,,,6,A:96;B:151;L:1,sumo2_k11_xisok_ube2w,seed-15_sample-3,sumo2_k11_xisok_ube2w/seed-15_sample-3/model.cif,0.45,0.64,0.54,,,,,sumo2_k11_xisok_ube2w,True,seed-15_sample-3
True,1,0.995,,,4.247,B/91,4.247,True,False,,,,,,6,A:96;B:151;L:1,sumo2_k11_xisok_ube2w,seed-15_sample-4,sumo2_k11_xisok_ube2w/seed-15_sample-4/model.cif,0.49,0.65,0.56,,,,,sumo2_k11_xisok_ube2w,True,seed-15_sample-4
True,1,0.976,,,4.167,B/91,4.167,True,False,,,,,,6,A:96;B:151;L:1,sumo2_k11_xisok_ube2w,seed-16_sample-0,sumo2_k11_xisok_ube2w/seed-16_sample-0/model.cif,0.56,0.65,0.62,,,,,sumo2_k11_xisok_ube2w,True,seed-16_sample-0
True,1,0.889,,,4.056,B/91,4.056,True,False,,,,,,6,A:96;B:151;L:1,sumo2_k11_xisok_ube2w,seed-16_sample-1,sumo2_k11_xisok_ube2w/seed-16_sample-1/model.cif,0.4,0.64,0.48,,,,,sumo2_k11_xisok_ube2w,True,seed-16_sample-1
True,1,1.147,,,4.638,B/151,1.974,False,False,,,,,,12,A:96;B:151;L:1,sumo2_k11_xisok_ube2w,seed-16_sample-2,sumo2_k11_xisok_ube2w/seed-16_sample-2/model.cif,0.33,0.64,0.42,,,,,sumo2_k11_xisok_ube2w,True,seed-16_sample-2
True,1,1.139,,,4.56,B/91,4.56,True,False,,,,,,11,A:96;B:151;L:1,sumo2_k11_xisok_ube2w,seed-16_sample-3,sumo2_k11_xisok_ube2w/seed-16_sample-3/model.cif,0.55,0.66,0.59,,,,,sumo2_k11_xisok_ube2w,True,seed-16_sample-3
True,1,0.931,,,3.906,B/91,3.906,True,True,,,,,,8,A:96;B:151;L:1,sumo2_k11_xisok_ube2w,seed-16_sample-4,sumo2_k11_xisok_ube2w/seed-16_sample-4/model.cif,0.47,0.64,0.56,,,,,sumo2_k11_xisok_ube2w,True,seed-16_sample-4
True,1,0.935,,,4.101,B/91,4.101,True,False,,,,,,9,A:96;B:151;L:1,sumo2_k11_xisok_ube2w,seed-17_sample-0,sumo2_k11_xisok_ube2w/seed-17_sample-0/model.cif,0.41,0.63,0.49,,,,,sumo2_k11_xisok_ube2w,True,seed-17_sample-0
True,1,0.928,,,4.191,B/151,3.56,False,False,,,,,,9,A:96;B:151;L:1,sumo2_k11_xisok_ube2w,seed-17_sample-1,sumo2_k11_xisok_ube2w/seed-17_sample-1/model.cif,0.51,0.64,0.58,,,,,sumo2_k11_xisok_ube2w,True,seed-17_sample-1
True,1,0.921,,,4.364,B/151,3.075,False,False,,,,,,6,A:96;B:151;L:1,sumo2_k11_xisok_ube2w,seed-17_sample-2,sumo2_k11_xisok_ube2w/seed-17_sample-2/model.cif,0.44,0.63,0.51,,,,,sumo2_k11_xisok_ube2w,True,seed-17_sample-2
True,1,1.075,,,3.98,B/91,3.98,True,True,,,,,,9,A:96;B:151;L:1,sumo2_k11_xisok_ube2w,seed-17_sample-3,sumo2_k11_xisok_ube2w/seed-17_sample-3/model.cif,0.35,0.63,0.44,,,,,sumo2_k11_xisok_ube2w,True,seed-17_sample-3
True,1,1.156,,,5.78,B/91,5.78,True,False,,,,,,12,A:96;B:151;L:1,sumo2_k11_xisok_ube2w,seed-17_sample-4,sumo2_k11_xisok_ube2w/seed-17_sample-4/model.cif,0.34,0.65,0.44,,,,,sumo2_k11_xisok_ube2w,True,seed-17_sample-4
True,1,1.142,,,4.764,B/91,4.764,True,False,,,,,,15,A:96;B:151;L:1,sumo2_k11_xisok_ube2w,seed-18_sample-0,sumo2_k11_xisok_ube2w/seed-18_sample-0/model.cif,0.37,0.63,0.45,,,,,sumo2_k11_xisok_ube2w,True,seed-18_sample-0
True,1,1.119,,,4.993,B/91,4.993,True,False,,,,,,14,A:96;B:151;L:1,sumo2_k11_xisok_ube2w,seed-18_sample-1,sumo2_k11_xisok_ube2w/seed-18_sample-1/model.cif,0.47,0.65,0.53,,,,,sumo2_k11_xisok_ube2w,True,seed-18_sample-1
True,1,0.867,,,4.661,B/91,4.661,True,False,,,,,,5,A:96;B:151;L:1,sumo2_k11_xisok_ube2w,seed-18_sample-2,sumo2_k11_xisok_ube2w/seed-18_sample-2/model.cif,0.39,0.63,0.48,,,,,sumo2_k11_xisok_ube2w,True,seed-18_sample-2
True,1,0.878,,,4.667,B/91,4.667,True,False,,,,,,12,A:96;B:151;L:1,sumo2_k11_xisok_ube2w,seed-18_sample-3,sumo2_k11_xisok_ube2w/seed-18_sample-3/model.cif,0.44,0.65,0.51,,,,,sumo2_k11_xisok_ube2w,True,seed-18_sample-3
True,1,0.964,,,4.477,B/91,4.477,True,False,,,,,,12,A:96;B:151;L:1,sumo2_k11_xisok_ube2w,seed-18_sample-4,sumo2_k11_xisok_ube2w/seed-18_sample-4/model.cif,0.33,0.64,0.44,,,,,sumo2_k11_xisok_ube2w,True,seed-18_sample-4
True,1,1.146,,,4.596,B/91,4.596,True,False,,,,,,7,A:96;B:151;L:1,sumo2_k11_xisok_ube2w,seed-19_sample-0,sumo2_k11_xisok_ube2w/seed-19_sample-0/model.cif,0.34,0.63,0.41,,,,,sumo2_k11_xisok_ube2w,True,seed-19_sample-0
True,1,0.952,,,4.143,B/91,4.143,True,False,,,,,,8,A:96;B:151;L:1,sumo2_k11_xisok_ube2w,seed-19_sample-1,sumo2_k11_xisok_ube2w/seed-19_sample-1/model.cif,0.55,0.65,0.61,,,,,sumo2_k11_xisok_ube2w,True,seed-19_sample-1
True,1,1.167,,,5.662,B/91,5.662,True,False,,,,,,7,A:96;B:151;L:1,sumo2_k11_xisok_ube2w,seed-19_sample-2,sumo2_k11_xisok_ube2w/seed-19_sample-2/model.cif,0.48,0.64,0.52,,,,,sumo2_k11_xisok_ube2w,True,seed-19_sample-2
True,1,0.941,,,4.466,B/91,4.466,True,False,,,,,,6,A:96;B:151;L:1,sumo2_k11_xisok_ube2w,seed-19_sample-3,sumo2_k11_xisok_ube2w/seed-19_sample-3/model.cif,0.41,0.63,0.5,,,,,sumo2_k11_xisok_ube2w,True,seed-19_sample-3
True,1,0.945,,,4.198,B/151,2.581,False,False,,,,,,5,A:96;B:151;L:1,sumo2_k11_xisok_ube2w,seed-19_sample-4,sumo2_k11_xisok_ube2w/seed-19_sample-4/model.cif,0.33,0.63,0.41,,,,,sumo2_k11_xisok_ube2w,True,seed-19_sample-4
True,1,0.779,,,4.902,B/91,4.902,True,False,,,,,,9,A:96;B:151;L:1,sumo2_k11_xisok_ube2w,seed-1_sample-0,sumo2_k11_xisok_ube2w/seed-1_sample-0/model.cif,0.38,0.64,0.48,,,,,sumo2_k11_xisok_ube2w,True,seed-1_sample-0
True,1,1.192,,,4.907,B/91,4.907,True,False,,,,,,9,A:96;B:151;L:1,sumo2_k11_xisok_ube2w,seed-1_sample-1,sumo2_k11_xisok_ube2w/seed-1_sample-1/model.cif,0.37,0.63,0.44,,,,,sumo2_k11_xisok_ube2w,True,seed-1_sample-1
True,1,1.142,,,6.7,B/91,6.7,True,False,,,,,,14,A:96;B:151;L:1,sumo2_k11_xisok_ube2w,seed-1_sample-2,sumo2_k11_xisok_ube2w/seed-1_sample-2/model.cif,0.33,0.65,0.43,,,,,sumo2_k11_xisok_ube2w,True,seed-1_sample-2
True,1,1.16,,,4.8,B/91,4.8,True,False,,,,,,13,A:96;B:151;L:1,sumo2_k11_xisok_ube2w,seed-1_sample-3,sumo2_k11_xisok_ube2w/seed-1_sample-3/model.cif,0.48,0.66,0.54,,,,,sumo2_k11_xisok_ube2w,True,seed-1_sample-3
True,1,1.12,,,4.865,B/91,4.865,True,False,,,,,,13,A:96;B:151;L:1,sumo2_k11_xisok_ube2w,seed-1_sample-4,sumo2_k11_xisok_ube2w/seed-1_sample-4/model.cif,0.43,0.67,0.5,,,,,sumo2_k11_xisok_ube2w,True,seed-1_sample-4
True,1,1.136,,,4.67,B/91,4.67,True,False,,,,,,11,A:96;B:151;L:1,sumo2_k11_xisok_ube2w,seed-20_sample-0,sumo2_k11_xisok_ube2w/seed-20_sample-0/model.cif,0.38,0.64,0.45,,,,,sumo2_k11_xisok_ube2w,True,seed-20_sample-0
True,1,1.193,,,4.789,B/91,4.789,True,False,,,,,,18,A:96;B:151;L:1,sumo2_k11_xisok_ube2w,seed-20_sample-1,sumo2_k11_xisok_ube2w/seed-20_sample-1/model.cif,0.39,0.68,0.5,,,,,sumo2_k11_xisok_ube2w,True,seed-20_sample-1
True,1,0.909,,,3.826,B/91,3.826,True,True,,,,,,5,A:96;B:151;L:1,sumo2_k11_xisok_ube2w,seed-20_sample-2,sumo2_k11_xisok_ube2w/seed-20_sample-2/model.cif,0.36,0.62,0.45,,,,,sumo2_k11_xisok_ube2w,True,seed-20_sample-2
True,1,0.996,,,3.784,B/91,3.784,True,True,,,,,,6,A:96;B:151;L:1,sumo2_k11_xisok_ube2w,seed-20_sample-3,sumo2_k11_xisok_ube2w/seed-20_sample-3/model.cif,0.52,0.64,0.58,,,,,sumo2_k11_xisok_ube2w,True,seed-20_sample-3
True,1,0.969,,,4.014,B/91,4.014,True,False,,,,,,6,A:96;B:151;L:1,sumo2_k11_xisok_ube2w,seed-20_sample-4,sumo2_k11_xisok_ube2w/seed-20_sample-4/model.cif,0.38,0.64,0.46,,,,,sumo2_k11_xisok_ube2w,True,seed-20_sample-4
True,1,0.824,,,4.197,B/91,4.197,True,False,,,,,,9,A:96;B:151;L:1,sumo2_k11_xisok_ube2w,seed-2_sample-0,sumo2_k11_xisok_ube2w/seed-2_sample-0/model.cif,0.31,0.63,0.41,,,,,sumo2_k11_xisok_ube2w,True,seed-2_sample-0
True,1,0.91,,,4.075,B/91,4.075,True,False,,,,,,7,A:96;B:151;L:1,sumo2_k11_xisok_ube2w,seed-2_sample-1,sumo2_k11_xisok_ube2w/seed-2_sample-1/model.cif,0.34,0.63,0.43,,,,,sumo2_k11_xisok_ube2w,True,seed-2_sample-1
True,1,1.153,,,5.81,B/151,4.094,False,False,,,,,,6,A:96;B:151;L:1,sumo2_k11_xisok_ube2w,seed-2_sample-2,sumo2_k11_xisok_ube2w/seed-2_sample-2/model.cif,0.42,0.65,0.48,,,,,sumo2_k11_xisok_ube2w,True,seed-2_sample-2
True,1,1.183,,,4.834,B/91,4.834,True,False,,,,,,13,A:96;B:151;L:1,sumo2_k11_xisok_ube2w,seed-2_sample-3,sumo2_k11_xisok_ube2w/seed-2_sample-3/model.cif,0.58,0.66,0.63,,,,,sumo2_k11_xisok_ube2w,True,seed-2_sample-3
True,1,1.164,,,4.822,B/91,4.822,True,False,,,,,,9,A:96;B:151;L:1,sumo2_k11_xisok_ube2w,seed-2_sample-4,sumo2_k11_xisok_ube2w/seed-2_sample-4/model.cif,0.36,0.63,0.44,,,,,sumo2_k11_xisok_ube2w,True,seed-2_sample-4
True,1,0.888,,,4.431,B/91,4.431,True,False,,,,,,8,A:96;B:151;L:1,sumo2_k11_xisok_ube2w,seed-3_sample-0,sumo2_k11_xisok_ube2w/seed-3_sample-0/model.cif,0.39,0.64,0.48,,,,,sumo2_k11_xisok_ube2w,True,seed-3_sample-0
True,1,1.027,,,3.926,B/151,3.138,False,True,,,,,,13,A:96;B:151;L:1,sumo2_k11_xisok_ube2w,seed-3_sample-1,sumo2_k11_xisok_ube2w/seed-3_sample-1/model.cif,0.55,0.66,0.61,,,,,sumo2_k11_xisok_ube2w,True,seed-3_sample-1
True,1,1.025,,,4.311,B/91,4.311,True,False,,,,,,9,A:96;B:151;L:1,sumo2_k11_xisok_ube2w,seed-3_sample-2,sumo2_k11_xisok_ube2w/seed-3_sample-2/model.cif,0.56,0.65,0.63,,,,,sumo2_k11_xisok_ube2w,True,seed-3_sample-2
True,1,0.948,,,4.426,B/151,2.4,False,False,,,,,,6,A:96;B:151;L:1,sumo2_k11_xisok_ube2w,seed-3_sample-3,sumo2_k11_xisok_ube2w/seed-3_sample-3/model.cif,0.57,0.65,0.62,,,,,sumo2_k11_xisok_ube2w,True,seed-3_sample-3
True,1,1.193,,,4.664,B/91,4.664,True,False,,,,,,13,A:96;B:151;L:1,sumo2_k11_xisok_ube2w,seed-3_sample-4,sumo2_k11_xisok_ube2w/seed-3_sample-4/model.cif,0.41,0.65,0.49,,,,,sumo2_k11_xisok_ube2w,True,seed-3_sample-4
True,1,1.01,,,4.3,B/91,4.3,True,False,,,,,,7,A:96;B:151;L:1,sumo2_k11_xisok_ube2w,seed-4_sample-0,sumo2_k11_xisok_ube2w/seed-4_sample-0/model.cif,0.5,0.64,0.57,,,,,sumo2_k11_xisok_ube2w,True,seed-4_sample-0
True,1,1.109,,,4.629,B/91,4.629,True,False,,,,,,9,A:96;B:151;L:1,sumo2_k11_xisok_ube2w,seed-4_sample-1,sumo2_k11_xisok_ube2w/seed-4_sample-1/model.cif,0.43,0.63,0.51,,,,,sumo2_k11_xisok_ube2w,True,seed-4_sample-1
True,1,1.181,,,5.652,B/91,5.652,True,False,,,,,,12,A:96;B:151;L:1,sumo2_k11_xisok_ube2w,seed-4_sample-2,sumo2_k11_xisok_ube2w/seed-4_sample-2/model.cif,0.49,0.66,0.57,,,,,sumo2_k11_xisok_ube2w,True,seed-4_sample-2
True,1,0.877,,,4.0,B/91,4.0,True,True,,,,,,9,A:96;B:151;L:1,sumo2_k11_xisok_ube2w,seed-4_sample-3,sumo2_k11_xisok_ube2w/seed-4_sample-3/model.cif,0.47,0.65,0.53,,,,,sumo2_k11_xisok_ube2w,True,seed-4_sample-3
True,1,1.185,,,4.755,B/91,4.755,True,False,,,,,,19,A:96;B:151;L:1,sumo2_k11_xisok_ube2w,seed-4_sample-4,sumo2_k11_xisok_ube2w/seed-4_sample-4/model.cif,0.52,0.65,0.57,,,,,sumo2_k11_xisok_ube2w,True,seed-4_sample-4
True,1,1.166,,,4.753,B/91,4.753,True,False,,,,,,16,A:96;B:151;L:1,sumo2_k11_xisok_ube2w,seed-5_sample-0,sumo2_k11_xisok_ube2w/seed-5_sample-0/model.cif,0.51,0.65,0.56,,,,,sumo2_k11_xisok_ube2w,True,seed-5_sample-0
True,1,0.954,,,3.887,B/91,3.887,True,True,,,,,,7,A:96;B:151;L:1,sumo2_k11_xisok_ube2w,seed-5_sample-1,sumo2_k11_xisok_ube2w/seed-5_sample-1/model.cif,0.49,0.64,0.55,,,,,sumo2_k11_xisok_ube2w,True,seed-5_sample-1
True,1,1.136,,,4.317,B/91,4.317,True,False,,,,,,8,A:96;B:151;L:1,sumo2_k11_xisok_ube2w,seed-5_sample-2,sumo2_k11_xisok_ube2w/seed-5_sample-2/model.cif,0.45,0.65,0.52,,,,,sumo2_k11_xisok_ube2w,True,seed-5_sample-2
True,1,1.041,,,4.241,B/91,4.241,True,False,,,,,,9,A:96;B:151;L:1,sumo2_k11_xisok_ube2w,seed-5_sample-3,sumo2_k11_xisok_ube2w/seed-5_sample-3/model.cif,0.33,0.61,0.41,,,,,sumo2_k11_xisok_ube2w,True,seed-5_sample-3
True,1,1.192,,,4.668,B/91,4.668,True,False,,,,,,6,A:96;B:151;L:1,sumo2_k11_xisok_ube2w,seed-5_sample-4,sumo2_k11_xisok_ube2w/seed-5_sample-4/model.cif,0.49,0.64,0.54,,,,,sumo2_k11_xisok_ube2w,True,seed-5_sample-4
True,1,1.101,,,4.265,B/91,4.265,True,False,,,,,,4,A:96;B:151;L:1,sumo2_k11_xisok_ube2w,seed-6_sample-0,sumo2_k11_xisok_ube2w/seed-6_sample-0/model.cif,0.36,0.63,0.42,,,,,sumo2_k11_xisok_ube2w,True,seed-6_sample-0
True,1,0.843,,,4.654,B/151,3.898,False,False,,,,,,5,A:96;B:151;L:1,sumo2_k11_xisok_ube2w,seed-6_sample-1,sumo2_k11_xisok_ube2w/seed-6_sample-1/model.cif,0.43,0.63,0.52,,,,,sumo2_k11_xisok_ube2w,True,seed-6_sample-1
True,1,0.897,,,4.403,B/91,4.403,True,False,,,,,,10,A:96;B:151;L:1,sumo2_k11_xisok_ube2w,seed-6_sample-2,sumo2_k11_xisok_ube2w/seed-6_sample-2/model.cif,0.37,0.63,0.45,,,,,sumo2_k11_xisok_ube2w,True,seed-6_sample-2
True,1,1.156,,,4.527,B/151,4.379,False,False,,,,,,9,A:96;B:151;L:1,sumo2_k11_xisok_ube2w,seed-6_sample-3,sumo2_k11_xisok_ube2w/seed-6_sample-3/model.cif,0.51,0.67,0.57,,,,,sumo2_k11_xisok_ube2w,True,seed-6_sample-3
True,1,1.172,,,4.994,B/91,4.994,True,False,,,,,,7,A:96;B:151;L:1,sumo2_k11_xisok_ube2w,seed-6_sample-4,sumo2_k11_xisok_ube2w/seed-6_sample-4/model.cif,0.29,0.62,0.38,,,,,sumo2_k11_xisok_ube2w,True,seed-6_sample-4
True,1,1.143,,,4.756,B/91,4.756,True,False,,,,,,12,A:96;B:151;L:1,sumo2_k11_xisok_ube2w,seed-7_sample-0,sumo2_k11_xisok_ube2w/seed-7_sample-0/model.cif,0.34,0.65,0.42,,,,,sumo2_k11_xisok_ube2w,True,seed-7_sample-0
True,1,1.165,,,4.988,B/91,4.988,True,False,,,,,,8,A:96;B:151;L:1,sumo2_k11_xisok_ube2w,seed-7_sample-1,sumo2_k11_xisok_ube2w/seed-7_sample-1/model.cif,0.42,0.64,0.48,,,,,sumo2_k11_xisok_ube2w,True,seed-7_sample-1
True,1,0.968,,,4.19,B/91,4.19,True,False,,,,,,5,A:96;B:151;L:1,sumo2_k11_xisok_ube2w,seed-7_sample-2,sumo2_k11_xisok_ube2w/seed-7_sample-2/model.cif,0.36,0.63,0.47,,,,,sumo2_k11_xisok_ube2w,True,seed-7_sample-2
True,1,1.172,,,4.616,B/151,4.434,False,False,,,,,,15,A:96;B:151;L:1,sumo2_k11_xisok_ube2w,seed-7_sample-3,sumo2_k11_xisok_ube2w/seed-7_sample-3/model.cif,0.48,0.65,0.53,,,,,sumo2_k11_xisok_ube2w,True,seed-7_sample-3
True,1,0.848,,,4.272,B/91,4.272,True,False,,,,,,9,A:96;B:151;L:1,sumo2_k11_xisok_ube2w,seed-7_sample-4,sumo2_k11_xisok_ube2w/seed-7_sample-4/model.cif,0.44,0.64,0.52,,,,,sumo2_k11_xisok_ube2w,True,seed-7_sample-4
True,1,1.182,,,4.983,B/91,4.983,True,False,,,,,,7,A:96;B:151;L:1,sumo2_k11_xisok_ube2w,seed-8_sample-0,sumo2_k11_xisok_ube2w/seed-8_sample-0/model.cif,0.4,0.65,0.47,,,,,sumo2_k11_xisok_ube2w,True,seed-8_sample-0
True,1,1.154,,,4.797,B/151,2.573,False,False,,,,,,7,A:96;B:151;L:1,sumo2_k11_xisok_ube2w,seed-8_sample-1,sumo2_k11_xisok_ube2w/seed-8_sample-1/model.cif,0.4,0.64,0.47,,,,,sumo2_k11_xisok_ube2w,True,seed-8_sample-1
True,1,1.147,,,4.611,B/91,4.611,True,False,,,,,,16,A:96;B:151;L:1,sumo2_k11_xisok_ube2w,seed-8_sample-2,sumo2_k11_xisok_ube2w/seed-8_sample-2/model.cif,0.57,0.67,0.61,,,,,sumo2_k11_xisok_ube2w,True,seed-8_sample-2
True,1,1.026,,,4.328,B/91,4.328,True,False,,,,,,9,A:96;B:151;L:1,sumo2_k11_xisok_ube2w,seed-8_sample-3,sumo2_k11_xisok_ube2w/seed-8_sample-3/model.cif,0.51,0.65,0.57,,,,,sumo2_k11_xisok_ube2w,True,seed-8_sample-3
True,1,0.739,,,4.237,B/91,4.237,True,False,,,,,,7,A:96;B:151;L:1,sumo2_k11_xisok_ube2w,seed-8_sample-4,sumo2_k11_xisok_ube2w/seed-8_sample-4/model.cif,0.32,0.62,0.44,,,,,sumo2_k11_xisok_ube2w,True,seed-8_sample-4
True,1,0.873,,,4.362,B/151,3.57,False,False,,,,,,6,A:96;B:151;L:1,sumo2_k11_xisok_ube2w,seed-9_sample-0,sumo2_k11_xisok_ube2w/seed-9_sample-0/model.cif,0.4,0.64,0.48,,,,,sumo2_k11_xisok_ube2w,True,seed-9_sample-0
True,1,1.142,,,5.56,B/91,5.56,True,False,,,,,,10,A:96;B:151;L:1,sumo2_k11_xisok_ube2w,seed-9_sample-1,sumo2_k11_xisok_ube2w/seed-9_sample-1/model.cif,0.41,0.65,0.49,,,,,sumo2_k11_xisok_ube2w,True,seed-9_sample-1
True,1,1.108,,,4.879,B/91,4.879,True,False,,,,,,11,A:96;B:151;L:1,sumo2_k11_xisok_ube2w,seed-9_sample-2,sumo2_k11_xisok_ube2w/seed-9_sample-2/model.cif,0.42,0.64,0.48,,,,,sumo2_k11_xisok_ube2w,True,seed-9_sample-2
True,1,1.117,,,4.77,B/91,4.77,True,False,,,,,,15,A:96;B:151;L:1,sumo2_k11_xisok_ube2w,seed-9_sample-3,sumo2_k11_xisok_ube2w/seed-9_sample-3/model.cif,0.42,0.65,0.51,,,,,sumo2_k11_xisok_ube2w,True,seed-9_sample-3
True,1,1.175,,,5.871,B/151,4.251,False,False,,,,,,10,A:96;B:151;L:1,sumo2_k11_xisok_ube2w,seed-9_sample-4,sumo2_k11_xisok_ube2w/seed-9_sample-4/model.cif,0.49,0.65,0.55,,,,,sumo2_k11_xisok_ube2w,True,seed-9_sample-4
True,1,0.872,,,4.928,B/91,4.928,True,False,,,,,,17,A:96;B:151;L:1,sumo2_k21_xisok_ube2w,seed-10_sample-0,sumo2_k21_xisok_ube2w/seed-10_sample-0/model.cif,0.29,0.61,0.4,,,,,sumo2_k21_xisok_ube2w,True,seed-10_sample-0
True,1,1.095,,,5.652,B/91,5.652,True,False,,,,,,14,A:96;B:151;L:1,sumo2_k21_xisok_ube2w,seed-10_sample-1,sumo2_k21_xisok_ube2w/seed-10_sample-1/model.cif,0.36,0.65,0.49,,,,,sumo2_k21_xisok_ube2w,True,seed-10_sample-1
True,1,1.086,,,5.412,B/91,5.412,True,False,,,,,,16,A:96;B:151;L:1,sumo2_k21_xisok_ube2w,seed-10_sample-2,sumo2_k21_xisok_ube2w/seed-10_sample-2/model.cif,0.39,0.66,0.49,,,,,sumo2_k21_xisok_ube2w,True,seed-10_sample-2
True,1,1.106,,,4.12,B/91,4.12,True,False,,,,,,20,A:96;B:151;L:1,sumo2_k21_xisok_ube2w,seed-10_sample-3,sumo2_k21_xisok_ube2w/seed-10_sample-3/model.cif,0.37,0.66,0.48,,,,,sumo2_k21_xisok_ube2w,True,seed-10_sample-3
True,1,1.197,,,4.543,B/91,4.543,True,False,,,,,,6,A:96;B:151;L:1,sumo2_k21_xisok_ube2w,seed-10_sample-4,sumo2_k21_xisok_ube2w/seed-10_sample-4/model.cif,0.34,0.64,0.43,,,,,sumo2_k21_xisok_ube2w,True,seed-10_sample-4
True,1,0.986,,,4.017,B/91,4.017,True,False,,,,,,19,A:96;B:151;L:1,sumo2_k21_xisok_ube2w,seed-11_sample-0,sumo2_k21_xisok_ube2w/seed-11_sample-0/model.cif,0.33,0.64,0.43,,,,,sumo2_k21_xisok_ube2w,True,seed-11_sample-0
True,1,1.127,,,5.336,B/91,5.336,True,False,,,,,,16,A:96;B:151;L:1,sumo2_k21_xisok_ube2w,seed-11_sample-1,sumo2_k21_xisok_ube2w/seed-11_sample-1/model.cif,0.33,0.63,0.42,,,,,sumo2_k21_xisok_ube2w,True,seed-11_sample-1
True,1,1.094,,,5.871,B/91,5.871,True,False,,,,,,18,A:96;B:151;L:1,sumo2_k21_xisok_ube2w,seed-11_sample-2,sumo2_k21_xisok_ube2w/seed-11_sample-2/model.cif,0.29,0.62,0.4,,,,,sumo2_k21_xisok_ube2w,True,seed-11_sample-2
True,1,1.079,,,3.631,B/91,3.631,True,True,,,,,,14,A:96;B:151;L:1,sumo2_k21_xisok_ube2w,seed-11_sample-3,sumo2_k21_xisok_ube2w/seed-11_sample-3/model.cif,0.36,0.62,0.47,,,,,sumo2_k21_xisok_ube2w,True,seed-11_sample-3
True,1,1.071,,,4.173,B/91,4.173,True,False,,,,,,21,A:96;B:151;L:1,sumo2_k21_xisok_ube2w,seed-11_sample-4,sumo2_k21_xisok_ube2w/seed-11_sample-4/model.cif,0.32,0.62,0.44,,,,,sumo2_k21_xisok_ube2w,True,seed-11_sample-4
True,1,1.088,,,5.488,B/91,5.488,True,False,,,,,,12,A:96;B:151;L:1,sumo2_k21_xisok_ube2w,seed-12_sample-0,sumo2_k21_xisok_ube2w/seed-12_sample-0/model.cif,0.33,0.62,0.46,,,,,sumo2_k21_xisok_ube2w,True,seed-12_sample-0
True,1,0.914,,,4.186,B/91,4.186,True,False,,,,,,11,A:96;B:151;L:1,sumo2_k21_xisok_ube2w,seed-12_sample-1,sumo2_k21_xisok_ube2w/seed-12_sample-1/model.cif,0.28,0.61,0.39,,,,,sumo2_k21_xisok_ube2w,True,seed-12_sample-1
True,1,1.073,,,4.053,B/91,4.053,True,False,,,,,,15,A:96;B:151;L:1,sumo2_k21_xisok_ube2w,seed-12_sample-2,sumo2_k21_xisok_ube2w/seed-12_sample-2/model.cif,0.29,0.62,0.41,,,,,sumo2_k21_xisok_ube2w,True,seed-12_sample-2
True,1,1.11,,,5.353,B/91,5.353,True,False,,,,,,14,A:96;B:151;L:1,sumo2_k21_xisok_ube2w,seed-12_sample-3,sumo2_k21_xisok_ube2w/seed-12_sample-3/model.cif,0.38,0.67,0.48,,,,,sumo2_k21_xisok_ube2w,True,seed-12_sample-3
True,1,0.943,,,6.548,B/91,6.548,True,False,,,,,,17,A:96;B:151;L:1,sumo2_k21_xisok_ube2w,seed-12_sample-4,sumo2_k21_xisok_ube2w/seed-12_sample-4/model.cif,0.32,0.63,0.42,,,,,sumo2_k21_xisok_ube2w,True,seed-12_sample-4
True,1,1.116,,,4.533,B/91,4.533,True,False,,,,,,19,A:96;B:151;L:1,sumo2_k21_xisok_ube2w,seed-13_sample-0,sumo2_k21_xisok_ube2w/seed-13_sample-0/model.cif,0.3,0.62,0.4,,,,,sumo2_k21_xisok_ube2w,True,seed-13_sample-0
True,1,1.181,,,5.598,B/91,5.598,True,False,,,,,,14,A:96;B:151;L:1,sumo2_k21_xisok_ube2w,seed-13_sample-1,sumo2_k21_xisok_ube2w/seed-13_sample-1/model.cif,0.36,0.62,0.45,,,,,sumo2_k21_xisok_ube2w,True,seed-13_sample-1
True,1,1.091,,,4.968,B/91,4.968,True,False,,,,,,14,A:96;B:151;L:1,sumo2_k21_xisok_ube2w,seed-13_sample-2,sumo2_k21_xisok_ube2w/seed-13_sample-2/model.cif,0.29,0.61,0.4,,,,,sumo2_k21_xisok_ube2w,True,seed-13_sample-2
True,1,1.072,,,5.111,B/91,5.111,True,False,,,,,,19,A:96;B:151;L:1,sumo2_k21_xisok_ube2w,seed-13_sample-3,sumo2_k21_xisok_ube2w/seed-13_sample-3/model.cif,0.37,0.65,0.48,,,,,sumo2_k21_xisok_ube2w,True,seed-13_sample-3
True,1,0.973,,,3.984,B/91,3.984,True,True,,,,,,18,A:96;B:151;L:1,sumo2_k21_xisok_ube2w,seed-13_sample-4,sumo2_k21_xisok_ube2w/seed-13_sample-4/model.cif,0.29,0.62,0.41,,,,,sumo2_k21_xisok_ube2w,True,seed-13_sample-4
True,1,0.794,,,5.152,B/91,5.152,True,False,,,,,,12,A:96;B:151;L:1,sumo2_k21_xisok_ube2w,seed-14_sample-0,sumo2_k21_xisok_ube2w/seed-14_sample-0/model.cif,0.3,0.62,0.41,,,,,sumo2_k21_xisok_ube2w,True,seed-14_sample-0
True,1,1.085,,,4.769,B/91,4.769,True,False,,,,,,15,A:96;B:151;L:1,sumo2_k21_xisok_ube2w,seed-14_sample-1,sumo2_k21_xisok_ube2w/seed-14_sample-1/model.cif,0.35,0.66,0.46,,,,,sumo2_k21_xisok_ube2w,True,seed-14_sample-1
True,1,0.971,,,2.689,B/91,2.689,True,True,,,,,,15,A:96;B:151;L:1,sumo2_k21_xisok_ube2w,seed-14_sample-2,sumo2_k21_xisok_ube2w/seed-14_sample-2/model.cif,0.3,0.62,0.41,,,,,sumo2_k21_xisok_ube2w,True,seed-14_sample-2
True,1,1.068,,,5.902,B/91,5.902,True,False,,,,,,24,A:96;B:151;L:1,sumo2_k21_xisok_ube2w,seed-14_sample-3,sumo2_k21_xisok_ube2w/seed-14_sample-3/model.cif,0.33,0.64,0.44,,,,,sumo2_k21_xisok_ube2w,True,seed-14_sample-3
True,1,1.072,,,5.668,B/91,5.668,True,False,,,,,,14,A:96;B:151;L:1,sumo2_k21_xisok_ube2w,seed-14_sample-4,sumo2_k21_xisok_ube2w/seed-14_sample-4/model.cif,0.37,0.66,0.49,,,,,sumo2_k21_xisok_ube2w,True,seed-14_sample-4
True,1,0.949,,,5.084,B/91,5.084,True,False,,,,,,19,A:96;B:151;L:1,sumo2_k21_xisok_ube2w,seed-15_sample-0,sumo2_k21_xisok_ube2w/seed-15_sample-0/model.cif,0.33,0.64,0.45,,,,,sumo2_k21_xisok_ube2w,True,seed-15_sample-0
True,1,0.886,,,3.624,B/91,3.624,True,True,,,,,,20,A:96;B:151;L:1,sumo2_k21_xisok_ube2w,seed-15_sample-1,sumo2_k21_xisok_ube2w/seed-15_sample-1/model.cif,0.31,0.63,0.42,,,,,sumo2_k21_xisok_ube2w,True,seed-15_sample-1
True,1,0.942,,,1.769,B/91,1.769,True,True,,,,,,15,A:96;B:151;L:1,sumo2_k21_xisok_ube2w,seed-15_sample-2,sumo2_k21_xisok_ube2w/seed-15_sample-2/model.cif,0.29,0.61,0.41,,,,,sumo2_k21_xisok_ube2w,True,seed-15_sample-2
True,1,1.081,,,5.203,B/91,5.203,True,False,,,,,,20,A:96;B:151;L:1,sumo2_k21_xisok_ube2w,seed-15_sample-3,sumo2_k21_xisok_ube2w/seed-15_sample-3/model.cif,0.29,0.61,0.37,,,,,sumo2_k21_xisok_ube2w,True,seed-15_sample-3
True,1,1.128,,,3.072,B/91,3.072,True,True,,,,,,12,A:96;B:151;L:1,sumo2_k21_xisok_ube2w,seed-15_sample-4,sumo2_k21_xisok_ube2w/seed-15_sample-4/model.cif,0.37,0.65,0.48,,,,,sumo2_k21_xisok_ube2w,True,seed-15_sample-4
True,1,0.766,,,4.518,B/91,4.518,True,False,,,,,,14,A:96;B:151;L:1,sumo2_k21_xisok_ube2w,seed-16_sample-0,sumo2_k21_xisok_ube2w/seed-16_sample-0/model.cif,0.28,0.61,0.4,,,,,sumo2_k21_xisok_ube2w,True,seed-16_sample-0
True,1,1.153,,,6.403,B/91,6.403,True,False,,,,,,8,A:96;B:151;L:1,sumo2_k21_xisok_ube2w,seed-16_sample-1,sumo2_k21_xisok_ube2w/seed-16_sample-1/model.cif,0.31,0.63,0.39,,,,,sumo2_k21_xisok_ube2w,True,seed-16_sample-1
True,1,1.118,,,5.419,B/91,5.419,True,False,,,,,,19,A:96;B:151;L:1,sumo2_k21_xisok_ube2w,seed-16_sample-2,sumo2_k21_xisok_ube2w/seed-16_sample-2/model.cif,0.32,0.62,0.42,,,,,sumo2_k21_xisok_ube2w,True,seed-16_sample-2
True,1,1.103,,,3.991,B/91,3.991,True,True,,,,,,18,A:96;B:151;L:1,sumo2_k21_xisok_ube2w,seed-16_sample-3,sumo2_k21_xisok_ube2w/seed-16_sample-3/model.cif,0.29,0.62,0.39,,,,,sumo2_k21_xisok_ube2w,True,seed-16_sample-3
True,1,0.888,,,4.406,B/91,4.406,True,False,,,,,,14,A:96;B:151;L:1,sumo2_k21_xisok_ube2w,seed-16_sample-4,sumo2_k21_xisok_ube2w/seed-16_sample-4/model.cif,0.28,0.62,0.4,,,,,sumo2_k21_xisok_ube2w,True,seed-16_sample-4
True,1,0.92,,,4.602,B/91,4.602,True,False,,,,,,27,A:96;B:151;L:1,sumo2_k21_xisok_ube2w,seed-17_sample-0,sumo2_k21_xisok_ube2w/seed-17_sample-0/model.cif,0.29,0.61,0.41,,,,,sumo2_k21_xisok_ube2w,True,seed-17_sample-0
True,1,0.994,,,4.524,B/91,4.524,True,False,,,,,,12,A:96;B:151;L:1,sumo2_k21_xisok_ube2w,seed-17_sample-1,sumo2_k21_xisok_ube2w/seed-17_sample-1/model.cif,0.3,0.63,0.43,,,,,sumo2_k21_xisok_ube2w,True,seed-17_sample-1
True,1,1.084,,,4.354,B/91,4.354,True,False,,,,,,15,A:96;B:151;L:1,sumo2_k21_xisok_ube2w,seed-17_sample-2,sumo2_k21_xisok_ube2w/seed-17_sample-2/model.cif,0.33,0.63,0.44,,,,,sumo2_k21_xisok_ube2w,True,seed-17_sample-2
True,1,1.105,,,4.794,B/91,4.794,True,False,,,,,,14,A:96;B:151;L:1,sumo2_k21_xisok_ube2w,seed-17_sample-3,sumo2_k21_xisok_ube2w/seed-17_sample-3/model.cif,0.3,0.62,0.39,,,,,sumo2_k21_xisok_ube2w,True,seed-17_sample-3
True,1,0.901,,,4.355,B/91,4.355,True,False,,,,,,11,A:96;B:151;L:1,sumo2_k21_xisok_ube2w,seed-17_sample-4,sumo2_k21_xisok_ube2w/seed-17_sample-4/model.cif,0.28,0.61,0.41,,,,,sumo2_k21_xisok_ube2w,True,seed-17_sample-4
True,1,0.988,,,4.547,B/91,4.547,True,False,,,,,,13,A:96;B:151;L:1,sumo2_k21_xisok_ube2w,seed-18_sample-0,sumo2_k21_xisok_ube2w/seed-18_sample-0/model.cif,0.34,0.64,0.44,,,,,sumo2_k21_xisok_ube2w,True,seed-18_sample-0
True,1,1.101,,,4.195,B/91,4.195,True,False,,,,,,20,A:96;B:151;L:1,sumo2_k21_xisok_ube2w,seed-18_sample-1,sumo2_k21_xisok_ube2w/seed-18_sample-1/model.cif,0.35,0.65,0.46,,,,,sumo2_k21_xisok_ube2w,True,seed-18_sample-1
True,1,0.751,,,4.652,B/91,4.652,True,False,,,,,,15,A:96;B:151;L:1,sumo2_k21_xisok_ube2w,seed-18_sample-2,sumo2_k21_xisok_ube2w/seed-18_sample-2/model.cif,0.3,0.62,0.41,,,,,sumo2_k21_xisok_ube2w,True,seed-18_sample-2
True,1,0.806,,,4.616,B/91,4.616,True,False,,,,,,18,A:96;B:151;L:1,sumo2_k21_xisok_ube2w,seed-18_sample-3,sumo2_k21_xisok_ube2w/seed-18_sample-3/model.cif,0.31,0.63,0.44,,,,,sumo2_k21_xisok_ube2w,True,seed-18_sample-3
True,1,1.038,,,4.153,B/91,4.153,True,False,,,,,,11,A:96;B:151;L:1,sumo2_k21_xisok_ube2w,seed-18_sample-4,sumo2_k21_xisok_ube2w/seed-18_sample-4/model.cif,0.32,0.63,0.43,,,,,sumo2_k21_xisok_ube2w,True,seed-18_sample-4
True,1,1.072,,,4.594,B/91,4.594,True,False,,,,,,11,A:96;B:151;L:1,sumo2_k21_xisok_ube2w,seed-19_sample-0,sumo2_k21_xisok_ube2w/seed-19_sample-0/model.cif,0.41,0.67,0.51,,,,,sumo2_k21_xisok_ube2w,True,seed-19_sample-0
True,1,0.877,,,6.127,B/91,6.127,True,False,,,,,,17,A:96;B:151;L:1,sumo2_k21_xisok_ube2w,seed-19_sample-1,sumo2_k21_xisok_ube2w/seed-19_sample-1/model.cif,0.38,0.66,0.48,,,,,sumo2_k21_xisok_ube2w,True,seed-19_sample-1
True,1,0.976,,,4.812,B/91,4.812,True,False,,,,,,21,A:96;B:151;L:1,sumo2_k21_xisok_ube2w,seed-19_sample-2,sumo2_k21_xisok_ube2w/seed-19_sample-2/model.cif,0.36,0.65,0.46,,,,,sumo2_k21_xisok_ube2w,True,seed-19_sample-2
True,1,0.91,,,4.936,B/91,4.936,True,False,,,,,,17,A:96;B:151;L:1,sumo2_k21_xisok_ube2w,seed-19_sample-3,sumo2_k21_xisok_ube2w/seed-19_sample-3/model.cif,0.36,0.65,0.46,,,,,sumo2_k21_xisok_ube2w,True,seed-19_sample-3
True,1,1.149,,,5.217,B/91,5.217,True,False,,,,,,15,A:96;B:151;L:1,sumo2_k21_xisok_ube2w,seed-19_sample-4,sumo2_k21_xisok_ube2w/seed-19_sample-4/model.cif,0.5,0.72,0.58,,,,,sumo2_k21_xisok_ube2w,True,seed-19_sample-4
True,1,1.027,,,3.215,B/91,3.215,True,True,,,,,,10,A:96;B:151;L:1,sumo2_k21_xisok_ube2w,seed-1_sample-0,sumo2_k21_xisok_ube2w/seed-1_sample-0/model.cif,0.29,0.62,0.42,,,,,sumo2_k21_xisok_ube2w,True,seed-1_sample-0
True,1,1.149,,,4.754,B/91,4.754,True,False,,,,,,10,A:96;B:151;L:1,sumo2_k21_xisok_ube2w,seed-1_sample-1,sumo2_k21_xisok_ube2w/seed-1_sample-1/model.cif,0.26,0.6,0.35,,,,,sumo2_k21_xisok_ube2w,True,seed-1_sample-1
True,1,1.086,,,5.799,B/91,5.799,True,False,,,,,,19,A:96;B:151;L:1,sumo2_k21_xisok_ube2w,seed-1_sample-2,sumo2_k21_xisok_ube2w/seed-1_sample-2/model.cif,0.36,0.66,0.47,,,,,sumo2_k21_xisok_ube2w,True,seed-1_sample-2
True,1,1.015,,,5.045,B/91,5.045,True,False,,,,,,19,A:96;B:151;L:1,sumo2_k21_xisok_ube2w,seed-1_sample-3,sumo2_k21_xisok_ube2w/seed-1_sample-3/model.cif,0.36,0.64,0.48,,,,,sumo2_k21_xisok_ube2w,True,seed-1_sample-3
True,1,0.986,,,3.791,B/91,3.791,True,True,,,,,,9,A:96;B:151;L:1,sumo2_k21_xisok_ube2w,seed-1_sample-4,sumo2_k21_xisok_ube2w/seed-1_sample-4/model.cif,0.33,0.63,0.43,,,,,sumo2_k21_xisok_ube2w,True,seed-1_sample-4
True,1,0.962,,,4.319,B/91,4.319,True,False,,,,,,14,A:96;B:151;L:1,sumo2_k21_xisok_ube2w,seed-20_sample-0,sumo2_k21_xisok_ube2w/seed-20_sample-0/model.cif,0.3,0.62,0.43,,,,,sumo2_k21_xisok_ube2w,True,seed-20_sample-0
True,1,1.074,,,4.925,B/91,4.925,True,False,,,,,,17,A:96;B:151;L:1,sumo2_k21_xisok_ube2w,seed-20_sample-1,sumo2_k21_xisok_ube2w/seed-20_sample-1/model.cif,0.48,0.69,0.58,,,,,sumo2_k21_xisok_ube2w,True,seed-20_sample-1
True,1,0.902,,,4.716,B/91,4.716,True,False,,,,,,17,A:96;B:151;L:1,sumo2_k21_xisok_ube2w,seed-20_sample-2,sumo2_k21_xisok_ube2w/seed-20_sample-2/model.cif,0.29,0.61,0.42,,,,,sumo2_k21_xisok_ube2w,True,seed-20_sample-2
True,1,1.044,,,4.51,B/91,4.51,True,False,,,,,,14,A:96;B:151;L:1,sumo2_k21_xisok_ube2w,seed-20_sample-3,sumo2_k21_xisok_ube2w/seed-20_sample-3/model.cif,0.36,0.65,0.48,,,,,sumo2_k21_xisok_ube2w,True,seed-20_sample-3
True,1,0.877,,,4.898,B/91,4.898,True,False,,,,,,19,A:96;B:151;L:1,sumo2_k21_xisok_ube2w,seed-20_sample-4,sumo2_k21_xisok_ube2w/seed-20_sample-4/model.cif,0.3,0.61,0.4,,,,,sumo2_k21_xisok_ube2w,True,seed-20_sample-4
True,1,1.095,,,5.483,B/91,5.483,True,False,,,,,,21,A:96;B:151;L:1,sumo2_k21_xisok_ube2w,seed-2_sample-0,sumo2_k21_xisok_ube2w/seed-2_sample-0/model.cif,0.3,0.62,0.41,,,,,sumo2_k21_xisok_ube2w,True,seed-2_sample-0
True,1,1.144,,,4.946,B/91,4.946,True,False,,,,,,11,A:96;B:151;L:1,sumo2_k21_xisok_ube2w,seed-2_sample-1,sumo2_k21_xisok_ube2w/seed-2_sample-1/model.cif,0.36,0.66,0.48,,,,,sumo2_k21_xisok_ube2w,True,seed-2_sample-1
True,1,1.093,,,5.415,B/91,5.415,True,False,,,,,,22,A:96;B:151;L:1,sumo2_k21_xisok_ube2w,seed-2_sample-2,sumo2_k21_xisok_ube2w/seed-2_sample-2/model.cif,0.32,0.64,0.43,,,,,sumo2_k21_xisok_ube2w,True,seed-2_sample-2
True,1,1.117,,,5.351,B/91,5.351,True,False,,,,,,13,A:96;B:151;L:1,sumo2_k21_xisok_ube2w,seed-2_sample-3,sumo2_k21_xisok_ube2w/seed-2_sample-3/model.cif,0.33,0.64,0.44,,,,,sumo2_k21_xisok_ube2w,True,seed-2_sample-3
True,1,1.06,,,4.065,B/91,4.065,True,False,,,,,,14,A:96;B:151;L:1,sumo2_k21_xisok_ube2w,seed-2_sample-4,sumo2_k21_xisok_ube2w/seed-2_sample-4/model.cif,0.38,0.67,0.49,,,,,sumo2_k21_xisok_ube2w,True,seed-2_sample-4
True,1,0.952,,,5.296,B/91,5.296,True,False,,,,,,12,A:96;B:151;L:1,sumo2_k21_xisok_ube2w,seed-3_sample-0,sumo2_k21_xisok_ube2w/seed-3_sample-0/model.cif,0.31,0.61,0.43,,,,,sumo2_k21_xisok_ube2w,True,seed-3_sample-0
True,1,1.09,,,4.482,B/91,4.482,True,False,,,,,,19,A:96;B:151;L:1,sumo2_k21_xisok_ube2w,seed-3_sample-1,sumo2_k21_xisok_ube2w/seed-3_sample-1/model.cif,0.33,0.63,0.43,,,,,sumo2_k21_xisok_ube2w,True,seed-3_sample-1
True,1,0.841,,,5.215,B/91,5.215,True,False,,,,,,16,A:96;B:151;L:1,sumo2_k21_xisok_ube2w,seed-3_sample-2,sumo2_k21_xisok_ube2w/seed-3_sample-2/model.cif,0.3,0.62,0.42,,,,,sumo2_k21_xisok_ube2w,True,seed-3_sample-2
True,1,0.938,,,4.052,B/91,4.052,True,False,,,,,,16,A:96;B:151;L:1,sumo2_k21_xisok_ube2w,seed-3_sample-3,sumo2_k21_xisok_ube2w/seed-3_sample-3/model.cif,0.32,0.63,0.43,,,,,sumo2_k21_xisok_ube2w,True,seed-3_sample-3
True,1,1.122,,,6.545,B/91,6.545,True,False,,,,,,10,A:96;B:151;L:1,sumo2_k21_xisok_ube2w,seed-3_sample-4,sumo2_k21_xisok_ube2w/seed-3_sample-4/model.cif,0.31,0.61,0.42,,,,,sumo2_k21_xisok_ube2w,True,seed-3_sample-4
True,1,1.079,,,5.383,B/91,5.383,True,False,,,,,,20,A:96;B:151;L:1,sumo2_k21_xisok_ube2w,seed-4_sample-0,sumo2_k21_xisok_ube2w/seed-4_sample-0/model.cif,0.32,0.63,0.42,,,,,sumo2_k21_xisok_ube2w,True,seed-4_sample-0
True,1,0.925,,,5.205,B/91,5.205,True,False,,,,,,16,A:96;B:151;L:1,sumo2_k21_xisok_ube2w,seed-4_sample-1,sumo2_k21_xisok_ube2w/seed-4_sample-1/model.cif,0.29,0.62,0.41,,,,,sumo2_k21_xisok_ube2w,True,seed-4_sample-1
True,1,0.755,,,3.877,B/91,3.877,True,True,,,,,,19,A:96;B:151;L:1,sumo2_k21_xisok_ube2w,seed-4_sample-2,sumo2_k21_xisok_ube2w/seed-4_sample-2/model.cif,0.31,0.63,0.43,,,,,sumo2_k21_xisok_ube2w,True,seed-4_sample-2
True,1,0.988,,,4.874,B/91,4.874,True,False,,,,,,18,A:96;B:151;L:1,sumo2_k21_xisok_ube2w,seed-4_sample-3,sumo2_k21_xisok_ube2w/seed-4_sample-3/model.cif,0.31,0.61,0.41,,,,,sumo2_k21_xisok_ube2w,True,seed-4_sample-3
True,1,1.163,,,5.062,B/151,4.029,False,False,,,,,,14,A:96;B:151;L:1,sumo2_k21_xisok_ube2w,seed-4_sample-4,sumo2_k21_xisok_ube2w/seed-4_sample-4/model.cif,0.48,0.68,0.57,,,,,sumo2_k21_xisok_ube2w,True,seed-4_sample-4
True,1,1.105,,,4.519,B/91,4.519,True,False,,,,,,20,A:96;B:151;L:1,sumo2_k21_xisok_ube2w,seed-5_sample-0,sumo2_k21_xisok_ube2w/seed-5_sample-0/model.cif,0.34,0.63,0.46,,,,,sumo2_k21_xisok_ube2w,True,seed-5_sample-0
True,1,1.118,,,3.795,B/91,3.795,True,True,,,,,,12,A:96;B:151;L:1,sumo2_k21_xisok_ube2w,seed-5_sample-1,sumo2_k21_xisok_ube2w/seed-5_sample-1/model.cif,0.33,0.63,0.45,,,,,sumo2_k21_xisok_ube2w,True,seed-5_sample-1
True,1,1.088,,,4.869,B/91,4.869,True,False,,,,,,19,A:96;B:151;L:1,sumo2_k21_xisok_ube2w,seed-5_sample-2,sumo2_k21_xisok_ube2w/seed-5_sample-2/model.cif,0.33,0.64,0.43,,,,,sumo2_k21_xisok_ube2w,True,seed-5_sample-2
True,1,1.106,,,5.113,B/91,5.113,True,False,,,,,,11,A:96;B:151;L:1,sumo2_k21_xisok_ube2w,seed-5_sample-3,sumo2_k21_xisok_ube2w/seed-5_sample-3/model.cif,0.33,0.64,0.43,,,,,sumo2_k21_xisok_ube2w,True,seed-5_sample-3
True,1,0.936,,,5.554,B/91,5.554,True,False,,,,,,18,A:96;B:151;L:1,sumo2_k21_xisok_ube2w,seed-5_sample-4,sumo2_k21_xisok_ube2w/seed-5_sample-4/model.cif,0.3,0.62,0.4,,,,,sumo2_k21_xisok_ube2w,True,seed-5_sample-4
True,1,0.963,,,5.248,B/91,5.248,True,False,,,,,,13,A:96;B:151;L:1,sumo2_k21_xisok_ube2w,seed-6_sample-0,sumo2_k21_xisok_ube2w/seed-6_sample-0/model.cif,0.29,0.61,0.41,,,,,sumo2_k21_xisok_ube2w,True,seed-6_sample-0
True,1,1.09,,,4.634,B/91,4.634,True,False,,,,,,18,A:96;B:151;L:1,sumo2_k21_xisok_ube2w,seed-6_sample-1,sumo2_k21_xisok_ube2w/seed-6_sample-1/model.cif,0.34,0.65,0.46,,,,,sumo2_k21_xisok_ube2w,True,seed-6_sample-1
True,1,1.127,,,4.779,B/91,4.779,True,False,,,,,,20,A:96;B:151;L:1,sumo2_k21_xisok_ube2w,seed-6_sample-2,sumo2_k21_xisok_ube2w/seed-6_sample-2/model.cif,0.29,0.62,0.39,,,,,sumo2_k21_xisok_ube2w,True,seed-6_sample-2
True,1,1.075,,,5.249,B/91,5.249,True,False,,,,,,13,A:96;B:151;L:1,sumo2_k21_xisok_ube2w,seed-6_sample-3,sumo2_k21_xisok_ube2w/seed-6_sample-3/model.cif,0.35,0.66,0.43,,,,,sumo2_k21_xisok_ube2w,True,seed-6_sample-3
True,1,1.036,,,3.759,B/91,3.759,True,True,,,,,,20,A:96;B:151;L:1,sumo2_k21_xisok_ube2w,seed-6_sample-4,sumo2_k21_xisok_ube2w/seed-6_sample-4/model.cif,0.34,0.63,0.44,,,,,sumo2_k21_xisok_ube2w,True,seed-6_sample-4
True,1,1.08,,,4.458,B/91,4.458,True,False,,,,,,21,A:96;B:151;L:1,sumo2_k21_xisok_ube2w,seed-7_sample-0,sumo2_k21_xisok_ube2w/seed-7_sample-0/model.cif,0.33,0.63,0.42,,,,,sumo2_k21_xisok_ube2w,True,seed-7_sample-0
True,1,0.952,,,3.924,B/91,3.924,True,True,,,,,,17,A:96;B:151;L:1,sumo2_k21_xisok_ube2w,seed-7_sample-1,sumo2_k21_xisok_ube2w/seed-7_sample-1/model.cif,0.3,0.62,0.43,,,,,sumo2_k21_xisok_ube2w,True,seed-7_sample-1
True,1,1.097,,,5.405,B/91,5.405,True,False,,,,,,14,A:96;B:151;L:1,sumo2_k21_xisok_ube2w,seed-7_sample-2,sumo2_k21_xisok_ube2w/seed-7_sample-2/model.cif,0.33,0.64,0.46,,,,,sumo2_k21_xisok_ube2w,True,seed-7_sample-2
True,1,1.084,,,3.185,B/91,3.185,True,True,,,,,,15,A:96;B:151;L:1,sumo2_k21_xisok_ube2w,seed-7_sample-3,sumo2_k21_xisok_ube2w/seed-7_sample-3/model.cif,0.31,0.63,0.41,,,,,sumo2_k21_xisok_ube2w,True,seed-7_sample-3
True,1,1.058,,,4.983,B/91,4.983,True,False,,,,,,14,A:96;B:151;L:1,sumo2_k21_xisok_ube2w,seed-7_sample-4,sumo2_k21_xisok_ube2w/seed-7_sample-4/model.cif,0.33,0.64,0.43,,,,,sumo2_k21_xisok_ube2w,True,seed-7_sample-4
True,1,0.995,,,4.662,B/91,4.662,True,False,,,,,,16,A:96;B:151;L:1,sumo2_k21_xisok_ube2w,seed-8_sample-0,sumo2_k21_xisok_ube2w/seed-8_sample-0/model.cif,0.3,0.62,0.42,,,,,sumo2_k21_xisok_ube2w,True,seed-8_sample-0
True,1,1.099,,,5.776,B/91,5.776,True,False,,,,,,15,A:96;B:151;L:1,sumo2_k21_xisok_ube2w,seed-8_sample-1,sumo2_k21_xisok_ube2w/seed-8_sample-1/model.cif,0.31,0.62,0.43,,,,,sumo2_k21_xisok_ube2w,True,seed-8_sample-1
True,1,1.113,,,6.128,B/91,6.128,True,False,,,,,,16,A:96;B:151;L:1,sumo2_k21_xisok_ube2w,seed-8_sample-2,sumo2_k21_xisok_ube2w/seed-8_sample-2/model.cif,0.35,0.65,0.46,,,,,sumo2_k21_xisok_ube2w,True,seed-8_sample-2
True,1,1.087,,,3.967,B/91,3.967,True,True,,,,,,15,A:96;B:151;L:1,sumo2_k21_xisok_ube2w,seed-8_sample-3,sumo2_k21_xisok_ube2w/seed-8_sample-3/model.cif,0.3,0.62,0.41,,,,,sumo2_k21_xisok_ube2w,True,seed-8_sample-3
True,1,1.118,,,4.882,B/91,4.882,True,False,,,,,,5,A:96;B:151;L:1,sumo2_k21_xisok_ube2w,seed-8_sample-4,sumo2_k21_xisok_ube2w/seed-8_sample-4/model.cif,0.37,0.65,0.47,,,,,sumo2_k21_xisok_ube2w,True,seed-8_sample-4
True,1,1.119,,,5.01,B/91,5.01,True,False,,,,,,14,A:96;B:151;L:1,sumo2_k21_xisok_ube2w,seed-9_sample-0,sumo2_k21_xisok_ube2w/seed-9_sample-0/model.cif,0.39,0.67,0.49,,,,,sumo2_k21_xisok_ube2w,True,seed-9_sample-0
True,1,0.867,,,5.156,B/91,5.156,True,False,,,,,,17,A:96;B:151;L:1,sumo2_k21_xisok_ube2w,seed-9_sample-1,sumo2_k21_xisok_ube2w/seed-9_sample-1/model.cif,0.33,0.64,0.45,,,,,sumo2_k21_xisok_ube2w,True,seed-9_sample-1
True,1,1.05,,,5.291,B/91,5.291,True,False,,,,,,11,A:96;B:151;L:1,sumo2_k21_xisok_ube2w,seed-9_sample-2,sumo2_k21_xisok_ube2w/seed-9_sample-2/model.cif,0.3,0.62,0.42,,,,,sumo2_k21_xisok_ube2w,True,seed-9_sample-2
True,1,1.086,,,4.204,B/91,4.204,True,False,,,,,,15,A:96;B:151;L:1,sumo2_k21_xisok_ube2w,seed-9_sample-3,sumo2_k21_xisok_ube2w/seed-9_sample-3/model.cif,0.34,0.65,0.46,,,,,sumo2_k21_xisok_ube2w,True,seed-9_sample-3
True,1,1.061,,,5.212,B/91,5.212,True,False,,,,,,14,A:96;B:151;L:1,sumo2_k21_xisok_ube2w,seed-9_sample-4,sumo2_k21_xisok_ube2w/seed-9_sample-4/model.cif,0.4,0.67,0.5,,,,,sumo2_k21_xisok_ube2w,True,seed-9_sample-4
True,1,1.116,,,5.537,B/91,5.537,True,False,,,,,,18,A:96;B:151;L:1,sumo2_k33_xisok_ube2w,seed-10_sample-0,sumo2_k33_xisok_ube2w/seed-10_sample-0/model.cif,0.34,0.65,0.44,,,,,sumo2_k33_xisok_ube2w,True,seed-10_sample-0
True,1,1.177,,,6.077,B/151,3.914,False,False,,,,,,19,A:96;B:151;L:1,sumo2_k33_xisok_ube2w,seed-10_sample-1,sumo2_k33_xisok_ube2w/seed-10_sample-1/model.cif,0.44,0.7,0.53,,,,,sumo2_k33_xisok_ube2w,True,seed-10_sample-1
True,1,0.866,,,5.38,B/91,5.38,True,False,,,,,,13,A:96;B:151;L:1,sumo2_k33_xisok_ube2w,seed-10_sample-2,sumo2_k33_xisok_ube2w/seed-10_sample-2/model.cif,0.3,0.62,0.41,,,,,sumo2_k33_xisok_ube2w,True,seed-10_sample-2
True,1,1.16,,,4.71,B/91,4.71,True,False,,,,,,14,A:96;B:151;L:1,sumo2_k33_xisok_ube2w,seed-10_sample-3,sumo2_k33_xisok_ube2w/seed-10_sample-3/model.cif,0.31,0.63,0.42,,,,,sumo2_k33_xisok_ube2w,True,seed-10_sample-3
True,1,1.152,,,5.556,B/91,5.556,True,False,,,,,,10,A:96;B:151;L:1,sumo2_k33_xisok_ube2w,seed-10_sample-4,sumo2_k33_xisok_ube2w/seed-10_sample-4/model.cif,0.39,0.67,0.5,,,,,sumo2_k33_xisok_ube2w,True,seed-10_sample-4
True,1,0.942,,,5.823,B/91,5.823,True,False,,,,,,21,A:96;B:151;L:1,sumo2_k33_xisok_ube2w,seed-11_sample-0,sumo2_k33_xisok_ube2w/seed-11_sample-0/model.cif,0.42,0.67,0.54,,,,,sumo2_k33_xisok_ube2w,True,seed-11_sample-0
True,1,0.975,,,2.265,B/91,2.265,True,True,,,,,,10,A:96;B:151;L:1,sumo2_k33_xisok_ube2w,seed-11_sample-1,sumo2_k33_xisok_ube2w/seed-11_sample-1/model.cif,0.33,0.65,0.42,,,,,sumo2_k33_xisok_ube2w,True,seed-11_sample-1
True,1,1.165,,,4.994,B/91,4.994,True,False,,,,,,14,A:96;B:151;L:1,sumo2_k33_xisok_ube2w,seed-11_sample-2,sumo2_k33_xisok_ube2w/seed-11_sample-2/model.cif,0.36,0.65,0.46,,,,,sumo2_k33_xisok_ube2w,True,seed-11_sample-2
True,1,0.926,,,3.348,B/91,3.348,True,True,,,,,,10,A:96;B:151;L:1,sumo2_k33_xisok_ube2w,seed-11_sample-3,sumo2_k33_xisok_ube2w/seed-11_sample-3/model.cif,0.45,0.66,0.55,,,,,sumo2_k33_xisok_ube2w,True,seed-11_sample-3
True,1,1.086,,,4.236,B/91,4.236,True,False,,,,,,17,A:96;B:151;L:1,sumo2_k33_xisok_ube2w,seed-11_sample-4,sumo2_k33_xisok_ube2w/seed-11_sample-4/model.cif,0.31,0.64,0.42,,,,,sumo2_k33_xisok_ube2w,True,seed-11_sample-4
True,1,0.962,,,2.898,B/91,2.898,True,True,,,,,,12,A:96;B:151;L:1,sumo2_k33_xisok_ube2w,seed-12_sample-0,sumo2_k33_xisok_ube2w/seed-12_sample-0/model.cif,0.29,0.63,0.42,,,,,sumo2_k33_xisok_ube2w,True,seed-12_sample-0
True,1,0.984,,,4.297,B/91,4.297,True,False,,,,,,12,A:96;B:151;L:1,sumo2_k33_xisok_ube2w,seed-12_sample-1,sumo2_k33_xisok_ube2w/seed-12_sample-1/model.cif,0.3,0.63,0.41,,,,,sumo2_k33_xisok_ube2w,True,seed-12_sample-1
True,1,1.008,,,4.127,B/91,4.127,True,False,,,,,,14,A:96;B:151;L:1,sumo2_k33_xisok_ube2w,seed-12_sample-2,sumo2_k33_xisok_ube2w/seed-12_sample-2/model.cif,0.28,0.63,0.4,,,,,sumo2_k33_xisok_ube2w,True,seed-12_sample-2
True,1,1.029,,,5.098,B/151,3.055,False,False,,,,,,10,A:96;B:151;L:1,sumo2_k33_xisok_ube2w,seed-12_sample-3,sumo2_k33_xisok_ube2w/seed-12_sample-3/model.cif,0.36,0.65,0.44,,,,,sumo2_k33_xisok_ube2w,True,seed-12_sample-3
True,1,1.157,,,5.303,B/91,5.303,True,False,,,,,,16,A:96;B:151;L:1,sumo2_k33_xisok_ube2w,seed-12_sample-4,sumo2_k33_xisok_ube2w/seed-12_sample-4/model.cif,0.31,0.63,0.41,,,,,sumo2_k33_xisok_ube2w,True,seed-12_sample-4
True,1,1.129,,,5.239,B/91,5.239,True,False,,,,,,17,A:96;B:151;L:1,sumo2_k33_xisok_ube2w,seed-13_sample-0,sumo2_k33_xisok_ube2w/seed-13_sample-0/model.cif,0.3,0.63,0.4,,,,,sumo2_k33_xisok_ube2w,True,seed-13_sample-0
True,1,1.111,,,4.015,B/151,2.802,False,False,,,,,,9,A:96;B:151;L:1,sumo2_k33_xisok_ube2w,seed-13_sample-1,sumo2_k33_xisok_ube2w/seed-13_sample-1/model.cif,0.42,0.68,0.48,,,,,sumo2_k33_xisok_ube2w,True,seed-13_sample-1
True,1,1.035,,,5.896,B/91,5.896,True,False,,,,,,11,A:96;B:151;L:1,sumo2_k33_xisok_ube2w,seed-13_sample-2,sumo2_k33_xisok_ube2w/seed-13_sample-2/model.cif,0.3,0.63,0.42,,,,,sumo2_k33_xisok_ube2w,True,seed-13_sample-2
True,1,1.111,,,6.742,B/91,6.742,True,False,,,,,,17,A:96;B:151;L:1,sumo2_k33_xisok_ube2w,seed-13_sample-3,sumo2_k33_xisok_ube2w/seed-13_sample-3/model.cif,0.31,0.63,0.41,,,,,sumo2_k33_xisok_ube2w,True,seed-13_sample-3
True,1,1.139,,,5.873,B/91,5.873,True,False,,,,,,13,A:96;B:151;L:1,sumo2_k33_xisok_ube2w,seed-13_sample-4,sumo2_k33_xisok_ube2w/seed-13_sample-4/model.cif,0.31,0.64,0.44,,,,,sumo2_k33_xisok_ube2w,True,seed-13_sample-4
True,1,0.817,,,6.06,B/151,6.038,False,False,,,,,,7,A:96;B:151;L:1,sumo2_k33_xisok_ube2w,seed-14_sample-0,sumo2_k33_xisok_ube2w/seed-14_sample-0/model.cif,0.34,0.65,0.46,,,,,sumo2_k33_xisok_ube2w,True,seed-14_sample-0
True,1,1.062,,,4.694,B/91,4.694,True,False,,,,,,13,A:96;B:151;L:1,sumo2_k33_xisok_ube2w,seed-14_sample-1,sumo2_k33_xisok_ube2w/seed-14_sample-1/model.cif,0.28,0.63,0.39,,,,,sumo2_k33_xisok_ube2w,True,seed-14_sample-1
True,1,0.818,,,3.469,B/91,3.469,True,True,,,,,,15,A:96;B:151;L:1,sumo2_k33_xisok_ube2w,seed-14_sample-2,sumo2_k33_xisok_ube2w/seed-14_sample-2/model.cif,0.29,0.63,0.42,,,,,sumo2_k33_xisok_ube2w,True,seed-14_sample-2
True,1,1.108,,,3.144,B/91,3.144,True,True,,,,,,15,A:96;B:151;L:1,sumo2_k33_xisok_ube2w,seed-14_sample-3,sumo2_k33_xisok_ube2w/seed-14_sample-3/model.cif,0.45,0.69,0.56,,,,,sumo2_k33_xisok_ube2w,True,seed-14_sample-3
True,1,1.09,,,5.242,B/91,5.242,True,False,,,,,,15,A:96;B:151;L:1,sumo2_k33_xisok_ube2w,seed-14_sample-4,sumo2_k33_xisok_ube2w/seed-14_sample-4/model.cif,0.33,0.65,0.44,,,,,sumo2_k33_xisok_ube2w,True,seed-14_sample-4
True,1,1.071,,,6.603,B/91,6.603,True,False,,,,,,14,A:96;B:151;L:1,sumo2_k33_xisok_ube2w,seed-15_sample-0,sumo2_k33_xisok_ube2w/seed-15_sample-0/model.cif,0.38,0.67,0.47,,,,,sumo2_k33_xisok_ube2w,True,seed-15_sample-0
True,1,1.103,,,5.223,B/91,5.223,True,False,,,,,,20,A:96;B:151;L:1,sumo2_k33_xisok_ube2w,seed-15_sample-1,sumo2_k33_xisok_ube2w/seed-15_sample-1/model.cif,0.45,0.71,0.54,,,,,sumo2_k33_xisok_ube2w,True,seed-15_sample-1
True,1,0.929,,,4.728,B/91,4.728,True,False,,,,,,15,A:96;B:151;L:1,sumo2_k33_xisok_ube2w,seed-15_sample-2,sumo2_k33_xisok_ube2w/seed-15_sample-2/model.cif,0.33,0.64,0.42,,,,,sumo2_k33_xisok_ube2w,True,seed-15_sample-2
True,1,1.149,,,6.148,B/91,6.148,True,False,,,,,,21,A:96;B:151;L:1,sumo2_k33_xisok_ube2w,seed-15_sample-3,sumo2_k33_xisok_ube2w/seed-15_sample-3/model.cif,0.37,0.66,0.46,,,,,sumo2_k33_xisok_ube2w,True,seed-15_sample-3
True,1,1.072,,,3.513,B/91,3.513,True,True,,,,,,12,A:96;B:151;L:1,sumo2_k33_xisok_ube2w,seed-15_sample-4,sumo2_k33_xisok_ube2w/seed-15_sample-4/model.cif,0.36,0.65,0.45,,,,,sumo2_k33_xisok_ube2w,True,seed-15_sample-4
True,1,0.733,,,4.212,B/91,4.212,True,False,,,,,,12,A:96;B:151;L:1,sumo2_k33_xisok_ube2w,seed-16_sample-0,sumo2_k33_xisok_ube2w/seed-16_sample-0/model.cif,0.29,0.63,0.41,,,,,sumo2_k33_xisok_ube2w,True,seed-16_sample-0
True,1,1.102,,,5.525,B/151,4.216,False,False,,,,,,19,A:96;B:151;L:1,sumo2_k33_xisok_ube2w,seed-16_sample-1,sumo2_k33_xisok_ube2w/seed-16_sample-1/model.cif,0.43,0.69,0.5,,,,,sumo2_k33_xisok_ube2w,True,seed-16_sample-1
True,1,1.036,,,5.434,B/91,5.434,True,False,,,,,,15,A:96;B:151;L:1,sumo2_k33_xisok_ube2w,seed-16_sample-2,sumo2_k33_xisok_ube2w/seed-16_sample-2/model.cif,0.33,0.64,0.43,,,,,sumo2_k33_xisok_ube2w,True,seed-16_sample-2
True,1,1.113,,,4.422,B/91,4.422,True,False,,,,,,20,A:96;B:151;L:1,sumo2_k33_xisok_ube2w,seed-16_sample-3,sumo2_k33_xisok_ube2w/seed-16_sample-3/model.cif,0.32,0.64,0.4,,,,,sumo2_k33_xisok_ube2w,True,seed-16_sample-3
True,1,1.178,,,5.421,B/91,5.421,True,False,,,,,,10,A:96;B:151;L:1,sumo2_k33_xisok_ube2w,seed-16_sample-4,sumo2_k33_xisok_ube2w/seed-16_sample-4/model.cif,0.37,0.67,0.48,,,,,sumo2_k33_xisok_ube2w,True,seed-16_sample-4
True,1,0.968,,,5.627,B/91,5.627,True,False,,,,,,16,A:96;B:151;L:1,sumo2_k33_xisok_ube2w,seed-17_sample-0,sumo2_k33_xisok_ube2w/seed-17_sample-0/model.cif,0.3,0.63,0.41,,,,,sumo2_k33_xisok_ube2w,True,seed-17_sample-0
True,1,1.02,,,4.961,B/91,4.961,True,False,,,,,,17,A:96;B:151;L:1,sumo2_k33_xisok_ube2w,seed-17_sample-1,sumo2_k33_xisok_ube2w/seed-17_sample-1/model.cif,0.27,0.61,0.4,,,,,sumo2_k33_xisok_ube2w,True,seed-17_sample-1
True,1,1.071,,,5.177,B/91,5.177,True,False,,,,,,12,A:96;B:151;L:1,sumo2_k33_xisok_ube2w,seed-17_sample-2,sumo2_k33_xisok_ube2w/seed-17_sample-2/model.cif,0.28,0.62,0.38,,,,,sumo2_k33_xisok_ube2w,True,seed-17_sample-2
True,1,1.122,,,5.582,B/91,5.582,True,False,,,,,,14,A:96;B:151;L:1,sumo2_k33_xisok_ube2w,seed-17_sample-3,sumo2_k33_xisok_ube2w/seed-17_sample-3/model.cif,0.37,0.64,0.44,,,,,sumo2_k33_xisok_ube2w,True,seed-17_sample-3
True,1,0.956,,,6.108,B/91,6.108,True,False,,,,,,12,A:96;B:151;L:1,sumo2_k33_xisok_ube2w,seed-17_sample-4,sumo2_k33_xisok_ube2w/seed-17_sample-4/model.cif,0.32,0.63,0.45,,,,,sumo2_k33_xisok_ube2w,True,seed-17_sample-4
True,1,1.079,,,3.427,B/91,3.427,True,True,,,,,,16,A:96;B:151;L:1,sumo2_k33_xisok_ube2w,seed-18_sample-0,sumo2_k33_xisok_ube2w/seed-18_sample-0/model.cif,0.34,0.65,0.43,,,,,sumo2_k33_xisok_ube2w,True,seed-18_sample-0
True,1,0.795,,,3.061,B/91,3.061,True,True,,,,,,15,A:96;B:151;L:1,sumo2_k33_xisok_ube2w,seed-18_sample-1,sumo2_k33_xisok_ube2w/seed-18_sample-1/model.cif,0.33,0.65,0.43,,,,,sumo2_k33_xisok_ube2w,True,seed-18_sample-1
True,1,0.965,,,3.428,B/91,3.428,True,True,,,,,,12,A:96;B:151;L:1,sumo2_k33_xisok_ube2w,seed-18_sample-2,sumo2_k33_xisok_ube2w/seed-18_sample-2/model.cif,0.29,0.63,0.39,,,,,sumo2_k33_xisok_ube2w,True,seed-18_sample-2
True,1,0.881,,,5.259,B/91,5.259,True,False,,,,,,13,A:96;B:151;L:1,sumo2_k33_xisok_ube2w,seed-18_sample-3,sumo2_k33_xisok_ube2w/seed-18_sample-3/model.cif,0.29,0.62,0.41,,,,,sumo2_k33_xisok_ube2w,True,seed-18_sample-3
True,1,1.109,,,5.473,B/91,5.473,True,False,,,,,,19,A:96;B:151;L:1,sumo2_k33_xisok_ube2w,seed-18_sample-4,sumo2_k33_xisok_ube2w/seed-18_sample-4/model.cif,0.29,0.63,0.39,,,,,sumo2_k33_xisok_ube2w,True,seed-18_sample-4
True,1,1.049,,,1.889,B/91,1.889,True,True,,,,,,9,A:96;B:151;L:1,sumo2_k33_xisok_ube2w,seed-19_sample-0,sumo2_k33_xisok_ube2w/seed-19_sample-0/model.cif,0.31,0.63,0.4,,,,,sumo2_k33_xisok_ube2w,True,seed-19_sample-0
True,1,0.912,,,5.466,B/91,5.466,True,False,,,,,,13,A:96;B:151;L:1,sumo2_k33_xisok_ube2w,seed-19_sample-1,sumo2_k33_xisok_ube2w/seed-19_sample-1/model.cif,0.3,0.63,0.41,,,,,sumo2_k33_xisok_ube2w,True,seed-19_sample-1
True,1,1.124,,,5.885,B/91,5.885,True,False,,,,,,18,A:96;B:151;L:1,sumo2_k33_xisok_ube2w,seed-19_sample-2,sumo2_k33_xisok_ube2w/seed-19_sample-2/model.cif,0.35,0.65,0.45,,,,,sumo2_k33_xisok_ube2w,True,seed-19_sample-2
True,1,1.126,,,5.427,B/91,5.427,True,False,,,,,,15,A:96;B:151;L:1,sumo2_k33_xisok_ube2w,seed-19_sample-3,sumo2_k33_xisok_ube2w/seed-19_sample-3/model.cif,0.31,0.64,0.43,,,,,sumo2_k33_xisok_ube2w,True,seed-19_sample-3
True,1,1.137,,,5.487,B/91,5.487,True,False,,,,,,13,A:96;B:151;L:1,sumo2_k33_xisok_ube2w,seed-19_sample-4,sumo2_k33_xisok_ube2w/seed-19_sample-4/model.cif,0.38,0.65,0.47,,,,,sumo2_k33_xisok_ube2w,True,seed-19_sample-4
True,1,1.144,,,4.491,B/91,4.491,True,False,,,,,,14,A:96;B:151;L:1,sumo2_k33_xisok_ube2w,seed-1_sample-0,sumo2_k33_xisok_ube2w/seed-1_sample-0/model.cif,0.47,0.66,0.56,,,,,sumo2_k33_xisok_ube2w,True,seed-1_sample-0
True,1,0.803,,,4.658,B/91,4.658,True,False,,,,,,11,A:96;B:151;L:1,sumo2_k33_xisok_ube2w,seed-1_sample-1,sumo2_k33_xisok_ube2w/seed-1_sample-1/model.cif,0.28,0.62,0.39,,,,,sumo2_k33_xisok_ube2w,True,seed-1_sample-1
True,1,1.047,,,6.454,B/91,6.454,True,False,,,,,,15,A:96;B:151;L:1,sumo2_k33_xisok_ube2w,seed-1_sample-2,sumo2_k33_xisok_ube2w/seed-1_sample-2/model.cif,0.32,0.65,0.42,,,,,sumo2_k33_xisok_ube2w,True,seed-1_sample-2
True,1,1.104,,,6.076,B/91,6.076,True,False,,,,,,14,A:96;B:151;L:1,sumo2_k33_xisok_ube2w,seed-1_sample-3,sumo2_k33_xisok_ube2w/seed-1_sample-3/model.cif,0.27,0.62,0.39,,,,,sumo2_k33_xisok_ube2w,True,seed-1_sample-3
True,1,0.841,,,4.446,B/151,3.346,False,False,,,,,,12,A:96;B:151;L:1,sumo2_k33_xisok_ube2w,seed-1_sample-4,sumo2_k33_xisok_ube2w/seed-1_sample-4/model.cif,0.26,0.6,0.37,,,,,sumo2_k33_xisok_ube2w,True,seed-1_sample-4
True,1,1.098,,,5.02,B/91,5.02,True,False,,,,,,15,A:96;B:151;L:1,sumo2_k33_xisok_ube2w,seed-20_sample-0,sumo2_k33_xisok_ube2w/seed-20_sample-0/model.cif,0.37,0.66,0.47,,,,,sumo2_k33_xisok_ube2w,True,seed-20_sample-0
True,1,1.054,,,7.897,B/91,7.897,True,False,,,,,,16,A:96;B:151;L:1,sumo2_k33_xisok_ube2w,seed-20_sample-1,sumo2_k33_xisok_ube2w/seed-20_sample-1/model.cif,0.5,0.65,0.58,,,,,sumo2_k33_xisok_ube2w,True,seed-20_sample-1
True,1,0.989,,,5.342,B/91,5.342,True,False,,,,,,12,A:96;B:151;L:1,sumo2_k33_xisok_ube2w,seed-20_sample-2,sumo2_k33_xisok_ube2w/seed-20_sample-2/model.cif,0.3,0.63,0.42,,,,,sumo2_k33_xisok_ube2w,True,seed-20_sample-2
True,1,1.106,,,5.71,B/91,5.71,True,False,,,,,,12,A:96;B:151;L:1,sumo2_k33_xisok_ube2w,seed-20_sample-3,sumo2_k33_xisok_ube2w/seed-20_sample-3/model.cif,0.32,0.65,0.43,,,,,sumo2_k33_xisok_ube2w,True,seed-20_sample-3
True,1,1.147,,,6.465,B/91,6.465,True,False,,,,,,16,A:96;B:151;L:1,sumo2_k33_xisok_ube2w,seed-20_sample-4,sumo2_k33_xisok_ube2w/seed-20_sample-4/model.cif,0.44,0.7,0.52,,,,,sumo2_k33_xisok_ube2w,True,seed-20_sample-4
True,1,1.096,,,6.192,B/91,6.192,True,False,,,,,,16,A:96;B:151;L:1,sumo2_k33_xisok_ube2w,seed-2_sample-0,sumo2_k33_xisok_ube2w/seed-2_sample-0/model.cif,0.35,0.65,0.46,,,,,sumo2_k33_xisok_ube2w,True,seed-2_sample-0
True,1,1.097,,,5.628,B/91,5.628,True,False,,,,,,13,A:96;B:151;L:1,sumo2_k33_xisok_ube2w,seed-2_sample-1,sumo2_k33_xisok_ube2w/seed-2_sample-1/model.cif,0.41,0.66,0.5,,,,,sumo2_k33_xisok_ube2w,True,seed-2_sample-1
True,1,1.104,,,4.969,B/91,4.969,True,False,,,,,,13,A:96;B:151;L:1,sumo2_k33_xisok_ube2w,seed-2_sample-2,sumo2_k33_xisok_ube2w/seed-2_sample-2/model.cif,0.3,0.62,0.38,,,,,sumo2_k33_xisok_ube2w,True,seed-2_sample-2
True,1,1.105,,,3.786,B/91,3.786,True,True,,,,,,13,A:96;B:151;L:1,sumo2_k33_xisok_ube2w,seed-2_sample-3,sumo2_k33_xisok_ube2w/seed-2_sample-3/model.cif,0.49,0.68,0.58,,,,,sumo2_k33_xisok_ube2w,True,seed-2_sample-3
True,1,1.116,,,5.441,B/91,5.441,True,False,,,,,,15,A:96;B:151;L:1,sumo2_k33_xisok_ube2w,seed-2_sample-4,sumo2_k33_xisok_ube2w/seed-2_sample-4/model.cif,0.33,0.64,0.43,,,,,sumo2_k33_xisok_ube2w,True,seed-2_sample-4
True,1,1.069,,,3.985,B/91,3.985,True,True,,,,,,15,A:96;B:151;L:1,sumo2_k33_xisok_ube2w,seed-3_sample-0,sumo2_k33_xisok_ube2w/seed-3_sample-0/model.cif,0.33,0.65,0.45,,,,,sumo2_k33_xisok_ube2w,True,seed-3_sample-0
True,1,1.076,,,4.551,B/91,4.551,True,False,,,,,,9,A:96;B:151;L:1,sumo2_k33_xisok_ube2w,seed-3_sample-1,sumo2_k33_xisok_ube2w/seed-3_sample-1/model.cif,0.35,0.65,0.46,,,,,sumo2_k33_xisok_ube2w,True,seed-3_sample-1
True,1,1.093,,,6.213,B/91,6.213,True,False,,,,,,12,A:96;B:151;L:1,sumo2_k33_xisok_ube2w,seed-3_sample-2,sumo2_k33_xisok_ube2w/seed-3_sample-2/model.cif,0.38,0.66,0.48,,,,,sumo2_k33_xisok_ube2w,True,seed-3_sample-2
True,1,1.103,,,4.331,B/91,4.331,True,False,,,,,,14,A:96;B:151;L:1,sumo2_k33_xisok_ube2w,seed-3_sample-3,sumo2_k33_xisok_ube2w/seed-3_sample-3/model.cif,0.43,0.64,0.54,,,,,sumo2_k33_xisok_ube2w,True,seed-3_sample-3
True,1,1.135,,,6.118,B/91,6.118,True,False,,,,,,14,A:96;B:151;L:1,sumo2_k33_xisok_ube2w,seed-3_sample-4,sumo2_k33_xisok_ube2w/seed-3_sample-4/model.cif,0.32,0.64,0.44,,,,,sumo2_k33_xisok_ube2w,True,seed-3_sample-4
True,1,0.836,,,3.544,B/91,3.544,True,True,,,,,,10,A:96;B:151;L:1,sumo2_k33_xisok_ube2w,seed-4_sample-0,sumo2_k33_xisok_ube2w/seed-4_sample-0/model.cif,0.28,0.63,0.41,,,,,sumo2_k33_xisok_ube2w,True,seed-4_sample-0
True,1,1.104,,,3.902,B/91,3.902,True,True,,,,,,12,A:96;B:151;L:1,sumo2_k33_xisok_ube2w,seed-4_sample-1,sumo2_k33_xisok_ube2w/seed-4_sample-1/model.cif,0.32,0.64,0.43,,,,,sumo2_k33_xisok_ube2w,True,seed-4_sample-1
True,1,1.036,,,5.972,B/91,5.972,True,False,,,,,,13,A:96;B:151;L:1,sumo2_k33_xisok_ube2w,seed-4_sample-2,sumo2_k33_xisok_ube2w/seed-4_sample-2/model.cif,0.4,0.66,0.49,,,,,sumo2_k33_xisok_ube2w,True,seed-4_sample-2
True,1,1.086,,,5.562,B/91,5.562,True,False,,,,,,11,A:96;B:151;L:1,sumo2_k33_xisok_ube2w,seed-4_sample-3,sumo2_k33_xisok_ube2w/seed-4_sample-3/model.cif,0.29,0.62,0.4,,,,,sumo2_k33_xisok_ube2w,True,seed-4_sample-3
True,1,0.817,,,4.326,B/91,4.326,True,False,,,,,,20,A:96;B:151;L:1,sumo2_k33_xisok_ube2w,seed-4_sample-4,sumo2_k33_xisok_ube2w/seed-4_sample-4/model.cif,0.35,0.65,0.45,,,,,sumo2_k33_xisok_ube2w,True,seed-4_sample-4
True,1,1.129,,,3.744,B/91,3.744,True,True,,,,,,18,A:96;B:151;L:1,sumo2_k33_xisok_ube2w,seed-5_sample-0,sumo2_k33_xisok_ube2w/seed-5_sample-0/model.cif,0.31,0.64,0.43,,,,,sumo2_k33_xisok_ube2w,True,seed-5_sample-0
True,1,1.123,,,3.11,B/91,3.11,True,True,,,,,,12,A:96;B:151;L:1,sumo2_k33_xisok_ube2w,seed-5_sample-1,sumo2_k33_xisok_ube2w/seed-5_sample-1/model.cif,0.43,0.65,0.53,,,,,sumo2_k33_xisok_ube2w,True,seed-5_sample-1
True,1,1.199,,,4.776,B/91,4.776,True,False,,,,,,13,A:96;B:151;L:1,sumo2_k33_xisok_ube2w,seed-5_sample-2,sumo2_k33_xisok_ube2w/seed-5_sample-2/model.cif,0.41,0.67,0.48,,,,,sumo2_k33_xisok_ube2w,True,seed-5_sample-2
True,1,1.17,,,6.759,B/91,6.759,True,False,,,,,,11,A:96;B:151;L:1,sumo2_k33_xisok_ube2w,seed-5_sample-3,sumo2_k33_xisok_ube2w/seed-5_sample-3/model.cif,0.44,0.65,0.5,,,,,sumo2_k33_xisok_ube2w,True,seed-5_sample-3
True,1,1.04,,,4.781,B/91,4.781,True,False,,,,,,11,A:96;B:151;L:1,sumo2_k33_xisok_ube2w,seed-5_sample-4,sumo2_k33_xisok_ube2w/seed-5_sample-4/model.cif,0.32,0.62,0.4,,,,,sumo2_k33_xisok_ube2w,True,seed-5_sample-4
True,1,1.153,,,5.34,B/91,5.34,True,False,,,,,,18,A:96;B:151;L:1,sumo2_k33_xisok_ube2w,seed-6_sample-0,sumo2_k33_xisok_ube2w/seed-6_sample-0/model.cif,0.32,0.65,0.43,,,,,sumo2_k33_xisok_ube2w,True,seed-6_sample-0
True,1,0.865,,,2.384,B/91,2.384,True,True,,,,,,10,A:96;B:151;L:1,sumo2_k33_xisok_ube2w,seed-6_sample-1,sumo2_k33_xisok_ube2w/seed-6_sample-1/model.cif,0.27,0.62,0.37,,,,,sumo2_k33_xisok_ube2w,True,seed-6_sample-1
True,1,1.041,,,4.681,B/91,4.681,True,False,,,,,,17,A:96;B:151;L:1,sumo2_k33_xisok_ube2w,seed-6_sample-2,sumo2_k33_xisok_ube2w/seed-6_sample-2/model.cif,0.35,0.64,0.46,,,,,sumo2_k33_xisok_ube2w,True,seed-6_sample-2
True,1,1.116,,,5.53,B/91,5.53,True,False,,,,,,11,A:96;B:151;L:1,sumo2_k33_xisok_ube2w,seed-6_sample-3,sumo2_k33_xisok_ube2w/seed-6_sample-3/model.cif,0.3,0.64,0.39,,,,,sumo2_k33_xisok_ube2w,True,seed-6_sample-3
True,1,1.052,,,2.539,B/91,2.539,True,True,,,,,,21,A:96;B:151;L:1,sumo2_k33_xisok_ube2w,seed-6_sample-4,sumo2_k33_xisok_ube2w/seed-6_sample-4/model.cif,0.28,0.61,0.37,,,,,sumo2_k33_xisok_ube2w,True,seed-6_sample-4
True,1,1.083,,,4.907,B/91,4.907,True,False,,,,,,13,A:96;B:151;L:1,sumo2_k33_xisok_ube2w,seed-7_sample-0,sumo2_k33_xisok_ube2w/seed-7_sample-0/model.cif,0.35,0.64,0.45,,,,,sumo2_k33_xisok_ube2w,True,seed-7_sample-0
True,1,1.034,,,4.964,B/91,4.964,True,False,,,,,,14,A:96;B:151;L:1,sumo2_k33_xisok_ube2w,seed-7_sample-1,sumo2_k33_xisok_ube2w/seed-7_sample-1/model.cif,0.32,0.63,0.43,,,,,sumo2_k33_xisok_ube2w,True,seed-7_sample-1
True,1,1.107,,,5.555,B/91,5.555,True,False,,,,,,9,A:96;B:151;L:1,sumo2_k33_xisok_ube2w,seed-7_sample-2,sumo2_k33_xisok_ube2w/seed-7_sample-2/model.cif,0.37,0.67,0.48,,,,,sumo2_k33_xisok_ube2w,True,seed-7_sample-2
True,1,1.064,,,5.002,B/91,5.002,True,False,,,,,,13,A:96;B:151;L:1,sumo2_k33_xisok_ube2w,seed-7_sample-3,sumo2_k33_xisok_ube2w/seed-7_sample-3/model.cif,0.37,0.67,0.47,,,,,sumo2_k33_xisok_ube2w,True,seed-7_sample-3
True,1,1.129,,,5.195,B/91,5.195,True,False,,,,,,12,A:96;B:151;L:1,sumo2_k33_xisok_ube2w,seed-7_sample-4,sumo2_k33_xisok_ube2w/seed-7_sample-4/model.cif,0.32,0.65,0.42,,,,,sumo2_k33_xisok_ube2w,True,seed-7_sample-4
True,1,0.859,,,5.026,B/91,5.026,True,False,,,,,,8,A:96;B:151;L:1,sumo2_k33_xisok_ube2w,seed-8_sample-0,sumo2_k33_xisok_ube2w/seed-8_sample-0/model.cif,0.29,0.63,0.42,,,,,sumo2_k33_xisok_ube2w,True,seed-8_sample-0
True,1,0.624,,,3.535,B/91,3.535,True,True,,,,,,10,A:96;B:151;L:1,sumo2_k33_xisok_ube2w,seed-8_sample-1,sumo2_k33_xisok_ube2w/seed-8_sample-1/model.cif,0.32,0.64,0.42,,,,,sumo2_k33_xisok_ube2w,True,seed-8_sample-1
True,1,1.167,,,5.885,B/91,5.885,True,False,,,,,,12,A:96;B:151;L:1,sumo2_k33_xisok_ube2w,seed-8_sample-2,sumo2_k33_xisok_ube2w/seed-8_sample-2/model.cif,0.39,0.67,0.48,,,,,sumo2_k33_xisok_ube2w,True,seed-8_sample-2
True,1,1.102,,,3.901,B/91,3.901,True,True,,,,,,12,A:96;B:151;L:1,sumo2_k33_xisok_ube2w,seed-8_sample-3,sumo2_k33_xisok_ube2w/seed-8_sample-3/model.cif,0.31,0.63,0.39,,,,,sumo2_k33_xisok_ube2w,True,seed-8_sample-3
True,1,1.009,,,4.148,B/91,4.148,True,False,,,,,,12,A:96;B:151;L:1,sumo2_k33_xisok_ube2w,seed-8_sample-4,sumo2_k33_xisok_ube2w/seed-8_sample-4/model.cif,0.28,0.61,0.39,,,,,sumo2_k33_xisok_ube2w,True,seed-8_sample-4
True,1,1.142,,,7.877,B/91,7.877,True,False,,,,,,11,A:96;B:151;L:1,sumo2_k33_xisok_ube2w,seed-9_sample-0,sumo2_k33_xisok_ube2w/seed-9_sample-0/model.cif,0.35,0.64,0.44,,,,,sumo2_k33_xisok_ube2w,True,seed-9_sample-0
True,1,1.026,,,5.263,B/91,5.263,True,False,,,,,,12,A:96;B:151;L:1,sumo2_k33_xisok_ube2w,seed-9_sample-1,sumo2_k33_xisok_ube2w/seed-9_sample-1/model.cif,0.31,0.64,0.41,,,,,sumo2_k33_xisok_ube2w,True,seed-9_sample-1
True,1,1.102,,,5.895,B/91,5.895,True,False,,,,,,18,A:96;B:151;L:1,sumo2_k33_xisok_ube2w,seed-9_sample-2,sumo2_k33_xisok_ube2w/seed-9_sample-2/model.cif,0.35,0.66,0.44,,,,,sumo2_k33_xisok_ube2w,True,seed-9_sample-2
True,1,1.182,,,3.193,B/91,3.193,True,True,,,,,,14,A:96;B:151;L:1,sumo2_k33_xisok_ube2w,seed-9_sample-3,sumo2_k33_xisok_ube2w/seed-9_sample-3/model.cif,0.31,0.62,0.4,,,,,sumo2_k33_xisok_ube2w,True,seed-9_sample-3
True,1,1.199,,,5.131,B/91,5.131,True,False,,,,,,21,A:96;B:151;L:1,sumo2_k33_xisok_ube2w,seed-9_sample-4,sumo2_k33_xisok_ube2w/seed-9_sample-4/model.cif,0.37,0.65,0.46,,,,,sumo2_k33_xisok_ube2w,True,seed-9_sample-4
True,1,0.843,,,4.68,B/91,4.68,True,False,,,,,,15,A:96;B:151;L:1,sumo2_k35_xisok_ube2w,seed-10_sample-0,sumo2_k35_xisok_ube2w/seed-10_sample-0/model.cif,0.23,0.59,0.35,,,,,sumo2_k35_xisok_ube2w,True,seed-10_sample-0
True,1,0.917,,,12.666,B/151,1.632,False,False,,,,,,7,A:96;B:151;L:1,sumo2_k35_xisok_ube2w,seed-10_sample-1,sumo2_k35_xisok_ube2w/seed-10_sample-1/model.cif,0.15,0.56,0.26,,,,,sumo2_k35_xisok_ube2w,True,seed-10_sample-1
True,1,1.043,,,5.942,B/151,4.696,False,False,,,,,,12,A:96;B:151;L:1,sumo2_k35_xisok_ube2w,seed-10_sample-2,sumo2_k35_xisok_ube2w/seed-10_sample-2/model.cif,0.18,0.57,0.3,,,,,sumo2_k35_xisok_ube2w,True,seed-10_sample-2
True,1,1.099,,,5.069,B/91,5.069,True,False,,,,,,16,A:96;B:151;L:1,sumo2_k35_xisok_ube2w,seed-10_sample-3,sumo2_k35_xisok_ube2w/seed-10_sample-3/model.cif,0.24,0.6,0.33,,,,,sumo2_k35_xisok_ube2w,True,seed-10_sample-3
True,1,1.03,,,4.594,B/91,4.594,True,False,,,,,,11,A:96;B:151;L:1,sumo2_k35_xisok_ube2w,seed-10_sample-4,sumo2_k35_xisok_ube2w/seed-10_sample-4/model.cif,0.22,0.59,0.32,,,,,sumo2_k35_xisok_ube2w,True,seed-10_sample-4
True,1,0.994,,,5.841,B/91,5.841,True,False,,,,,,21,A:96;B:151;L:1,sumo2_k35_xisok_ube2w,seed-11_sample-0,sumo2_k35_xisok_ube2w/seed-11_sample-0/model.cif,0.23,0.59,0.34,,,,,sumo2_k35_xisok_ube2w,True,seed-11_sample-0
True,1,1.084,,,5.093,B/91,5.093,True,False,,,,,,17,A:96;B:151;L:1,sumo2_k35_xisok_ube2w,seed-11_sample-1,sumo2_k35_xisok_ube2w/seed-11_sample-1/model.cif,0.25,0.61,0.34,,,,,sumo2_k35_xisok_ube2w,True,seed-11_sample-1
True,1,1.194,,,8.443,B/151,2.268,False,False,,,,,,10,A:96;B:151;L:1,sumo2_k35_xisok_ube2w,seed-11_sample-2,sumo2_k35_xisok_ube2w/seed-11_sample-2/model.cif,0.16,0.56,0.3,,,,,sumo2_k35_xisok_ube2w,True,seed-11_sample-2
True,1,1.122,,,3.505,B/91,3.505,True,True,,,,,,11,A:96;B:151;L:1,sumo2_k35_xisok_ube2w,seed-11_sample-3,sumo2_k35_xisok_ube2w/seed-11_sample-3/model.cif,0.21,0.58,0.32,,,,,sumo2_k35_xisok_ube2w,True,seed-11_sample-3
True,1,1.126,,,20.854,B/151,4.792,False,False,,,,,,17,A:96;B:151;L:1,sumo2_k35_xisok_ube2w,seed-11_sample-4,sumo2_k35_xisok_ube2w/seed-11_sample-4/model.cif,0.22,0.58,0.3,,,,,sumo2_k35_xisok_ube2w,True,seed-11_sample-4
True,1,1.021,,,5.254,B/91,5.254,True,False,,,,,,21,A:96;B:151;L:1,sumo2_k35_xisok_ube2w,seed-12_sample-0,sumo2_k35_xisok_ube2w/seed-12_sample-0/model.cif,0.21,0.58,0.33,,,,,sumo2_k35_xisok_ube2w,True,seed-12_sample-0
True,1,1.063,,,5.98,B/91,5.98,True,False,,,,,,21,A:96;B:151;L:1,sumo2_k35_xisok_ube2w,seed-12_sample-1,sumo2_k35_xisok_ube2w/seed-12_sample-1/model.cif,0.19,0.58,0.3,,,,,sumo2_k35_xisok_ube2w,True,seed-12_sample-1
True,1,1.018,,,5.857,B/91,5.857,True,False,,,,,,20,A:96;B:151;L:1,sumo2_k35_xisok_ube2w,seed-12_sample-2,sumo2_k35_xisok_ube2w/seed-12_sample-2/model.cif,0.19,0.58,0.29,,,,,sumo2_k35_xisok_ube2w,True,seed-12_sample-2
True,1,1.156,,,3.603,B/91,3.603,True,True,,,,,,15,A:96;B:151;L:1,sumo2_k35_xisok_ube2w,seed-12_sample-3,sumo2_k35_xisok_ube2w/seed-12_sample-3/model.cif,0.16,0.56,0.24,,,,,sumo2_k35_xisok_ube2w,True,seed-12_sample-3
True,1,1.042,,,4.669,B/91,4.669,True,False,,,,,,15,A:96;B:151;L:1,sumo2_k35_xisok_ube2w,seed-12_sample-4,sumo2_k35_xisok_ube2w/seed-12_sample-4/model.cif,0.19,0.58,0.3,,,,,sumo2_k35_xisok_ube2w,True,seed-12_sample-4
True,1,0.929,,,3.207,B/91,3.207,True,True,,,,,,16,A:96;B:151;L:1,sumo2_k35_xisok_ube2w,seed-13_sample-0,sumo2_k35_xisok_ube2w/seed-13_sample-0/model.cif,0.27,0.61,0.36,,,,,sumo2_k35_xisok_ube2w,True,seed-13_sample-0
True,1,1.069,,,2.971,B/91,2.971,True,True,,,,,,13,A:96;B:151;L:1,sumo2_k35_xisok_ube2w,seed-13_sample-1,sumo2_k35_xisok_ube2w/seed-13_sample-1/model.cif,0.25,0.6,0.36,,,,,sumo2_k35_xisok_ube2w,True,seed-13_sample-1
True,1,1.152,,,5.607,B/91,5.607,True,False,,,,,,15,A:96;B:151;L:1,sumo2_k35_xisok_ube2w,seed-13_sample-2,sumo2_k35_xisok_ube2w/seed-13_sample-2/model.cif,0.24,0.6,0.33,,,,,sumo2_k35_xisok_ube2w,True,seed-13_sample-2
True,1,0.972,,,3.995,B/91,3.995,True,True,,,,,,7,A:96;B:151;L:1,sumo2_k35_xisok_ube2w,seed-13_sample-3,sumo2_k35_xisok_ube2w/seed-13_sample-3/model.cif,0.25,0.6,0.35,,,,,sumo2_k35_xisok_ube2w,True,seed-13_sample-3
True,1,1.17,,,5.367,B/91,5.367,True,False,,,,,,17,A:96;B:151;L:1,sumo2_k35_xisok_ube2w,seed-13_sample-4,sumo2_k35_xisok_ube2w/seed-13_sample-4/model.cif,0.24,0.6,0.35,,,,,sumo2_k35_xisok_ube2w,True,seed-13_sample-4
True,1,0.858,,,5.859,B/91,5.859,True,False,,,,,,13,A:96;B:151;L:1,sumo2_k35_xisok_ube2w,seed-14_sample-0,sumo2_k35_xisok_ube2w/seed-14_sample-0/model.cif,0.23,0.6,0.35,,,,,sumo2_k35_xisok_ube2w,True,seed-14_sample-0
True,1,1.14,,,9.621,B/151,9.189,False,False,,,,,,15,A:96;B:151;L:1,sumo2_k35_xisok_ube2w,seed-14_sample-1,sumo2_k35_xisok_ube2w/seed-14_sample-1/model.cif,0.18,0.58,0.28,,,,,sumo2_k35_xisok_ube2w,True,seed-14_sample-1
True,1,0.88,,,2.13,B/91,2.13,True,True,,,,,,12,A:96;B:151;L:1,sumo2_k35_xisok_ube2w,seed-14_sample-2,sumo2_k35_xisok_ube2w/seed-14_sample-2/model.cif,0.25,0.6,0.35,,,,,sumo2_k35_xisok_ube2w,True,seed-14_sample-2
True,1,1.201,,,20.079,B/151,6.389,False,False,,,,,,17,A:96;B:151;L:1,sumo2_k35_xisok_ube2w,seed-14_sample-3,sumo2_k35_xisok_ube2w/seed-14_sample-3/model.cif,0.14,0.57,0.26,,,,,sumo2_k35_xisok_ube2w,True,seed-14_sample-3
True,1,0.95,,,3.682,B/91,3.682,True,True,,,,,,17,A:96;B:151;L:1,sumo2_k35_xisok_ube2w,seed-14_sample-4,sumo2_k35_xisok_ube2w/seed-14_sample-4/model.cif,0.23,0.6,0.32,,,,,sumo2_k35_xisok_ube2w,True,seed-14_sample-4
True,1,1.153,,,7.643,B/91,7.643,True,False,,,,,,13,A:96;B:151;L:1,sumo2_k35_xisok_ube2w,seed-15_sample-0,sumo2_k35_xisok_ube2w/seed-15_sample-0/model.cif,0.18,0.58,0.27,,,,,sumo2_k35_xisok_ube2w,True,seed-15_sample-0
True,1,1.103,,,3.916,B/91,3.916,True,True,,,,,,20,A:96;B:151;L:1,sumo2_k35_xisok_ube2w,seed-15_sample-1,sumo2_k35_xisok_ube2w/seed-15_sample-1/model.cif,0.22,0.59,0.32,,,,,sumo2_k35_xisok_ube2w,True,seed-15_sample-1
True,1,0.893,,,1.969,B/91,1.969,True,True,,,,,,19,A:96;B:151;L:1,sumo2_k35_xisok_ube2w,seed-15_sample-2,sumo2_k35_xisok_ube2w/seed-15_sample-2/model.cif,0.22,0.59,0.34,,,,,sumo2_k35_xisok_ube2w,True,seed-15_sample-2
True,1,0.891,,,2.022,B/91,2.022,True,True,,,,,,17,A:96;B:151;L:1,sumo2_k35_xisok_ube2w,seed-15_sample-3,sumo2_k35_xisok_ube2w/seed-15_sample-3/model.cif,0.24,0.6,0.33,,,,,sumo2_k35_xisok_ube2w,True,seed-15_sample-3
True,1,0.986,,,5.071,B/91,5.071,True,False,,,,,,11,A:96;B:151;L:1,sumo2_k35_xisok_ube2w,seed-15_sample-4,sumo2_k35_xisok_ube2w/seed-15_sample-4/model.cif,0.19,0.57,0.31,,,,,sumo2_k35_xisok_ube2w,True,seed-15_sample-4
True,1,0.744,,,2.875,B/91,2.875,True,True,,,,,,12,A:96;B:151;L:1,sumo2_k35_xisok_ube2w,seed-16_sample-0,sumo2_k35_xisok_ube2w/seed-16_sample-0/model.cif,0.24,0.6,0.36,,,,,sumo2_k35_xisok_ube2w,True,seed-16_sample-0
True,1,1.102,,,2.889,B/91,2.889,True,True,,,,,,17,A:96;B:151;L:1,sumo2_k35_xisok_ube2w,seed-16_sample-1,sumo2_k35_xisok_ube2w/seed-16_sample-1/model.cif,0.23,0.59,0.34,,,,,sumo2_k35_xisok_ube2w,True,seed-16_sample-1
True,1,1.118,,,4.436,B/91,4.436,True,False,,,,,,17,A:96;B:151;L:1,sumo2_k35_xisok_ube2w,seed-16_sample-2,sumo2_k35_xisok_ube2w/seed-16_sample-2/model.cif,0.22,0.59,0.31,,,,,sumo2_k35_xisok_ube2w,True,seed-16_sample-2
True,1,1.055,,,3.201,B/91,3.201,True,True,,,,,,17,A:96;B:151;L:1,sumo2_k35_xisok_ube2w,seed-16_sample-3,sumo2_k35_xisok_ube2w/seed-16_sample-3/model.cif,0.24,0.59,0.33,,,,,sumo2_k35_xisok_ube2w,True,seed-16_sample-3
True,1,0.987,,,3.203,B/91,3.203,True,True,,,,,,18,A:96;B:151;L:1,sumo2_k35_xisok_ube2w,seed-16_sample-4,sumo2_k35_xisok_ube2w/seed-16_sample-4/model.cif,0.21,0.58,0.32,,,,,sumo2_k35_xisok_ube2w,True,seed-16_sample-4
True,1,0.973,,,3.591,B/91,3.591,True,True,,,,,,13,A:96;B:151;L:1,sumo2_k35_xisok_ube2w,seed-17_sample-0,sumo2_k35_xisok_ube2w/seed-17_sample-0/model.cif,0.25,0.59,0.35,,,,,sumo2_k35_xisok_ube2w,True,seed-17_sample-0
True,1,0.924,,,4.039,B/91,4.039,True,False,,,,,,11,A:96;B:151;L:1,sumo2_k35_xisok_ube2w,seed-17_sample-1,sumo2_k35_xisok_ube2w/seed-17_sample-1/model.cif,0.27,0.6,0.37,,,,,sumo2_k35_xisok_ube2w,True,seed-17_sample-1
True,1,1.02,,,4.955,B/91,4.955,True,False,,,,,,13,A:96;B:151;L:1,sumo2_k35_xisok_ube2w,seed-17_sample-2,sumo2_k35_xisok_ube2w/seed-17_sample-2/model.cif,0.25,0.6,0.35,,,,,sumo2_k35_xisok_ube2w,True,seed-17_sample-2
True,1,1.156,,,5.531,B/91,5.531,True,False,,,,,,13,A:96;B:151;L:1,sumo2_k35_xisok_ube2w,seed-17_sample-3,sumo2_k35_xisok_ube2w/seed-17_sample-3/model.cif,0.27,0.61,0.36,,,,,sumo2_k35_xisok_ube2w,True,seed-17_sample-3
True,1,0.994,,,6.9,B/151,5.624,False,False,,,,,,13,A:96;B:151;L:1,sumo2_k35_xisok_ube2w,seed-17_sample-4,sumo2_k35_xisok_ube2w/seed-17_sample-4/model.cif,0.19,0.58,0.3,,,,,sumo2_k35_xisok_ube2w,True,seed-17_sample-4
True,1,1.054,,,3.812,B/91,3.812,True,True,,,,,,12,A:96;B:151;L:1,sumo2_k35_xisok_ube2w,seed-18_sample-0,sumo2_k35_xisok_ube2w/seed-18_sample-0/model.cif,0.23,0.59,0.33,,,,,sumo2_k35_xisok_ube2w,True,seed-18_sample-0
True,1,0.954,,,2.734,B/91,2.734,True,True,,,,,,18,A:96;B:151;L:1,sumo2_k35_xisok_ube2w,seed-18_sample-1,sumo2_k35_xisok_ube2w/seed-18_sample-1/model.cif,0.18,0.57,0.29,,,,,sumo2_k35_xisok_ube2w,True,seed-18_sample-1
True,1,1.094,,,3.847,B/91,3.847,True,True,,,,,,15,A:96;B:151;L:1,sumo2_k35_xisok_ube2w,seed-18_sample-2,sumo2_k35_xisok_ube2w/seed-18_sample-2/model.cif,0.27,0.61,0.36,,,,,sumo2_k35_xisok_ube2w,True,seed-18_sample-2
True,1,1.056,,,6.842,B/91,6.842,True,False,,,,,,17,A:96;B:151;L:1,sumo2_k35_xisok_ube2w,seed-18_sample-3,sumo2_k35_xisok_ube2w/seed-18_sample-3/model.cif,0.22,0.59,0.33,,,,,sumo2_k35_xisok_ube2w,True,seed-18_sample-3
True,1,0.978,,,4.327,B/91,4.327,True,False,,,,,,16,A:96;B:151;L:1,sumo2_k35_xisok_ube2w,seed-18_sample-4,sumo2_k35_xisok_ube2w/seed-18_sample-4/model.cif,0.27,0.61,0.36,,,,,sumo2_k35_xisok_ube2w,True,seed-18_sample-4
True,1,0.92,,,4.26,B/91,4.26,True,False,,,,,,13,A:96;B:151;L:1,sumo2_k35_xisok_ube2w,seed-19_sample-0,sumo2_k35_xisok_ube2w/seed-19_sample-0/model.cif,0.25,0.6,0.37,,,,,sumo2_k35_xisok_ube2w,True,seed-19_sample-0
True,1,0.866,,,2.756,B/151,1.61,False,True,,,,,,10,A:96;B:151;L:1,sumo2_k35_xisok_ube2w,seed-19_sample-1,sumo2_k35_xisok_ube2w/seed-19_sample-1/model.cif,0.25,0.6,0.36,,,,,sumo2_k35_xisok_ube2w,True,seed-19_sample-1
True,1,1.147,,,4.115,B/151,3.758,False,False,,,,,,7,A:96;B:151;L:1,sumo2_k35_xisok_ube2w,seed-19_sample-2,sumo2_k35_xisok_ube2w/seed-19_sample-2/model.cif,0.27,0.62,0.35,,,,,sumo2_k35_xisok_ube2w,True,seed-19_sample-2
True,1,0.927,,,3.479,B/151,3.208,False,True,,,,,,18,A:96;B:151;L:1,sumo2_k35_xisok_ube2w,seed-19_sample-3,sumo2_k35_xisok_ube2w/seed-19_sample-3/model.cif,0.3,0.62,0.4,,,,,sumo2_k35_xisok_ube2w,True,seed-19_sample-3
True,1,1.164,,,7.488,B/151,6.0,False,False,,,,,,11,A:96;B:151;L:1,sumo2_k35_xisok_ube2w,seed-19_sample-4,sumo2_k35_xisok_ube2w/seed-19_sample-4/model.cif,0.2,0.59,0.28,,,,,sumo2_k35_xisok_ube2w,True,seed-19_sample-4
True,1,0.963,,,6.193,B/91,6.193,True,False,,,,,,16,A:96;B:151;L:1,sumo2_k35_xisok_ube2w,seed-1_sample-0,sumo2_k35_xisok_ube2w/seed-1_sample-0/model.cif,0.19,0.58,0.3,,,,,sumo2_k35_xisok_ube2w,True,seed-1_sample-0
True,1,1.111,,,3.612,B/91,3.612,True,True,,,,,,18,A:96;B:151;L:1,sumo2_k35_xisok_ube2w,seed-1_sample-1,sumo2_k35_xisok_ube2w/seed-1_sample-1/model.cif,0.22,0.58,0.32,,,,,sumo2_k35_xisok_ube2w,True,seed-1_sample-1
True,1,1.142,,,5.323,B/91,5.323,True,False,,,,,,11,A:96;B:151;L:1,sumo2_k35_xisok_ube2w,seed-1_sample-2,sumo2_k35_xisok_ube2w/seed-1_sample-2/model.cif,0.21,0.59,0.32,,,,,sumo2_k35_xisok_ube2w,True,seed-1_sample-2
True,1,1.194,,,6.491,B/91,6.491,True,False,,,,,,19,A:96;B:151;L:1,sumo2_k35_xisok_ube2w,seed-1_sample-3,sumo2_k35_xisok_ube2w/seed-1_sample-3/model.cif,0.22,0.59,0.34,,,,,sumo2_k35_xisok_ube2w,True,seed-1_sample-3
True,1,1.04,,,19.488,B/151,19.033,False,False,,,,,,8,A:96;B:151;L:1,sumo2_k35_xisok_ube2w,seed-1_sample-4,sumo2_k35_xisok_ube2w/seed-1_sample-4/model.cif,0.14,0.55,0.27,,,,,sumo2_k35_xisok_ube2w,True,seed-1_sample-4
True,1,1.158,,,5.359,B/91,5.359,True,False,,,,,,16,A:96;B:151;L:1,sumo2_k35_xisok_ube2w,seed-20_sample-0,sumo2_k35_xisok_ube2w/seed-20_sample-0/model.cif,0.24,0.61,0.35,,,,,sumo2_k35_xisok_ube2w,True,seed-20_sample-0
True,1,1.125,,,4.31,B/91,4.31,True,False,,,,,,17,A:96;B:151;L:1,sumo2_k35_xisok_ube2w,seed-20_sample-1,sumo2_k35_xisok_ube2w/seed-20_sample-1/model.cif,0.27,0.61,0.39,,,,,sumo2_k35_xisok_ube2w,True,seed-20_sample-1
True,1,1.139,,,2.972,B/91,2.972,True,True,,,,,,21,A:96;B:151;L:1,sumo2_k35_xisok_ube2w,seed-20_sample-2,sumo2_k35_xisok_ube2w/seed-20_sample-2/model.cif,0.23,0.59,0.33,,,,,sumo2_k35_xisok_ube2w,True,seed-20_sample-2
True,1,0.962,,,2.819,B/91,2.819,True,True,,,,,,12,A:96;B:151;L:1,sumo2_k35_xisok_ube2w,seed-20_sample-3,sumo2_k35_xisok_ube2w/seed-20_sample-3/model.cif,0.22,0.59,0.34,,,,,sumo2_k35_xisok_ube2w,True,seed-20_sample-3
True,1,0.892,,,3.634,B/91,3.634,True,True,,,,,,7,A:96;B:151;L:1,sumo2_k35_xisok_ube2w,seed-20_sample-4,sumo2_k35_xisok_ube2w/seed-20_sample-4/model.cif,0.19,0.58,0.29,,,,,sumo2_k35_xisok_ube2w,True,seed-20_sample-4
True,1,1.144,,,5.755,B/91,5.755,True,False,,,,,,14,A:96;B:151;L:1,sumo2_k35_xisok_ube2w,seed-2_sample-0,sumo2_k35_xisok_ube2w/seed-2_sample-0/model.cif,0.29,0.62,0.38,,,,,sumo2_k35_xisok_ube2w,True,seed-2_sample-0
True,1,1.074,,,4.881,B/91,4.881,True,False,,,,,,17,A:96;B:151;L:1,sumo2_k35_xisok_ube2w,seed-2_sample-1,sumo2_k35_xisok_ube2w/seed-2_sample-1/model.cif,0.25,0.61,0.32,,,,,sumo2_k35_xisok_ube2w,True,seed-2_sample-1
True,1,0.914,,,6.135,B/91,6.135,True,False,,,,,,16,A:96;B:151;L:1,sumo2_k35_xisok_ube2w,seed-2_sample-2,sumo2_k35_xisok_ube2w/seed-2_sample-2/model.cif,0.28,0.62,0.39,,,,,sumo2_k35_xisok_ube2w,True,seed-2_sample-2
True,1,0.929,,,4.471,B/151,3.637,False,False,,,,,,11,A:96;B:151;L:1,sumo2_k35_xisok_ube2w,seed-2_sample-3,sumo2_k35_xisok_ube2w/seed-2_sample-3/model.cif,0.24,0.6,0.35,,,,,sumo2_k35_xisok_ube2w,True,seed-2_sample-3
True,1,1.107,,,3.326,B/91,3.326,True,True,,,,,,10,A:96;B:151;L:1,sumo2_k35_xisok_ube2w,seed-2_sample-4,sumo2_k35_xisok_ube2w/seed-2_sample-4/model.cif,0.28,0.61,0.36,,,,,sumo2_k35_xisok_ube2w,True,seed-2_sample-4
True,1,1.153,,,4.918,B/91,4.918,True,False,,,,,,18,A:96;B:151;L:1,sumo2_k35_xisok_ube2w,seed-3_sample-0,sumo2_k35_xisok_ube2w/seed-3_sample-0/model.cif,0.18,0.57,0.3,,,,,sumo2_k35_xisok_ube2w,True,seed-3_sample-0
True,1,0.932,,,3.157,B/91,3.157,True,True,,,,,,16,A:96;B:151;L:1,sumo2_k35_xisok_ube2w,seed-3_sample-1,sumo2_k35_xisok_ube2w/seed-3_sample-1/model.cif,0.18,0.57,0.28,,,,,sumo2_k35_xisok_ube2w,True,seed-3_sample-1
True,1,1.111,,,5.681,B/91,5.681,True,False,,,,,,16,A:96;B:151;L:1,sumo2_k35_xisok_ube2w,seed-3_sample-2,sumo2_k35_xisok_ube2w/seed-3_sample-2/model.cif,0.22,0.58,0.29,,,,,sumo2_k35_xisok_ube2w,True,seed-3_sample-2
True,1,1.019,,,4.351,B/91,4.351,True,False,,,,,,15,A:96;B:151;L:1,sumo2_k35_xisok_ube2w,seed-3_sample-3,sumo2_k35_xisok_ube2w/seed-3_sample-3/model.cif,0.19,0.57,0.3,,,,,sumo2_k35_xisok_ube2w,True,seed-3_sample-3
True,1,1.211,,,6.738,B/151,6.367,False,False,,,,,,15,A:96;B:151;L:1,sumo2_k35_xisok_ube2w,seed-3_sample-4,sumo2_k35_xisok_ube2w/seed-3_sample-4/model.cif,0.19,0.58,0.27,,,,,sumo2_k35_xisok_ube2w,True,seed-3_sample-4
True,1,0.962,,,3.142,B/91,3.142,True,True,,,,,,16,A:96;B:151;L:1,sumo2_k35_xisok_ube2w,seed-4_sample-0,sumo2_k35_xisok_ube2w/seed-4_sample-0/model.cif,0.25,0.6,0.36,,,,,sumo2_k35_xisok_ube2w,True,seed-4_sample-0
True,1,1.058,,,2.878,B/91,2.878,True,True,,,,,,17,A:96;B:151;L:1,sumo2_k35_xisok_ube2w,seed-4_sample-1,sumo2_k35_xisok_ube2w/seed-4_sample-1/model.cif,0.29,0.62,0.38,,,,,sumo2_k35_xisok_ube2w,True,seed-4_sample-1
True,1,1.087,,,5.943,B/91,5.943,True,False,,,,,,12,A:96;B:151;L:1,sumo2_k35_xisok_ube2w,seed-4_sample-2,sumo2_k35_xisok_ube2w/seed-4_sample-2/model.cif,0.21,0.58,0.29,,,,,sumo2_k35_xisok_ube2w,True,seed-4_sample-2
True,1,1.183,,,4.859,B/91,4.859,True,False,,,,,,17,A:96;B:151;L:1,sumo2_k35_xisok_ube2w,seed-4_sample-3,sumo2_k35_xisok_ube2w/seed-4_sample-3/model.cif,0.28,0.61,0.35,,,,,sumo2_k35_xisok_ube2w,True,seed-4_sample-3
True,1,1.039,,,5.155,B/91,5.155,True,False,,,,,,20,A:96;B:151;L:1,sumo2_k35_xisok_ube2w,seed-4_sample-4,sumo2_k35_xisok_ube2w/seed-4_sample-4/model.cif,0.33,0.63,0.44,,,,,sumo2_k35_xisok_ube2w,True,seed-4_sample-4
True,1,0.995,,,3.447,B/91,3.447,True,True,,,,,,12,A:96;B:151;L:1,sumo2_k35_xisok_ube2w,seed-5_sample-0,sumo2_k35_xisok_ube2w/seed-5_sample-0/model.cif,0.27,0.61,0.38,,,,,sumo2_k35_xisok_ube2w,True,seed-5_sample-0
True,1,1.079,,,4.534,B/91,4.534,True,False,,,,,,15,A:96;B:151;L:1,sumo2_k35_xisok_ube2w,seed-5_sample-1,sumo2_k35_xisok_ube2w/seed-5_sample-1/model.cif,0.2,0.58,0.3,,,,,sumo2_k35_xisok_ube2w,True,seed-5_sample-1
True,1,1.129,,,5.493,B/91,5.493,True,False,,,,,,12,A:96;B:151;L:1,sumo2_k35_xisok_ube2w,seed-5_sample-2,sumo2_k35_xisok_ube2w/seed-5_sample-2/model.cif,0.32,0.63,0.4,,,,,sumo2_k35_xisok_ube2w,True,seed-5_sample-2
True,1,1.199,,,3.37,B/91,3.37,True,True,,,,,,6,A:96;B:151;L:1,sumo2_k35_xisok_ube2w,seed-5_sample-3,sumo2_k35_xisok_ube2w/seed-5_sample-3/model.cif,0.29,0.61,0.41,,,,,sumo2_k35_xisok_ube2w,True,seed-5_sample-3
True,1,0.978,,,4.595,B/91,4.595,True,False,,,,,,15,A:96;B:151;L:1,sumo2_k35_xisok_ube2w,seed-5_sample-4,sumo2_k35_xisok_ube2w/seed-5_sample-4/model.cif,0.28,0.61,0.38,,,,,sumo2_k35_xisok_ube2w,True,seed-5_sample-4
True,1,1.028,,,5.03,B/91,5.03,True,False,,,,,,12,A:96;B:151;L:1,sumo2_k35_xisok_ube2w,seed-6_sample-0,sumo2_k35_xisok_ube2w/seed-6_sample-0/model.cif,0.22,0.58,0.32,,,,,sumo2_k35_xisok_ube2w,True,seed-6_sample-0
True,1,0.743,,,4.175,B/91,4.175,True,False,,,,,,14,A:96;B:151;L:1,sumo2_k35_xisok_ube2w,seed-6_sample-1,sumo2_k35_xisok_ube2w/seed-6_sample-1/model.cif,0.22,0.59,0.34,,,,,sumo2_k35_xisok_ube2w,True,seed-6_sample-1
True,1,1.0,,,3.42,B/91,3.42,True,True,,,,,,11,A:96;B:151;L:1,sumo2_k35_xisok_ube2w,seed-6_sample-2,sumo2_k35_xisok_ube2w/seed-6_sample-2/model.cif,0.3,0.62,0.41,,,,,sumo2_k35_xisok_ube2w,True,seed-6_sample-2
True,1,0.944,,,5.789,B/91,5.789,True,False,,,,,,12,A:96;B:151;L:1,sumo2_k35_xisok_ube2w,seed-6_sample-3,sumo2_k35_xisok_ube2w/seed-6_sample-3/model.cif,0.24,0.59,0.34,,,,,sumo2_k35_xisok_ube2w,True,seed-6_sample-3
True,1,0.977,,,5.218,B/91,5.218,True,False,,,,,,15,A:96;B:151;L:1,sumo2_k35_xisok_ube2w,seed-6_sample-4,sumo2_k35_xisok_ube2w/seed-6_sample-4/model.cif,0.26,0.6,0.36,,,,,sumo2_k35_xisok_ube2w,True,seed-6_sample-4
True,1,1.137,,,11.082,B/119,8.362,False,False,,,,,,10,A:96;B:151;L:1,sumo2_k35_xisok_ube2w,seed-7_sample-0,sumo2_k35_xisok_ube2w/seed-7_sample-0/model.cif,0.19,0.57,0.28,,,,,sumo2_k35_xisok_ube2w,True,seed-7_sample-0
True,1,0.816,,,3.232,B/91,3.232,True,True,,,,,,11,A:96;B:151;L:1,sumo2_k35_xisok_ube2w,seed-7_sample-1,sumo2_k35_xisok_ube2w/seed-7_sample-1/model.cif,0.2,0.58,0.3,,,,,sumo2_k35_xisok_ube2w,True,seed-7_sample-1
True,1,1.066,,,4.452,B/91,4.452,True,False,,,,,,7,A:96;B:151;L:1,sumo2_k35_xisok_ube2w,seed-7_sample-2,sumo2_k35_xisok_ube2w/seed-7_sample-2/model.cif,0.19,0.57,0.29,,,,,sumo2_k35_xisok_ube2w,True,seed-7_sample-2
True,1,0.874,,,4.284,B/91,4.284,True,False,,,,,,16,A:96;B:151;L:1,sumo2_k35_xisok_ube2w,seed-7_sample-3,sumo2_k35_xisok_ube2w/seed-7_sample-3/model.cif,0.17,0.57,0.28,,,,,sumo2_k35_xisok_ube2w,True,seed-7_sample-3
True,1,1.081,,,4.154,B/91,4.154,True,False,,,,,,19,A:96;B:151;L:1,sumo2_k35_xisok_ube2w,seed-7_sample-4,sumo2_k35_xisok_ube2w/seed-7_sample-4/model.cif,0.2,0.59,0.3,,,,,sumo2_k35_xisok_ube2w,True,seed-7_sample-4
True,1,1.066,,,4.62,B/151,4.424,False,False,,,,,,3,A:96;B:151;L:1,sumo2_k35_xisok_ube2w,seed-8_sample-0,sumo2_k35_xisok_ube2w/seed-8_sample-0/model.cif,0.26,0.61,0.38,,,,,sumo2_k35_xisok_ube2w,True,seed-8_sample-0
True,1,0.78,,,2.056,B/91,2.056,True,True,,,,,,12,A:96;B:151;L:1,sumo2_k35_xisok_ube2w,seed-8_sample-1,sumo2_k35_xisok_ube2w/seed-8_sample-1/model.cif,0.24,0.59,0.35,,,,,sumo2_k35_xisok_ube2w,True,seed-8_sample-1
True,1,1.138,,,5.158,B/91,5.158,True,False,,,,,,14,A:96;B:151;L:1,sumo2_k35_xisok_ube2w,seed-8_sample-2,sumo2_k35_xisok_ube2w/seed-8_sample-2/model.cif,0.24,0.6,0.31,,,,,sumo2_k35_xisok_ube2w,True,seed-8_sample-2
True,1,1.158,,,5.903,B/91,5.903,True,False,,,,,,11,A:96;B:151;L:1,sumo2_k35_xisok_ube2w,seed-8_sample-3,sumo2_k35_xisok_ube2w/seed-8_sample-3/model.cif,0.27,0.61,0.34,,,,,sumo2_k35_xisok_ube2w,True,seed-8_sample-3
True,1,1.11,,,5.306,B/91,5.306,True,False,,,,,,22,A:96;B:151;L:1,sumo2_k35_xisok_ube2w,seed-8_sample-4,sumo2_k35_xisok_ube2w/seed-8_sample-4/model.cif,0.2,0.58,0.29,,,,,sumo2_k35_xisok_ube2w,True,seed-8_sample-4
True,1,1.018,,,3.754,B/91,3.754,True,True,,,,,,10,A:96;B:151;L:1,sumo2_k35_xisok_ube2w,seed-9_sample-0,sumo2_k35_xisok_ube2w/seed-9_sample-0/model.cif,0.27,0.6,0.38,,,,,sumo2_k35_xisok_ube2w,True,seed-9_sample-0
True,1,0.994,,,3.314,B/91,3.314,True,True,,,,,,14,A:96;B:151;L:1,sumo2_k35_xisok_ube2w,seed-9_sample-1,sumo2_k35_xisok_ube2w/seed-9_sample-1/model.cif,0.27,0.61,0.36,,,,,sumo2_k35_xisok_ube2w,True,seed-9_sample-1
True,1,1.127,,,5.7,B/91,5.7,True,False,,,,,,24,A:96;B:151;L:1,sumo2_k35_xisok_ube2w,seed-9_sample-2,sumo2_k35_xisok_ube2w/seed-9_sample-2/model.cif,0.25,0.61,0.34,,,,,sumo2_k35_xisok_ube2w,True,seed-9_sample-2
True,1,0.949,,,2.9,B/91,2.9,True,True,,,,,,10,A:96;B:151;L:1,sumo2_k35_xisok_ube2w,seed-9_sample-3,sumo2_k35_xisok_ube2w/seed-9_sample-3/model.cif,0.23,0.59,0.34,,,,,sumo2_k35_xisok_ube2w,True,seed-9_sample-3
True,1,1.1,,,6.387,B/91,6.387,True,False,,,,,,18,A:96;B:151;L:1,sumo2_k35_xisok_ube2w,seed-9_sample-4,sumo2_k35_xisok_ube2w/seed-9_sample-4/model.cif,0.25,0.6,0.34,,,,,sumo2_k35_xisok_ube2w,True,seed-9_sample-4
True,1,0.95,,,4.733,B/91,4.733,True,False,,,,,,20,A:96;B:151;L:1,sumo2_k42_xisok_ube2w,seed-10_sample-0,sumo2_k42_xisok_ube2w/seed-10_sample-0/model.cif,0.29,0.62,0.4,,,,,sumo2_k42_xisok_ube2w,True,seed-10_sample-0
True,1,1.261,,,6.686,B/91,6.686,True,False,,,,,,13,A:96;B:151;L:1,sumo2_k42_xisok_ube2w,seed-10_sample-1,sumo2_k42_xisok_ube2w/seed-10_sample-1/model.cif,0.22,0.6,0.34,,,,,sumo2_k42_xisok_ube2w,True,seed-10_sample-1
True,1,1.056,,,6.065,B/91,6.065,True,False,,,,,,13,A:96;B:151;L:1,sumo2_k42_xisok_ube2w,seed-10_sample-2,sumo2_k42_xisok_ube2w/seed-10_sample-2/model.cif,0.33,0.63,0.43,,,,,sumo2_k42_xisok_ube2w,True,seed-10_sample-2
True,1,1.098,,,3.827,B/91,3.827,True,True,,,,,,15,A:96;B:151;L:1,sumo2_k42_xisok_ube2w,seed-10_sample-3,sumo2_k42_xisok_ube2w/seed-10_sample-3/model.cif,0.3,0.62,0.39,,,,,sumo2_k42_xisok_ube2w,True,seed-10_sample-3
True,1,0.98,,,3.83,B/91,3.83,True,True,,,,,,10,A:96;B:151;L:1,sumo2_k42_xisok_ube2w,seed-10_sample-4,sumo2_k42_xisok_ube2w/seed-10_sample-4/model.cif,0.27,0.61,0.38,,,,,sumo2_k42_xisok_ube2w,True,seed-10_sample-4
True,1,1.139,,,5.488,B/91,5.488,True,False,,,,,,16,A:96;B:151;L:1,sumo2_k42_xisok_ube2w,seed-11_sample-0,sumo2_k42_xisok_ube2w/seed-11_sample-0/model.cif,0.36,0.65,0.42,,,,,sumo2_k42_xisok_ube2w,True,seed-11_sample-0
True,1,1.191,,,6.157,B/91,6.157,True,False,,,,,,18,A:96;B:151;L:1,sumo2_k42_xisok_ube2w,seed-11_sample-1,sumo2_k42_xisok_ube2w/seed-11_sample-1/model.cif,0.2,0.58,0.3,,,,,sumo2_k42_xisok_ube2w,True,seed-11_sample-1
True,1,1.159,,,10.947,B/151,10.408,False,False,,,,,,12,A:96;B:151;L:1,sumo2_k42_xisok_ube2w,seed-11_sample-2,sumo2_k42_xisok_ube2w/seed-11_sample-2/model.cif,0.16,0.57,0.26,,,,,sumo2_k42_xisok_ube2w,True,seed-11_sample-2
True,1,1.154,,,2.907,B/91,2.907,True,True,,,,,,9,A:96;B:151;L:1,sumo2_k42_xisok_ube2w,seed-11_sample-3,sumo2_k42_xisok_ube2w/seed-11_sample-3/model.cif,0.23,0.59,0.35,,,,,sumo2_k42_xisok_ube2w,True,seed-11_sample-3
True,1,1.094,,,4.159,B/91,4.159,True,False,,,,,,17,A:96;B:151;L:1,sumo2_k42_xisok_ube2w,seed-11_sample-4,sumo2_k42_xisok_ube2w/seed-11_sample-4/model.cif,0.3,0.63,0.37,,,,,sumo2_k42_xisok_ube2w,True,seed-11_sample-4
True,1,1.109,,,4.664,B/91,4.664,True,False,,,,,,11,A:96;B:151;L:1,sumo2_k42_xisok_ube2w,seed-12_sample-0,sumo2_k42_xisok_ube2w/seed-12_sample-0/model.cif,0.29,0.62,0.38,,,,,sumo2_k42_xisok_ube2w,True,seed-12_sample-0
True,1,1.2,,,5.821,B/91,5.821,True,False,,,,,,14,A:96;B:151;L:1,sumo2_k42_xisok_ube2w,seed-12_sample-1,sumo2_k42_xisok_ube2w/seed-12_sample-1/model.cif,0.19,0.58,0.28,,,,,sumo2_k42_xisok_ube2w,True,seed-12_sample-1
True,1,1.059,,,4.334,B/91,4.334,True,False,,,,,,18,A:96;B:151;L:1,sumo2_k42_xisok_ube2w,seed-12_sample-2,sumo2_k42_xisok_ube2w/seed-12_sample-2/model.cif,0.29,0.62,0.37,,,,,sumo2_k42_xisok_ube2w,True,seed-12_sample-2
True,1,1.142,,,12.668,B/135,12.347,False,False,,,,,,19,A:96;B:151;L:1,sumo2_k42_xisok_ube2w,seed-12_sample-3,sumo2_k42_xisok_ube2w/seed-12_sample-3/model.cif,0.13,0.55,0.23,,,,,sumo2_k42_xisok_ube2w,True,seed-12_sample-3
True,1,0.942,,,4.207,B/91,4.207,True,False,,,,,,12,A:96;B:151;L:1,sumo2_k42_xisok_ube2w,seed-12_sample-4,sumo2_k42_xisok_ube2w/seed-12_sample-4/model.cif,0.27,0.62,0.38,,,,,sumo2_k42_xisok_ube2w,True,seed-12_sample-4
True,1,1.077,,,5.602,B/91,5.602,True,False,,,,,,17,A:96;B:151;L:1,sumo2_k42_xisok_ube2w,seed-13_sample-0,sumo2_k42_xisok_ube2w/seed-13_sample-0/model.cif,0.25,0.6,0.34,,,,,sumo2_k42_xisok_ube2w,True,seed-13_sample-0
True,1,1.17,,,4.656,B/91,4.656,True,False,,,,,,12,A:96;B:151;L:1,sumo2_k42_xisok_ube2w,seed-13_sample-1,sumo2_k42_xisok_ube2w/seed-13_sample-1/model.cif,0.31,0.63,0.4,,,,,sumo2_k42_xisok_ube2w,True,seed-13_sample-1
True,1,1.157,,,4.192,B/151,3.088,False,False,,,,,,11,A:96;B:151;L:1,sumo2_k42_xisok_ube2w,seed-13_sample-2,sumo2_k42_xisok_ube2w/seed-13_sample-2/model.cif,0.22,0.59,0.31,,,,,sumo2_k42_xisok_ube2w,True,seed-13_sample-2
True,1,1.022,,,4.126,B/91,4.126,True,False,,,,,,10,A:96;B:151;L:1,sumo2_k42_xisok_ube2w,seed-13_sample-3,sumo2_k42_xisok_ube2w/seed-13_sample-3/model.cif,0.3,0.62,0.39,,,,,sumo2_k42_xisok_ube2w,True,seed-13_sample-3
True,1,1.281,,,5.571,B/91,5.571,True,False,,,,,,18,A:96;B:151;L:1,sumo2_k42_xisok_ube2w,seed-13_sample-4,sumo2_k42_xisok_ube2w/seed-13_sample-4/model.cif,0.25,0.61,0.35,,,,,sumo2_k42_xisok_ube2w,True,seed-13_sample-4
True,1,0.984,,,6.941,B/91,6.941,True,False,,,,,,8,A:96;B:151;L:1,sumo2_k42_xisok_ube2w,seed-14_sample-0,sumo2_k42_xisok_ube2w/seed-14_sample-0/model.cif,0.19,0.57,0.31,,,,,sumo2_k42_xisok_ube2w,True,seed-14_sample-0
True,1,0.955,,,4.091,B/151,2.32,False,False,,,,,,12,A:96;B:151;L:1,sumo2_k42_xisok_ube2w,seed-14_sample-1,sumo2_k42_xisok_ube2w/seed-14_sample-1/model.cif,0.26,0.61,0.36,,,,,sumo2_k42_xisok_ube2w,True,seed-14_sample-1
True,1,1.029,,,4.848,B/91,4.848,True,False,,,,,,16,A:96;B:151;L:1,sumo2_k42_xisok_ube2w,seed-14_sample-2,sumo2_k42_xisok_ube2w/seed-14_sample-2/model.cif,0.34,0.64,0.44,,,,,sumo2_k42_xisok_ube2w,True,seed-14_sample-2
True,1,1.059,,,17.983,A/49,15.73,False,False,,,,,,15,A:96;B:151;L:1,sumo2_k42_xisok_ube2w,seed-14_sample-3,sumo2_k42_xisok_ube2w/seed-14_sample-3/model.cif,0.14,0.56,0.25,,,,,sumo2_k42_xisok_ube2w,True,seed-14_sample-3
True,1,0.955,,,3.038,B/91,3.038,True,True,,,,,,20,A:96;B:151;L:1,sumo2_k42_xisok_ube2w,seed-14_sample-4,sumo2_k42_xisok_ube2w/seed-14_sample-4/model.cif,0.27,0.61,0.39,,,,,sumo2_k42_xisok_ube2w,True,seed-14_sample-4
True,1,1.157,,,3.567,B/91,3.567,True,True,,,,,,13,A:96;B:151;L:1,sumo2_k42_xisok_ube2w,seed-15_sample-0,sumo2_k42_xisok_ube2w/seed-15_sample-0/model.cif,0.28,0.62,0.38,,,,,sumo2_k42_xisok_ube2w,True,seed-15_sample-0
True,1,1.154,,,3.012,B/91,3.012,True,True,,,,,,18,A:96;B:151;L:1,sumo2_k42_xisok_ube2w,seed-15_sample-1,sumo2_k42_xisok_ube2w/seed-15_sample-1/model.cif,0.27,0.62,0.35,,,,,sumo2_k42_xisok_ube2w,True,seed-15_sample-1
True,1,1.048,,,2.588,B/91,2.588,True,True,,,,,,14,A:96;B:151;L:1,sumo2_k42_xisok_ube2w,seed-15_sample-2,sumo2_k42_xisok_ube2w/seed-15_sample-2/model.cif,0.31,0.63,0.41,,,,,sumo2_k42_xisok_ube2w,True,seed-15_sample-2
True,1,1.12,,,6.153,B/151,5.813,False,False,,,,,,19,A:96;B:151;L:1,sumo2_k42_xisok_ube2w,seed-15_sample-3,sumo2_k42_xisok_ube2w/seed-15_sample-3/model.cif,0.36,0.66,0.45,,,,,sumo2_k42_xisok_ube2w,True,seed-15_sample-3
True,1,1.009,,,3.327,B/151,2.073,False,True,,,,,,11,A:96;B:151;L:1,sumo2_k42_xisok_ube2w,seed-15_sample-4,sumo2_k42_xisok_ube2w/seed-15_sample-4/model.cif,0.29,0.62,0.4,,,,,sumo2_k42_xisok_ube2w,True,seed-15_sample-4
True,1,0.898,,,3.188,B/91,3.188,True,True,,,,,,20,A:96;B:151;L:1,sumo2_k42_xisok_ube2w,seed-16_sample-0,sumo2_k42_xisok_ube2w/seed-16_sample-0/model.cif,0.27,0.62,0.39,,,,,sumo2_k42_xisok_ube2w,True,seed-16_sample-0
True,1,1.159,,,4.506,B/91,4.506,True,False,,,,,,15,A:96;B:151;L:1,sumo2_k42_xisok_ube2w,seed-16_sample-1,sumo2_k42_xisok_ube2w/seed-16_sample-1/model.cif,0.33,0.64,0.42,,,,,sumo2_k42_xisok_ube2w,True,seed-16_sample-1
True,1,0.845,,,4.084,B/91,4.084,True,False,,,,,,18,A:96;B:151;L:1,sumo2_k42_xisok_ube2w,seed-16_sample-2,sumo2_k42_xisok_ube2w/seed-16_sample-2/model.cif,0.27,0.61,0.36,,,,,sumo2_k42_xisok_ube2w,True,seed-16_sample-2
True,1,1.134,,,4.852,B/91,4.852,True,False,,,,,,18,A:96;B:151;L:1,sumo2_k42_xisok_ube2w,seed-16_sample-3,sumo2_k42_xisok_ube2w/seed-16_sample-3/model.cif,0.26,0.6,0.36,,,,,sumo2_k42_xisok_ube2w,True,seed-16_sample-3
True,1,0.881,,,3.226,B/91,3.226,True,True,,,,,,11,A:96;B:151;L:1,sumo2_k42_xisok_ube2w,seed-16_sample-4,sumo2_k42_xisok_ube2w/seed-16_sample-4/model.cif,0.26,0.6,0.36,,,,,sumo2_k42_xisok_ube2w,True,seed-16_sample-4
True,1,1.123,,,4.06,B/91,4.06,True,False,,,,,,14,A:96;B:151;L:1,sumo2_k42_xisok_ube2w,seed-17_sample-0,sumo2_k42_xisok_ube2w/seed-17_sample-0/model.cif,0.31,0.63,0.4,,,,,sumo2_k42_xisok_ube2w,True,seed-17_sample-0
True,1,1.146,,,10.689,B/91,10.689,True,False,,,,,,20,A:96;B:151;L:1,sumo2_k42_xisok_ube2w,seed-17_sample-1,sumo2_k42_xisok_ube2w/seed-17_sample-1/model.cif,0.16,0.56,0.29,,,,,sumo2_k42_xisok_ube2w,True,seed-17_sample-1
True,1,1.067,,,3.608,B/91,3.608,True,True,,,,,,12,A:96;B:151;L:1,sumo2_k42_xisok_ube2w,seed-17_sample-2,sumo2_k42_xisok_ube2w/seed-17_sample-2/model.cif,0.27,0.61,0.36,,,,,sumo2_k42_xisok_ube2w,True,seed-17_sample-2
True,1,1.197,,,5.877,B/91,5.877,True,False,,,,,,14,A:96;B:151;L:1,sumo2_k42_xisok_ube2w,seed-17_sample-3,sumo2_k42_xisok_ube2w/seed-17_sample-3/model.cif,0.32,0.63,0.39,,,,,sumo2_k42_xisok_ube2w,True,seed-17_sample-3
True,1,1.013,,,5.192,B/91,5.192,True,False,,,,,,15,A:96;B:151;L:1,sumo2_k42_xisok_ube2w,seed-17_sample-4,sumo2_k42_xisok_ube2w/seed-17_sample-4/model.cif,0.3,0.62,0.4,,,,,sumo2_k42_xisok_ube2w,True,seed-17_sample-4
True,1,1.07,,,4.443,B/91,4.443,True,False,,,,,,21,A:96;B:151;L:1,sumo2_k42_xisok_ube2w,seed-18_sample-0,sumo2_k42_xisok_ube2w/seed-18_sample-0/model.cif,0.22,0.57,0.33,,,,,sumo2_k42_xisok_ube2w,True,seed-18_sample-0
True,1,1.084,,,5.695,B/91,5.695,True,False,,,,,,19,A:96;B:151;L:1,sumo2_k42_xisok_ube2w,seed-18_sample-1,sumo2_k42_xisok_ube2w/seed-18_sample-1/model.cif,0.26,0.6,0.36,,,,,sumo2_k42_xisok_ube2w,True,seed-18_sample-1
True,1,0.945,,,4.513,B/91,4.513,True,False,,,,,,14,A:96;B:151;L:1,sumo2_k42_xisok_ube2w,seed-18_sample-2,sumo2_k42_xisok_ube2w/seed-18_sample-2/model.cif,0.33,0.63,0.42,,,,,sumo2_k42_xisok_ube2w,True,seed-18_sample-2
True,1,0.992,,,3.958,B/91,3.958,True,True,,,,,,12,A:96;B:151;L:1,sumo2_k42_xisok_ube2w,seed-18_sample-3,sumo2_k42_xisok_ube2w/seed-18_sample-3/model.cif,0.35,0.65,0.45,,,,,sumo2_k42_xisok_ube2w,True,seed-18_sample-3
True,1,1.07,,,4.468,B/91,4.468,True,False,,,,,,10,A:96;B:151;L:1,sumo2_k42_xisok_ube2w,seed-18_sample-4,sumo2_k42_xisok_ube2w/seed-18_sample-4/model.cif,0.29,0.62,0.4,,,,,sumo2_k42_xisok_ube2w,True,seed-18_sample-4
True,1,1.03,,,4.682,B/91,4.682,True,False,,,,,,16,A:96;B:151;L:1,sumo2_k42_xisok_ube2w,seed-19_sample-0,sumo2_k42_xisok_ube2w/seed-19_sample-0/model.cif,0.26,0.61,0.37,,,,,sumo2_k42_xisok_ube2w,True,seed-19_sample-0
True,1,0.981,,,5.171,B/151,3.135,False,False,,,,,,16,A:96;B:151;L:1,sumo2_k42_xisok_ube2w,seed-19_sample-1,sumo2_k42_xisok_ube2w/seed-19_sample-1/model.cif,0.24,0.6,0.35,,,,,sumo2_k42_xisok_ube2w,True,seed-19_sample-1
True,1,1.143,,,2.818,B/91,2.818,True,True,,,,,,13,A:96;B:151;L:1,sumo2_k42_xisok_ube2w,seed-19_sample-2,sumo2_k42_xisok_ube2w/seed-19_sample-2/model.cif,0.31,0.63,0.4,,,,,sumo2_k42_xisok_ube2w,True,seed-19_sample-2
True,1,1.043,,,5.789,B/91,5.789,True,False,,,,,,13,A:96;B:151;L:1,sumo2_k42_xisok_ube2w,seed-19_sample-3,sumo2_k42_xisok_ube2w/seed-19_sample-3/model.cif,0.24,0.59,0.33,,,,,sumo2_k42_xisok_ube2w,True,seed-19_sample-3
True,1,1.188,,,3.673,B/91,3.673,True,True,,,,,,15,A:96;B:151;L:1,sumo2_k42_xisok_ube2w,seed-19_sample-4,sumo2_k42_xisok_ube2w/seed-19_sample-4/model.cif,0.32,0.64,0.39,,,,,sumo2_k42_xisok_ube2w,True,seed-19_sample-4
True,1,1.192,,,4.543,B/91,4.543,True,False,,,,,,26,A:96;B:151;L:1,sumo2_k42_xisok_ube2w,seed-1_sample-0,sumo2_k42_xisok_ube2w/seed-1_sample-0/model.cif,0.33,0.64,0.42,,,,,sumo2_k42_xisok_ube2w,True,seed-1_sample-0
True,1,1.161,,,3.32,B/91,3.32,True,True,,,,,,21,A:96;B:151;L:1,sumo2_k42_xisok_ube2w,seed-1_sample-1,sumo2_k42_xisok_ube2w/seed-1_sample-1/model.cif,0.32,0.63,0.4,,,,,sumo2_k42_xisok_ube2w,True,seed-1_sample-1
True,1,1.089,,,5.037,B/91,5.037,True,False,,,,,,19,A:96;B:151;L:1,sumo2_k42_xisok_ube2w,seed-1_sample-2,sumo2_k42_xisok_ube2w/seed-1_sample-2/model.cif,0.36,0.65,0.44,,,,,sumo2_k42_xisok_ube2w,True,seed-1_sample-2
True,1,1.168,,,5.654,B/91,5.654,True,False,,,,,,11,A:96;B:151;L:1,sumo2_k42_xisok_ube2w,seed-1_sample-3,sumo2_k42_xisok_ube2w/seed-1_sample-3/model.cif,0.31,0.64,0.42,,,,,sumo2_k42_xisok_ube2w,True,seed-1_sample-3
True,1,1.072,,,3.064,B/91,3.064,True,True,,,,,,13,A:96;B:151;L:1,sumo2_k42_xisok_ube2w,seed-1_sample-4,sumo2_k42_xisok_ube2w/seed-1_sample-4/model.cif,0.29,0.62,0.4,,,,,sumo2_k42_xisok_ube2w,True,seed-1_sample-4
True,1,1.132,,,5.028,B/91,5.028,True,False,,,,,,15,A:96;B:151;L:1,sumo2_k42_xisok_ube2w,seed-20_sample-0,sumo2_k42_xisok_ube2w/seed-20_sample-0/model.cif,0.28,0.61,0.39,,,,,sumo2_k42_xisok_ube2w,True,seed-20_sample-0
True,1,1.16,,,3.189,B/91,3.189,True,True,,,,,,10,A:96;B:151;L:1,sumo2_k42_xisok_ube2w,seed-20_sample-1,sumo2_k42_xisok_ube2w/seed-20_sample-1/model.cif,0.29,0.62,0.4,,,,,sumo2_k42_xisok_ube2w,True,seed-20_sample-1
True,1,0.928,,,3.126,B/91,3.126,True,True,,,,,,12,A:96;B:151;L:1,sumo2_k42_xisok_ube2w,seed-20_sample-2,sumo2_k42_xisok_ube2w/seed-20_sample-2/model.cif,0.3,0.63,0.42,,,,,sumo2_k42_xisok_ube2w,True,seed-20_sample-2
True,1,1.028,,,2.8,B/91,2.8,True,True,,,,,,15,A:96;B:151;L:1,sumo2_k42_xisok_ube2w,seed-20_sample-3,sumo2_k42_xisok_ube2w/seed-20_sample-3/model.cif,0.27,0.61,0.35,,,,,sumo2_k42_xisok_ube2w,True,seed-20_sample-3
True,1,0.919,,,4.807,B/91,4.807,True,False,,,,,,15,A:96;B:151;L:1,sumo2_k42_xisok_ube2w,seed-20_sample-4,sumo2_k42_xisok_ube2w/seed-20_sample-4/model.cif,0.22,0.59,0.32,,,,,sumo2_k42_xisok_ube2w,True,seed-20_sample-4
True,1,1.055,,,10.901,B/119,9.819,False,False,,,,,,19,A:96;B:151;L:1,sumo2_k42_xisok_ube2w,seed-2_sample-0,sumo2_k42_xisok_ube2w/seed-2_sample-0/model.cif,0.23,0.6,0.33,,,,,sumo2_k42_xisok_ube2w,True,seed-2_sample-0
True,1,1.162,,,4.327,B/91,4.327,True,False,,,,,,6,A:96;B:151;L:1,sumo2_k42_xisok_ube2w,seed-2_sample-1,sumo2_k42_xisok_ube2w/seed-2_sample-1/model.cif,0.25,0.61,0.35,,,,,sumo2_k42_xisok_ube2w,True,seed-2_sample-1
True,1,1.114,,,5.627,B/91,5.627,True,False,,,,,,23,A:96;B:151;L:1,sumo2_k42_xisok_ube2w,seed-2_sample-2,sumo2_k42_xisok_ube2w/seed-2_sample-2/model.cif,0.34,0.64,0.44,,,,,sumo2_k42_xisok_ube2w,True,seed-2_sample-2
True,1,1.063,,,5.746,B/91,5.746,True,False,,,,,,8,A:96;B:151;L:1,sumo2_k42_xisok_ube2w,seed-2_sample-3,sumo2_k42_xisok_ube2w/seed-2_sample-3/model.cif,0.27,0.61,0.37,,,,,sumo2_k42_xisok_ube2w,True,seed-2_sample-3
True,1,0.959,,,4.386,B/91,4.386,True,False,,,,,,13,A:96;B:151;L:1,sumo2_k42_xisok_ube2w,seed-2_sample-4,sumo2_k42_xisok_ube2w/seed-2_sample-4/model.cif,0.34,0.64,0.41,,,,,sumo2_k42_xisok_ube2w,True,seed-2_sample-4
True,1,0.959,,,5.101,B/91,5.101,True,False,,,,,,12,A:96;B:151;L:1,sumo2_k42_xisok_ube2w,seed-3_sample-0,sumo2_k42_xisok_ube2w/seed-3_sample-0/model.cif,0.32,0.63,0.41,,,,,sumo2_k42_xisok_ube2w,True,seed-3_sample-0
True,1,0.946,,,5.155,B/91,5.155,True,False,,,,,,19,A:96;B:151;L:1,sumo2_k42_xisok_ube2w,seed-3_sample-1,sumo2_k42_xisok_ube2w/seed-3_sample-1/model.cif,0.31,0.62,0.41,,,,,sumo2_k42_xisok_ube2w,True,seed-3_sample-1
True,1,1.117,,,3.061,B/91,3.061,True,True,,,,,,20,A:96;B:151;L:1,sumo2_k42_xisok_ube2w,seed-3_sample-2,sumo2_k42_xisok_ube2w/seed-3_sample-2/model.cif,0.29,0.62,0.37,,,,,sumo2_k42_xisok_ube2w,True,seed-3_sample-2
True,1,0.924,,,6.679,B/151,3.293,False,False,,,,,,13,A:96;B:151;L:1,sumo2_k42_xisok_ube2w,seed-3_sample-3,sumo2_k42_xisok_ube2w/seed-3_sample-3/model.cif,0.35,0.64,0.42,,,,,sumo2_k42_xisok_ube2w,True,seed-3_sample-3
True,1,1.12,,,5.048,B/91,5.048,True,False,,,,,,13,A:96;B:151;L:1,sumo2_k42_xisok_ube2w,seed-3_sample-4,sumo2_k42_xisok_ube2w/seed-3_sample-4/model.cif,0.33,0.64,0.4,,,,,sumo2_k42_xisok_ube2w,True,seed-3_sample-4
True,1,0.989,,,4.188,B/151,3.507,False,False,,,,,,15,A:96;B:151;L:1,sumo2_k42_xisok_ube2w,seed-4_sample-0,sumo2_k42_xisok_ube2w/seed-4_sample-0/model.cif,0.23,0.59,0.34,,,,,sumo2_k42_xisok_ube2w,True,seed-4_sample-0
True,1,1.096,,,4.75,B/91,4.75,True,False,,,,,,11,A:96;B:151;L:1,sumo2_k42_xisok_ube2w,seed-4_sample-1,sumo2_k42_xisok_ube2w/seed-4_sample-1/model.cif,0.19,0.57,0.29,,,,,sumo2_k42_xisok_ube2w,True,seed-4_sample-1
True,1,0.737,,,5.062,B/91,5.062,True,False,,,,,,14,A:96;B:151;L:1,sumo2_k42_xisok_ube2w,seed-4_sample-2,sumo2_k42_xisok_ube2w/seed-4_sample-2/model.cif,0.22,0.59,0.34,,,,,sumo2_k42_xisok_ube2w,True,seed-4_sample-2
True,1,1.026,,,4.984,B/151,4.303,False,False,,,,,,11,A:96;B:151;L:1,sumo2_k42_xisok_ube2w,seed-4_sample-3,sumo2_k42_xisok_ube2w/seed-4_sample-3/model.cif,0.3,0.61,0.39,,,,,sumo2_k42_xisok_ube2w,True,seed-4_sample-3
True,1,1.018,,,3.719,B/91,3.719,True,True,,,,,,18,A:96;B:151;L:1,sumo2_k42_xisok_ube2w,seed-4_sample-4,sumo2_k42_xisok_ube2w/seed-4_sample-4/model.cif,0.26,0.6,0.36,,,,,sumo2_k42_xisok_ube2w,True,seed-4_sample-4
True,1,1.062,,,4.905,B/91,4.905,True,False,,,,,,23,A:96;B:151;L:1,sumo2_k42_xisok_ube2w,seed-5_sample-0,sumo2_k42_xisok_ube2w/seed-5_sample-0/model.cif,0.33,0.63,0.42,,,,,sumo2_k42_xisok_ube2w,True,seed-5_sample-0
True,1,1.158,,,4.389,B/91,4.389,True,False,,,,,,16,A:96;B:151;L:1,sumo2_k42_xisok_ube2w,seed-5_sample-1,sumo2_k42_xisok_ube2w/seed-5_sample-1/model.cif,0.24,0.59,0.33,,,,,sumo2_k42_xisok_ube2w,True,seed-5_sample-1
True,1,1.029,,,4.473,B/151,4.292,False,False,,,,,,21,A:96;B:151;L:1,sumo2_k42_xisok_ube2w,seed-5_sample-2,sumo2_k42_xisok_ube2w/seed-5_sample-2/model.cif,0.25,0.6,0.36,,,,,sumo2_k42_xisok_ube2w,True,seed-5_sample-2
True,1,1.21,,,5.406,B/91,5.406,True,False,,,,,,9,A:96;B:151;L:1,sumo2_k42_xisok_ube2w,seed-5_sample-3,sumo2_k42_xisok_ube2w/seed-5_sample-3/model.cif,0.24,0.59,0.32,,,,,sumo2_k42_xisok_ube2w,True,seed-5_sample-3
True,1,0.593,,,5.519,B/151,4.801,False,False,,,,,,9,A:96;B:151;L:1,sumo2_k42_xisok_ube2w,seed-5_sample-4,sumo2_k42_xisok_ube2w/seed-5_sample-4/model.cif,0.26,0.6,0.36,,,,,sumo2_k42_xisok_ube2w,True,seed-5_sample-4
True,1,1.08,,,4.577,B/91,4.577,True,False,,,,,,11,A:96;B:151;L:1,sumo2_k42_xisok_ube2w,seed-6_sample-0,sumo2_k42_xisok_ube2w/seed-6_sample-0/model.cif,0.23,0.59,0.34,,,,,sumo2_k42_xisok_ube2w,True,seed-6_sample-0
True,1,1.124,,,5.324,B/91,5.324,True,False,,,,,,11,A:96;B:151;L:1,sumo2_k42_xisok_ube2w,seed-6_sample-1,sumo2_k42_xisok_ube2w/seed-6_sample-1/model.cif,0.25,0.61,0.33,,,,,sumo2_k42_xisok_ube2w,True,seed-6_sample-1
True,1,0.951,,,6.769,B/151,6.515,False,False,,,,,,18,A:96;B:151;L:1,sumo2_k42_xisok_ube2w,seed-6_sample-2,sumo2_k42_xisok_ube2w/seed-6_sample-2/model.cif,0.28,0.62,0.39,,,,,sumo2_k42_xisok_ube2w,True,seed-6_sample-2
True,1,1.095,,,5.264,B/91,5.264,True,False,,,,,,11,A:96;B:151;L:1,sumo2_k42_xisok_ube2w,seed-6_sample-3,sumo2_k42_xisok_ube2w/seed-6_sample-3/model.cif,0.28,0.61,0.37,,,,,sumo2_k42_xisok_ube2w,True,seed-6_sample-3
True,1,0.869,,,3.992,B/91,3.992,True,True,,,,,,17,A:96;B:151;L:1,sumo2_k42_xisok_ube2w,seed-6_sample-4,sumo2_k42_xisok_ube2w/seed-6_sample-4/model.cif,0.27,0.61,0.37,,,,,sumo2_k42_xisok_ube2w,True,seed-6_sample-4
True,1,0.932,,,5.77,B/91,5.77,True,False,,,,,,15,A:96;B:151;L:1,sumo2_k42_xisok_ube2w,seed-7_sample-0,sumo2_k42_xisok_ube2w/seed-7_sample-0/model.cif,0.21,0.58,0.31,,,,,sumo2_k42_xisok_ube2w,True,seed-7_sample-0
True,1,1.094,,,3.584,B/91,3.584,True,True,,,,,,16,A:96;B:151;L:1,sumo2_k42_xisok_ube2w,seed-7_sample-1,sumo2_k42_xisok_ube2w/seed-7_sample-1/model.cif,0.31,0.63,0.39,,,,,sumo2_k42_xisok_ube2w,True,seed-7_sample-1
True,1,1.237,,,6.316,B/91,6.316,True,False,,,,,,8,A:96;B:151;L:1,sumo2_k42_xisok_ube2w,seed-7_sample-2,sumo2_k42_xisok_ube2w/seed-7_sample-2/model.cif,0.25,0.6,0.36,,,,,sumo2_k42_xisok_ube2w,True,seed-7_sample-2
True,1,1.001,,,4.709,B/91,4.709,True,False,,,,,,8,A:96;B:151;L:1,sumo2_k42_xisok_ube2w,seed-7_sample-3,sumo2_k42_xisok_ube2w/seed-7_sample-3/model.cif,0.31,0.62,0.41,,,,,sumo2_k42_xisok_ube2w,True,seed-7_sample-3
True,1,0.906,,,4.443,B/91,4.443,True,False,,,,,,19,A:96;B:151;L:1,sumo2_k42_xisok_ube2w,seed-7_sample-4,sumo2_k42_xisok_ube2w/seed-7_sample-4/model.cif,0.24,0.6,0.35,,,,,sumo2_k42_xisok_ube2w,True,seed-7_sample-4
True,1,1.075,,,4.779,B/91,4.779,True,False,,,,,,4,A:96;B:151;L:1,sumo2_k42_xisok_ube2w,seed-8_sample-0,sumo2_k42_xisok_ube2w/seed-8_sample-0/model.cif,0.37,0.66,0.47,,,,,sumo2_k42_xisok_ube2w,True,seed-8_sample-0
True,1,0.96,,,3.266,B/91,3.266,True,True,,,,,,9,A:96;B:151;L:1,sumo2_k42_xisok_ube2w,seed-8_sample-1,sumo2_k42_xisok_ube2w/seed-8_sample-1/model.cif,0.34,0.65,0.44,,,,,sumo2_k42_xisok_ube2w,True,seed-8_sample-1
True,1,1.131,,,4.838,B/91,4.838,True,False,,,,,,14,A:96;B:151;L:1,sumo2_k42_xisok_ube2w,seed-8_sample-2,sumo2_k42_xisok_ube2w/seed-8_sample-2/model.cif,0.42,0.69,0.48,,,,,sumo2_k42_xisok_ube2w,True,seed-8_sample-2
True,1,1.165,,,5.595,B/91,5.595,True,False,,,,,,9,A:96;B:151;L:1,sumo2_k42_xisok_ube2w,seed-8_sample-3,sumo2_k42_xisok_ube2w/seed-8_sample-3/model.cif,0.35,0.66,0.42,,,,,sumo2_k42_xisok_ube2w,True,seed-8_sample-3
True,1,0.866,,,3.87,B/91,3.87,True,True,,,,,,11,A:96;B:151;L:1,sumo2_k42_xisok_ube2w,seed-8_sample-4,sumo2_k42_xisok_ube2w/seed-8_sample-4/model.cif,0.36,0.66,0.45,,,,,sumo2_k42_xisok_ube2w,True,seed-8_sample-4
True,1,1.075,,,4.665,B/91,4.665,True,False,,,,,,10,A:96;B:151;L:1,sumo2_k42_xisok_ube2w,seed-9_sample-0,sumo2_k42_xisok_ube2w/seed-9_sample-0/model.cif,0.26,0.6,0.36,,,,,sumo2_k42_xisok_ube2w,True,seed-9_sample-0
True,1,1.144,,,4.773,B/91,4.773,True,False,,,,,,15,A:96;B:151;L:1,sumo2_k42_xisok_ube2w,seed-9_sample-1,sumo2_k42_xisok_ube2w/seed-9_sample-1/model.cif,0.35,0.64,0.44,,,,,sumo2_k42_xisok_ube2w,True,seed-9_sample-1
True,1,1.163,,,5.86,B/91,5.86,True,False,,,,,,15,A:96;B:151;L:1,sumo2_k42_xisok_ube2w,seed-9_sample-2,sumo2_k42_xisok_ube2w/seed-9_sample-2/model.cif,0.3,0.63,0.4,,,,,sumo2_k42_xisok_ube2w,True,seed-9_sample-2
True,1,0.878,,,3.96,B/91,3.96,True,True,,,,,,8,A:96;B:151;L:1,sumo2_k42_xisok_ube2w,seed-9_sample-3,sumo2_k42_xisok_ube2w/seed-9_sample-3/model.cif,0.2,0.58,0.32,,,,,sumo2_k42_xisok_ube2w,True,seed-9_sample-3
True,1,1.183,,,5.026,B/91,5.026,True,False,,,,,,12,A:96;B:151;L:1,sumo2_k42_xisok_ube2w,seed-9_sample-4,sumo2_k42_xisok_ube2w/seed-9_sample-4/model.cif,0.27,0.6,0.35,,,,,sumo2_k42_xisok_ube2w,True,seed-9_sample-4
True,1,1.222,,,5.718,B/91,5.718,True,False,,,,,,12,A:96;B:151;L:1,sumo2_k45_xisok_ube2w,seed-10_sample-0,sumo2_k45_xisok_ube2w/seed-10_sample-0/model.cif,0.36,0.65,0.42,,,,,sumo2_k45_xisok_ube2w,True,seed-10_sample-0
True,1,1.018,,,14.155,B/151,3.855,False,False,,,,,,8,A:96;B:151;L:1,sumo2_k45_xisok_ube2w,seed-10_sample-1,sumo2_k45_xisok_ube2w/seed-10_sample-1/model.cif,0.22,0.59,0.33,,,,,sumo2_k45_xisok_ube2w,True,seed-10_sample-1
True,1,1.05,,,5.825,B/91,5.825,True,False,,,,,,9,A:96;B:151;L:1,sumo2_k45_xisok_ube2w,seed-10_sample-2,sumo2_k45_xisok_ube2w/seed-10_sample-2/model.cif,0.3,0.61,0.4,,,,,sumo2_k45_xisok_ube2w,True,seed-10_sample-2
True,1,1.129,,,5.203,B/91,5.203,True,False,,,,,,13,A:96;B:151;L:1,sumo2_k45_xisok_ube2w,seed-10_sample-3,sumo2_k45_xisok_ube2w/seed-10_sample-3/model.cif,0.28,0.62,0.38,,,,,sumo2_k45_xisok_ube2w,True,seed-10_sample-3
True,1,1.213,,,5.374,B/151,2.814,False,False,,,,,,14,A:96;B:151;L:1,sumo2_k45_xisok_ube2w,seed-10_sample-4,sumo2_k45_xisok_ube2w/seed-10_sample-4/model.cif,0.34,0.64,0.41,,,,,sumo2_k45_xisok_ube2w,True,seed-10_sample-4
True,1,1.055,,,9.262,B/91,9.262,True,False,,,,,,18,A:96;B:151;L:1,sumo2_k45_xisok_ube2w,seed-11_sample-0,sumo2_k45_xisok_ube2w/seed-11_sample-0/model.cif,0.26,0.61,0.38,,,,,sumo2_k45_xisok_ube2w,True,seed-11_sample-0
True,1,1.053,,,4.829,B/91,4.829,True,False,,,,,,8,A:96;B:151;L:1,sumo2_k45_xisok_ube2w,seed-11_sample-1,sumo2_k45_xisok_ube2w/seed-11_sample-1/model.cif,0.28,0.61,0.39,,,,,sumo2_k45_xisok_ube2w,True,seed-11_sample-1
True,1,1.304,,,5.743,B/91,5.743,True,False,,,,,,9,A:96;B:151;L:1,sumo2_k45_xisok_ube2w,seed-11_sample-2,sumo2_k45_xisok_ube2w/seed-11_sample-2/model.cif,0.22,0.59,0.32,,,,,sumo2_k45_xisok_ube2w,True,seed-11_sample-2
True,1,0.822,,,4.248,B/91,4.248,True,False,,,,,,9,A:96;B:151;L:1,sumo2_k45_xisok_ube2w,seed-11_sample-3,sumo2_k45_xisok_ube2w/seed-11_sample-3/model.cif,0.38,0.65,0.48,,,,,sumo2_k45_xisok_ube2w,True,seed-11_sample-3
True,1,1.249,,,6.341,B/91,6.341,True,False,,,,,,19,A:96;B:151;L:1,sumo2_k45_xisok_ube2w,seed-11_sample-4,sumo2_k45_xisok_ube2w/seed-11_sample-4/model.cif,0.29,0.62,0.36,,,,,sumo2_k45_xisok_ube2w,True,seed-11_sample-4
True,1,1.28,,,5.456,B/91,5.456,True,False,,,,,,9,A:96;B:151;L:1,sumo2_k45_xisok_ube2w,seed-12_sample-0,sumo2_k45_xisok_ube2w/seed-12_sample-0/model.cif,0.3,0.62,0.38,,,,,sumo2_k45_xisok_ube2w,True,seed-12_sample-0
True,1,1.251,,,5.82,B/91,5.82,True,False,,,,,,16,A:96;B:151;L:1,sumo2_k45_xisok_ube2w,seed-12_sample-1,sumo2_k45_xisok_ube2w/seed-12_sample-1/model.cif,0.23,0.59,0.32,,,,,sumo2_k45_xisok_ube2w,True,seed-12_sample-1
True,1,1.235,,,6.08,B/91,6.08,True,False,,,,,,11,A:96;B:151;L:1,sumo2_k45_xisok_ube2w,seed-12_sample-2,sumo2_k45_xisok_ube2w/seed-12_sample-2/model.cif,0.28,0.61,0.37,,,,,sumo2_k45_xisok_ube2w,True,seed-12_sample-2
True,1,1.085,,,23.45,A/49,12.082,False,False,,,,,,11,A:96;B:151;L:1,sumo2_k45_xisok_ube2w,seed-12_sample-3,sumo2_k45_xisok_ube2w/seed-12_sample-3/model.cif,0.49,0.64,0.55,,,,,sumo2_k45_xisok_ube2w,True,seed-12_sample-3
True,1,1.237,,,5.566,B/91,5.566,True,False,,,,,,17,A:96;B:151;L:1,sumo2_k45_xisok_ube2w,seed-12_sample-4,sumo2_k45_xisok_ube2w/seed-12_sample-4/model.cif,0.25,0.6,0.35,,,,,sumo2_k45_xisok_ube2w,True,seed-12_sample-4
True,1,0.9,,,24.563,A/49,11.26,False,False,,,,,,10,A:96;B:151;L:1,sumo2_k45_xisok_ube2w,seed-13_sample-0,sumo2_k45_xisok_ube2w/seed-13_sample-0/model.cif,0.42,0.62,0.49,,,,,sumo2_k45_xisok_ube2w,True,seed-13_sample-0
True,1,1.226,,,5.662,B/91,5.662,True,False,,,,,,14,A:96;B:151;L:1,sumo2_k45_xisok_ube2w,seed-13_sample-1,sumo2_k45_xisok_ube2w/seed-13_sample-1/model.cif,0.29,0.62,0.37,,,,,sumo2_k45_xisok_ube2w,True,seed-13_sample-1
True,1,1.188,,,5.712,B/91,5.712,True,False,,,,,,10,A:96;B:151;L:1,sumo2_k45_xisok_ube2w,seed-13_sample-2,sumo2_k45_xisok_ube2w/seed-13_sample-2/model.cif,0.33,0.64,0.4,,,,,sumo2_k45_xisok_ube2w,True,seed-13_sample-2
True,1,1.042,,,4.085,B/91,4.085,True,False,,,,,,8,A:96;B:151;L:1,sumo2_k45_xisok_ube2w,seed-13_sample-3,sumo2_k45_xisok_ube2w/seed-13_sample-3/model.cif,0.3,0.62,0.39,,,,,sumo2_k45_xisok_ube2w,True,seed-13_sample-3
True,1,1.233,,,16.305,B/151,8.179,False,False,,,,,,13,A:96;B:151;L:1,sumo2_k45_xisok_ube2w,seed-13_sample-4,sumo2_k45_xisok_ube2w/seed-13_sample-4/model.cif,0.21,0.6,0.31,,,,,sumo2_k45_xisok_ube2w,True,seed-13_sample-4
True,1,0.88,,,5.202,B/91,5.202,True,False,,,,,,5,A:96;B:151;L:1,sumo2_k45_xisok_ube2w,seed-14_sample-0,sumo2_k45_xisok_ube2w/seed-14_sample-0/model.cif,0.3,0.62,0.4,,,,,sumo2_k45_xisok_ube2w,True,seed-14_sample-0
True,1,0.972,,,5.486,B/91,5.486,True,False,,,,,,14,A:96;B:151;L:1,sumo2_k45_xisok_ube2w,seed-14_sample-1,sumo2_k45_xisok_ube2w/seed-14_sample-1/model.cif,0.3,0.62,0.39,,,,,sumo2_k45_xisok_ube2w,True,seed-14_sample-1
True,1,0.995,,,4.912,B/91,4.912,True,False,,,,,,15,A:96;B:151;L:1,sumo2_k45_xisok_ube2w,seed-14_sample-2,sumo2_k45_xisok_ube2w/seed-14_sample-2/model.cif,0.35,0.64,0.43,,,,,sumo2_k45_xisok_ube2w,True,seed-14_sample-2
True,1,0.999,,,4.769,B/91,4.769,True,False,,,,,,12,A:96;B:151;L:1,sumo2_k45_xisok_ube2w,seed-14_sample-3,sumo2_k45_xisok_ube2w/seed-14_sample-3/model.cif,0.36,0.65,0.44,,,,,sumo2_k45_xisok_ube2w,True,seed-14_sample-3
True,1,0.935,,,7.262,B/91,7.262,True,False,,,,,,10,A:96;B:151;L:1,sumo2_k45_xisok_ube2w,seed-14_sample-4,sumo2_k45_xisok_ube2w/seed-14_sample-4/model.cif,0.23,0.6,0.33,,,,,sumo2_k45_xisok_ube2w,True,seed-14_sample-4
True,1,1.184,,,6.006,B/151,3.629,False,False,,,,,,18,A:96;B:151;L:1,sumo2_k45_xisok_ube2w,seed-15_sample-0,sumo2_k45_xisok_ube2w/seed-15_sample-0/model.cif,0.3,0.62,0.39,,,,,sumo2_k45_xisok_ube2w,True,seed-15_sample-0
True,1,0.889,,,1.872,B/151,1.868,False,True,,,,,,9,A:96;B:151;L:1,sumo2_k45_xisok_ube2w,seed-15_sample-1,sumo2_k45_xisok_ube2w/seed-15_sample-1/model.cif,0.3,0.63,0.39,,,,,sumo2_k45_xisok_ube2w,True,seed-15_sample-1
True,1,1.166,,,8.872,B/151,5.346,False,False,,,,,,11,A:96;B:151;L:1,sumo2_k45_xisok_ube2w,seed-15_sample-2,sumo2_k45_xisok_ube2w/seed-15_sample-2/model.cif,0.24,0.61,0.32,,,,,sumo2_k45_xisok_ube2w,True,seed-15_sample-2
True,1,1.23,,,6.102,B/91,6.102,True,False,,,,,,15,A:96;B:151;L:1,sumo2_k45_xisok_ube2w,seed-15_sample-3,sumo2_k45_xisok_ube2w/seed-15_sample-3/model.cif,0.25,0.6,0.35,,,,,sumo2_k45_xisok_ube2w,True,seed-15_sample-3
True,1,0.864,,,3.24,B/91,3.24,True,True,,,,,,8,A:96;B:151;L:1,sumo2_k45_xisok_ube2w,seed-15_sample-4,sumo2_k45_xisok_ube2w/seed-15_sample-4/model.cif,0.29,0.61,0.39,,,,,sumo2_k45_xisok_ube2w,True,seed-15_sample-4
True,1,1.08,,,3.938,B/91,3.938,True,True,,,,,,9,A:96;B:151;L:1,sumo2_k45_xisok_ube2w,seed-16_sample-0,sumo2_k45_xisok_ube2w/seed-16_sample-0/model.cif,0.3,0.61,0.38,,,,,sumo2_k45_xisok_ube2w,True,seed-16_sample-0
True,1,1.227,,,19.571,B/151,3.743,False,False,,,,,,12,A:96;B:151;L:1,sumo2_k45_xisok_ube2w,seed-16_sample-1,sumo2_k45_xisok_ube2w/seed-16_sample-1/model.cif,0.49,0.67,0.53,,,,,sumo2_k45_xisok_ube2w,True,seed-16_sample-1
True,1,0.862,,,9.952,B/151,2.565,False,False,,,,,,14,A:96;B:151;L:1,sumo2_k45_xisok_ube2w,seed-16_sample-2,sumo2_k45_xisok_ube2w/seed-16_sample-2/model.cif,0.22,0.59,0.34,,,,,sumo2_k45_xisok_ube2w,True,seed-16_sample-2
True,1,1.024,,,15.502,B/151,5.081,False,False,,,,,,10,A:96;B:151;L:1,sumo2_k45_xisok_ube2w,seed-16_sample-3,sumo2_k45_xisok_ube2w/seed-16_sample-3/model.cif,0.21,0.59,0.33,,,,,sumo2_k45_xisok_ube2w,True,seed-16_sample-3
True,1,0.851,,,7.602,B/151,6.83,False,False,,,,,,11,A:96;B:151;L:1,sumo2_k45_xisok_ube2w,seed-16_sample-4,sumo2_k45_xisok_ube2w/seed-16_sample-4/model.cif,0.21,0.58,0.31,,,,,sumo2_k45_xisok_ube2w,True,seed-16_sample-4
True,1,1.179,,,12.062,A/49,10.285,False,False,,,,,,12,A:96;B:151;L:1,sumo2_k45_xisok_ube2w,seed-17_sample-0,sumo2_k45_xisok_ube2w/seed-17_sample-0/model.cif,0.23,0.61,0.32,,,,,sumo2_k45_xisok_ube2w,True,seed-17_sample-0
True,1,1.052,,,7.148,B/91,7.148,True,False,,,,,,11,A:96;B:151;L:1,sumo2_k45_xisok_ube2w,seed-17_sample-1,sumo2_k45_xisok_ube2w/seed-17_sample-1/model.cif,0.25,0.6,0.36,,,,,sumo2_k45_xisok_ube2w,True,seed-17_sample-1
True,1,1.088,,,6.76,B/91,6.76,True,False,,,,,,19,A:96;B:151;L:1,sumo2_k45_xisok_ube2w,seed-17_sample-2,sumo2_k45_xisok_ube2w/seed-17_sample-2/model.cif,0.29,0.61,0.38,,,,,sumo2_k45_xisok_ube2w,True,seed-17_sample-2
True,1,1.223,,,15.132,A/49,12.061,False,False,,,,,,17,A:96;B:151;L:1,sumo2_k45_xisok_ube2w,seed-17_sample-3,sumo2_k45_xisok_ube2w/seed-17_sample-3/model.cif,0.21,0.59,0.31,,,,,sumo2_k45_xisok_ube2w,True,seed-17_sample-3
True,1,0.863,,,18.382,A/49,11.78,False,False,,,,,,12,A:96;B:151;L:1,sumo2_k45_xisok_ube2w,seed-17_sample-4,sumo2_k45_xisok_ube2w/seed-17_sample-4/model.cif,0.43,0.63,0.52,,,,,sumo2_k45_xisok_ube2w,True,seed-17_sample-4
True,1,1.273,,,7.772,B/91,7.772,True,False,,,,,,13,A:96;B:151;L:1,sumo2_k45_xisok_ube2w,seed-18_sample-0,sumo2_k45_xisok_ube2w/seed-18_sample-0/model.cif,0.26,0.6,0.33,,,,,sumo2_k45_xisok_ube2w,True,seed-18_sample-0
True,1,1.111,,,5.51,B/91,5.51,True,False,,,,,,16,A:96;B:151;L:1,sumo2_k45_xisok_ube2w,seed-18_sample-1,sumo2_k45_xisok_ube2w/seed-18_sample-1/model.cif,0.37,0.65,0.45,,,,,sumo2_k45_xisok_ube2w,True,seed-18_sample-1
True,1,0.949,,,4.157,B/91,4.157,True,False,,,,,,9,A:96;B:151;L:1,sumo2_k45_xisok_ube2w,seed-18_sample-2,sumo2_k45_xisok_ube2w/seed-18_sample-2/model.cif,0.34,0.64,0.44,,,,,sumo2_k45_xisok_ube2w,True,seed-18_sample-2
True,1,0.876,,,11.119,B/151,7.896,False,False,,,,,,14,A:96;B:151;L:1,sumo2_k45_xisok_ube2w,seed-18_sample-3,sumo2_k45_xisok_ube2w/seed-18_sample-3/model.cif,0.22,0.59,0.32,,,,,sumo2_k45_xisok_ube2w,True,seed-18_sample-3
True,1,1.086,,,4.765,B/91,4.765,True,False,,,,,,7,A:96;B:151;L:1,sumo2_k45_xisok_ube2w,seed-18_sample-4,sumo2_k45_xisok_ube2w/seed-18_sample-4/model.cif,0.31,0.63,0.4,,,,,sumo2_k45_xisok_ube2w,True,seed-18_sample-4
True,1,1.156,,,5.337,B/91,5.337,True,False,,,,,,12,A:96;B:151;L:1,sumo2_k45_xisok_ube2w,seed-19_sample-0,sumo2_k45_xisok_ube2w/seed-19_sample-0/model.cif,0.3,0.63,0.4,,,,,sumo2_k45_xisok_ube2w,True,seed-19_sample-0
True,1,1.237,,,5.726,B/91,5.726,True,False,,,,,,6,A:96;B:151;L:1,sumo2_k45_xisok_ube2w,seed-19_sample-1,sumo2_k45_xisok_ube2w/seed-19_sample-1/model.cif,0.31,0.63,0.41,,,,,sumo2_k45_xisok_ube2w,True,seed-19_sample-1
True,1,1.23,,,5.652,B/91,5.652,True,False,,,,,,21,A:96;B:151;L:1,sumo2_k45_xisok_ube2w,seed-19_sample-2,sumo2_k45_xisok_ube2w/seed-19_sample-2/model.cif,0.3,0.62,0.38,,,,,sumo2_k45_xisok_ube2w,True,seed-19_sample-2
True,1,1.279,,,5.943,B/91,5.943,True,False,,,,,,11,A:96;B:151;L:1,sumo2_k45_xisok_ube2w,seed-19_sample-3,sumo2_k45_xisok_ube2w/seed-19_sample-3/model.cif,0.28,0.62,0.37,,,,,sumo2_k45_xisok_ube2w,True,seed-19_sample-3
True,1,1.182,,,4.321,B/91,4.321,True,False,,,,,,8,A:96;B:151;L:1,sumo2_k45_xisok_ube2w,seed-19_sample-4,sumo2_k45_xisok_ube2w/seed-19_sample-4/model.cif,0.3,0.62,0.39,,,,,sumo2_k45_xisok_ube2w,True,seed-19_sample-4
True,1,1.058,,,4.678,B/91,4.678,True,False,,,,,,10,A:96;B:151;L:1,sumo2_k45_xisok_ube2w,seed-1_sample-0,sumo2_k45_xisok_ube2w/seed-1_sample-0/model.cif,0.34,0.63,0.45,,,,,sumo2_k45_xisok_ube2w,True,seed-1_sample-0
True,1,1.046,,,3.391,B/91,3.391,True,True,,,,,,7,A:96;B:151;L:1,sumo2_k45_xisok_ube2w,seed-1_sample-1,sumo2_k45_xisok_ube2w/seed-1_sample-1/model.cif,0.29,0.61,0.38,,,,,sumo2_k45_xisok_ube2w,True,seed-1_sample-1
True,1,0.919,,,4.603,B/91,4.603,True,False,,,,,,8,A:96;B:151;L:1,sumo2_k45_xisok_ube2w,seed-1_sample-2,sumo2_k45_xisok_ube2w/seed-1_sample-2/model.cif,0.27,0.61,0.39,,,,,sumo2_k45_xisok_ube2w,True,seed-1_sample-2
True,1,1.259,,,4.807,B/91,4.807,True,False,,,,,,10,A:96;B:151;L:1,sumo2_k45_xisok_ube2w,seed-1_sample-3,sumo2_k45_xisok_ube2w/seed-1_sample-3/model.cif,0.32,0.63,0.42,,,,,sumo2_k45_xisok_ube2w,True,seed-1_sample-3
True,1,1.004,,,4.117,B/91,4.117,True,False,,,,,,11,A:96;B:151;L:1,sumo2_k45_xisok_ube2w,seed-1_sample-4,sumo2_k45_xisok_ube2w/seed-1_sample-4/model.cif,0.26,0.6,0.36,,,,,sumo2_k45_xisok_ube2w,True,seed-1_sample-4
True,1,1.201,,,6.142,B/91,6.142,True,False,,,,,,12,A:96;B:151;L:1,sumo2_k45_xisok_ube2w,seed-20_sample-0,sumo2_k45_xisok_ube2w/seed-20_sample-0/model.cif,0.28,0.62,0.37,,,,,sumo2_k45_xisok_ube2w,True,seed-20_sample-0
True,1,1.129,,,8.682,B/91,8.682,True,False,,,,,,15,A:96;B:151;L:1,sumo2_k45_xisok_ube2w,seed-20_sample-1,sumo2_k45_xisok_ube2w/seed-20_sample-1/model.cif,0.25,0.6,0.37,,,,,sumo2_k45_xisok_ube2w,True,seed-20_sample-1
True,1,0.936,,,2.946,B/91,2.946,True,True,,,,,,12,A:96;B:151;L:1,sumo2_k45_xisok_ube2w,seed-20_sample-2,sumo2_k45_xisok_ube2w/seed-20_sample-2/model.cif,0.27,0.6,0.38,,,,,sumo2_k45_xisok_ube2w,True,seed-20_sample-2
True,1,1.066,,,5.548,B/91,5.548,True,False,,,,,,17,A:96;B:151;L:1,sumo2_k45_xisok_ube2w,seed-20_sample-3,sumo2_k45_xisok_ube2w/seed-20_sample-3/model.cif,0.25,0.59,0.37,,,,,sumo2_k45_xisok_ube2w,True,seed-20_sample-3
True,1,1.216,,,11.022,A/49,9.165,False,False,,,,,,10,A:96;B:151;L:1,sumo2_k45_xisok_ube2w,seed-20_sample-4,sumo2_k45_xisok_ube2w/seed-20_sample-4/model.cif,0.23,0.59,0.33,,,,,sumo2_k45_xisok_ube2w,True,seed-20_sample-4
True,1,1.262,,,8.278,B/135,8.145,False,False,,,,,,11,A:96;B:151;L:1,sumo2_k45_xisok_ube2w,seed-2_sample-0,sumo2_k45_xisok_ube2w/seed-2_sample-0/model.cif,0.27,0.61,0.34,,,,,sumo2_k45_xisok_ube2w,True,seed-2_sample-0
True,1,1.16,,,6.37,B/91,6.37,True,False,,,,,,6,A:96;B:151;L:1,sumo2_k45_xisok_ube2w,seed-2_sample-1,sumo2_k45_xisok_ube2w/seed-2_sample-1/model.cif,0.28,0.62,0.37,,,,,sumo2_k45_xisok_ube2w,True,seed-2_sample-1
True,1,1.101,,,6.418,B/91,6.418,True,False,,,,,,12,A:96;B:151;L:1,sumo2_k45_xisok_ube2w,seed-2_sample-2,sumo2_k45_xisok_ube2w/seed-2_sample-2/model.cif,0.29,0.62,0.38,,,,,sumo2_k45_xisok_ube2w,True,seed-2_sample-2
True,1,1.16,,,5.701,B/91,5.701,True,False,,,,,,13,A:96;B:151;L:1,sumo2_k45_xisok_ube2w,seed-2_sample-3,sumo2_k45_xisok_ube2w/seed-2_sample-3/model.cif,0.28,0.62,0.37,,,,,sumo2_k45_xisok_ube2w,True,seed-2_sample-3
True,1,1.191,,,6.339,B/91,6.339,True,False,,,,,,18,A:96;B:151;L:1,sumo2_k45_xisok_ube2w,seed-2_sample-4,sumo2_k45_xisok_ube2w/seed-2_sample-4/model.cif,0.29,0.62,0.39,,,,,sumo2_k45_xisok_ube2w,True,seed-2_sample-4
True,1,0.922,,,4.467,B/91,4.467,True,False,,,,,,14,A:96;B:151;L:1,sumo2_k45_xisok_ube2w,seed-3_sample-0,sumo2_k45_xisok_ube2w/seed-3_sample-0/model.cif,0.32,0.62,0.41,,,,,sumo2_k45_xisok_ube2w,True,seed-3_sample-0
True,1,1.218,,,4.121,B/91,4.121,True,False,,,,,,10,A:96;B:151;L:1,sumo2_k45_xisok_ube2w,seed-3_sample-1,sumo2_k45_xisok_ube2w/seed-3_sample-1/model.cif,0.34,0.63,0.42,,,,,sumo2_k45_xisok_ube2w,True,seed-3_sample-1
True,1,1.033,,,3.759,B/91,3.759,True,True,,,,,,13,A:96;B:151;L:1,sumo2_k45_xisok_ube2w,seed-3_sample-2,sumo2_k45_xisok_ube2w/seed-3_sample-2/model.cif,0.28,0.61,0.38,,,,,sumo2_k45_xisok_ube2w,True,seed-3_sample-2
True,1,1.049,,,4.974,B/151,4.735,False,False,,,,,,8,A:96;B:151;L:1,sumo2_k45_xisok_ube2w,seed-3_sample-3,sumo2_k45_xisok_ube2w/seed-3_sample-3/model.cif,0.28,0.61,0.36,,,,,sumo2_k45_xisok_ube2w,True,seed-3_sample-3
True,1,0.996,,,3.731,B/91,3.731,True,True,,,,,,8,A:96;B:151;L:1,sumo2_k45_xisok_ube2w,seed-3_sample-4,sumo2_k45_xisok_ube2w/seed-3_sample-4/model.cif,0.25,0.59,0.34,,,,,sumo2_k45_xisok_ube2w,True,seed-3_sample-4
True,1,1.014,,,5.077,B/151,3.587,False,False,,,,,,8,A:96;B:151;L:1,sumo2_k45_xisok_ube2w,seed-4_sample-0,sumo2_k45_xisok_ube2w/seed-4_sample-0/model.cif,0.36,0.64,0.45,,,,,sumo2_k45_xisok_ube2w,True,seed-4_sample-0
True,1,1.218,,,18.966,A/49,10.64,False,False,,,,,,13,A:96;B:151;L:1,sumo2_k45_xisok_ube2w,seed-4_sample-1,sumo2_k45_xisok_ube2w/seed-4_sample-1/model.cif,0.36,0.62,0.44,,,,,sumo2_k45_xisok_ube2w,True,seed-4_sample-1
True,1,0.841,,,6.09,B/91,6.09,True,False,,,,,,16,A:96;B:151;L:1,sumo2_k45_xisok_ube2w,seed-4_sample-2,sumo2_k45_xisok_ube2w/seed-4_sample-2/model.cif,0.24,0.59,0.34,,,,,sumo2_k45_xisok_ube2w,True,seed-4_sample-2
True,1,1.244,,,5.968,B/91,5.968,True,False,,,,,,14,A:96;B:151;L:1,sumo2_k45_xisok_ube2w,seed-4_sample-3,sumo2_k45_xisok_ube2w/seed-4_sample-3/model.cif,0.32,0.63,0.42,,,,,sumo2_k45_xisok_ube2w,True,seed-4_sample-3
True,1,0.846,,,15.555,A/49,12.101,False,False,,,,,,18,A:96;B:151;L:1,sumo2_k45_xisok_ube2w,seed-4_sample-4,sumo2_k45_xisok_ube2w/seed-4_sample-4/model.cif,0.24,0.6,0.34,,,,,sumo2_k45_xisok_ube2w,True,seed-4_sample-4
True,1,1.092,,,4.866,B/91,4.866,True,False,,,,,,12,A:96;B:151;L:1,sumo2_k45_xisok_ube2w,seed-5_sample-0,sumo2_k45_xisok_ube2w/seed-5_sample-0/model.cif,0.32,0.62,0.41,,,,,sumo2_k45_xisok_ube2w,True,seed-5_sample-0
True,1,1.194,,,5.48,B/91,5.48,True,False,,,,,,13,A:96;B:151;L:1,sumo2_k45_xisok_ube2w,seed-5_sample-1,sumo2_k45_xisok_ube2w/seed-5_sample-1/model.cif,0.34,0.64,0.43,,,,,sumo2_k45_xisok_ube2w,True,seed-5_sample-1
True,1,1.258,,,7.336,B/91,7.336,True,False,,,,,,16,A:96;B:151;L:1,sumo2_k45_xisok_ube2w,seed-5_sample-2,sumo2_k45_xisok_ube2w/seed-5_sample-2/model.cif,0.28,0.61,0.39,,,,,sumo2_k45_xisok_ube2w,True,seed-5_sample-2
True,1,1.255,,,4.862,B/91,4.862,True,False,,,,,,11,A:96;B:151;L:1,sumo2_k45_xisok_ube2w,seed-5_sample-3,sumo2_k45_xisok_ube2w/seed-5_sample-3/model.cif,0.28,0.61,0.39,,,,,sumo2_k45_xisok_ube2w,True,seed-5_sample-3
True,1,1.141,,,5.761,B/91,5.761,True,False,,,,,,13,A:96;B:151;L:1,sumo2_k45_xisok_ube2w,seed-5_sample-4,sumo2_k45_xisok_ube2w/seed-5_sample-4/model.cif,0.35,0.64,0.41,,,,,sumo2_k45_xisok_ube2w,True,seed-5_sample-4
True,1,1.002,,,6.054,B/91,6.054,True,False,,,,,,10,A:96;B:151;L:1,sumo2_k45_xisok_ube2w,seed-6_sample-0,sumo2_k45_xisok_ube2w/seed-6_sample-0/model.cif,0.34,0.64,0.43,,,,,sumo2_k45_xisok_ube2w,True,seed-6_sample-0
True,1,1.111,,,27.796,A/49,13.122,False,False,,,,,,13,A:96;B:151;L:1,sumo2_k45_xisok_ube2w,seed-6_sample-1,sumo2_k45_xisok_ube2w/seed-6_sample-1/model.cif,0.37,0.64,0.44,,,,,sumo2_k45_xisok_ube2w,True,seed-6_sample-1
True,1,1.223,,,4.742,B/91,4.742,True,False,,,,,,14,A:96;B:151;L:1,sumo2_k45_xisok_ube2w,seed-6_sample-2,sumo2_k45_xisok_ube2w/seed-6_sample-2/model.cif,0.29,0.62,0.36,,,,,sumo2_k45_xisok_ube2w,True,seed-6_sample-2
True,1,0.986,,,6.595,B/91,6.595,True,False,,,,,,10,A:96;B:151;L:1,sumo2_k45_xisok_ube2w,seed-6_sample-3,sumo2_k45_xisok_ube2w/seed-6_sample-3/model.cif,0.28,0.61,0.37,,,,,sumo2_k45_xisok_ube2w,True,seed-6_sample-3
True,1,1.202,,,5.233,B/91,5.233,True,False,,,,,,20,A:96;B:151;L:1,sumo2_k45_xisok_ube2w,seed-6_sample-4,sumo2_k45_xisok_ube2w/seed-6_sample-4/model.cif,0.32,0.63,0.4,,,,,sumo2_k45_xisok_ube2w,True,seed-6_sample-4
True,1,1.012,,,4.865,B/151,4.617,False,False,,,,,,11,A:96;B:151;L:1,sumo2_k45_xisok_ube2w,seed-7_sample-0,sumo2_k45_xisok_ube2w/seed-7_sample-0/model.cif,0.28,0.6,0.37,,,,,sumo2_k45_xisok_ube2w,True,seed-7_sample-0
True,1,1.129,,,4.5,B/91,4.5,True,False,,,,,,11,A:96;B:151;L:1,sumo2_k45_xisok_ube2w,seed-7_sample-1,sumo2_k45_xisok_ube2w/seed-7_sample-1/model.cif,0.28,0.61,0.36,,,,,sumo2_k45_xisok_ube2w,True,seed-7_sample-1
True,1,1.179,,,6.149,B/91,6.149,True,False,,,,,,8,A:96;B:151;L:1,sumo2_k45_xisok_ube2w,seed-7_sample-2,sumo2_k45_xisok_ube2w/seed-7_sample-2/model.cif,0.31,0.63,0.42,,,,,sumo2_k45_xisok_ube2w,True,seed-7_sample-2
True,1,1.108,,,19.273,A/49,9.552,False,False,,,,,,11,A:96;B:151;L:1,sumo2_k45_xisok_ube2w,seed-7_sample-3,sumo2_k45_xisok_ube2w/seed-7_sample-3/model.cif,0.47,0.66,0.52,,,,,sumo2_k45_xisok_ube2w,True,seed-7_sample-3
True,1,0.992,,,4.536,B/91,4.536,True,False,,,,,,8,A:96;B:151;L:1,sumo2_k45_xisok_ube2w,seed-7_sample-4,sumo2_k45_xisok_ube2w/seed-7_sample-4/model.cif,0.29,0.61,0.4,,,,,sumo2_k45_xisok_ube2w,True,seed-7_sample-4
True,1,1.133,,,4.781,B/91,4.781,True,False,,,,,,11,A:96;B:151;L:1,sumo2_k45_xisok_ube2w,seed-8_sample-0,sumo2_k45_xisok_ube2w/seed-8_sample-0/model.cif,0.24,0.6,0.35,,,,,sumo2_k45_xisok_ube2w,True,seed-8_sample-0
True,1,1.071,,,5.603,B/151,4.326,False,False,,,,,,13,A:96;B:151;L:1,sumo2_k45_xisok_ube2w,seed-8_sample-1,sumo2_k45_xisok_ube2w/seed-8_sample-1/model.cif,0.3,0.62,0.4,,,,,sumo2_k45_xisok_ube2w,True,seed-8_sample-1
True,1,1.167,,,23.971,A/49,11.179,False,False,,,,,,9,A:96;B:151;L:1,sumo2_k45_xisok_ube2w,seed-8_sample-2,sumo2_k45_xisok_ube2w/seed-8_sample-2/model.cif,0.49,0.66,0.55,,,,,sumo2_k45_xisok_ube2w,True,seed-8_sample-2
True,1,0.934,,,4.845,B/91,4.845,True,False,,,,,,13,A:96;B:151;L:1,sumo2_k45_xisok_ube2w,seed-8_sample-3,sumo2_k45_xisok_ube2w/seed-8_sample-3/model.cif,0.3,0.62,0.38,,,,,sumo2_k45_xisok_ube2w,True,seed-8_sample-3
True,1,1.191,,,22.428,A/49,10.468,False,False,,,,,,9,A:96;B:151;L:1,sumo2_k45_xisok_ube2w,seed-8_sample-4,sumo2_k45_xisok_ube2w/seed-8_sample-4/model.cif,0.45,0.63,0.5,,,,,sumo2_k45_xisok_ube2w,True,seed-8_sample-4
True,1,1.067,,,3.773,B/91,3.773,True,True,,,,,,12,A:96;B:151;L:1,sumo2_k45_xisok_ube2w,seed-9_sample-0,sumo2_k45_xisok_ube2w/seed-9_sample-0/model.cif,0.25,0.59,0.36,,,,,sumo2_k45_xisok_ube2w,True,seed-9_sample-0
True,1,0.953,,,4.072,B/91,4.072,True,False,,,,,,7,A:96;B:151;L:1,sumo2_k45_xisok_ube2w,seed-9_sample-1,sumo2_k45_xisok_ube2w/seed-9_sample-1/model.cif,0.31,0.63,0.41,,,,,sumo2_k45_xisok_ube2w,True,seed-9_sample-1
True,1,0.913,,,3.723,B/91,3.723,True,True,,,,,,8,A:96;B:151;L:1,sumo2_k45_xisok_ube2w,seed-9_sample-2,sumo2_k45_xisok_ube2w/seed-9_sample-2/model.cif,0.27,0.61,0.38,,,,,sumo2_k45_xisok_ube2w,True,seed-9_sample-2
True,1,1.038,,,5.18,B/91,5.18,True,False,,,,,,7,A:96;B:151;L:1,sumo2_k45_xisok_ube2w,seed-9_sample-3,sumo2_k45_xisok_ube2w/seed-9_sample-3/model.cif,0.27,0.61,0.37,,,,,sumo2_k45_xisok_ube2w,True,seed-9_sample-3
True,1,1.017,,,5.248,B/91,5.248,True,False,,,,,,11,A:96;B:151;L:1,sumo2_k45_xisok_ube2w,seed-9_sample-4,sumo2_k45_xisok_ube2w/seed-9_sample-4/model.cif,0.28,0.62,0.38,,,,,sumo2_k45_xisok_ube2w,True,seed-9_sample-4
True,1,0.99,,,4.767,B/91,4.767,True,False,,,,,,17,A:96;B:151;L:1,sumo2_k5_xisok_ube2w,seed-10_sample-0,sumo2_k5_xisok_ube2w/seed-10_sample-0/model.cif,0.39,0.61,0.47,,,,,sumo2_k5_xisok_ube2w,True,seed-10_sample-0
True,1,1.0,,,4.62,B/91,4.62,True,False,,,,,,8,A:96;B:151;L:1,sumo2_k5_xisok_ube2w,seed-10_sample-1,sumo2_k5_xisok_ube2w/seed-10_sample-1/model.cif,0.39,0.6,0.49,,,,,sumo2_k5_xisok_ube2w,True,seed-10_sample-1
True,1,0.979,,,5.34,B/91,5.34,True,False,,,,,,15,A:96;B:151;L:1,sumo2_k5_xisok_ube2w,seed-10_sample-2,sumo2_k5_xisok_ube2w/seed-10_sample-2/model.cif,0.3,0.6,0.38,,,,,sumo2_k5_xisok_ube2w,True,seed-10_sample-2
True,1,1.105,,,5.504,B/91,5.504,True,False,,,,,,8,A:96;B:151;L:1,sumo2_k5_xisok_ube2w,seed-10_sample-3,sumo2_k5_xisok_ube2w/seed-10_sample-3/model.cif,0.43,0.61,0.5,,,,,sumo2_k5_xisok_ube2w,True,seed-10_sample-3
True,1,0.994,,,4.463,B/151,3.068,False,False,,,,,,9,A:96;B:151;L:1,sumo2_k5_xisok_ube2w,seed-10_sample-4,sumo2_k5_xisok_ube2w/seed-10_sample-4/model.cif,0.39,0.61,0.47,,,,,sumo2_k5_xisok_ube2w,True,seed-10_sample-4
True,1,0.967,,,4.917,B/91,4.917,True,False,,,,,,15,A:96;B:151;L:1,sumo2_k5_xisok_ube2w,seed-11_sample-0,sumo2_k5_xisok_ube2w/seed-11_sample-0/model.cif,0.35,0.61,0.46,,,,,sumo2_k5_xisok_ube2w,True,seed-11_sample-0
True,1,1.162,,,5.48,B/91,5.48,True,False,,,,,,7,A:96;B:151;L:1,sumo2_k5_xisok_ube2w,seed-11_sample-1,sumo2_k5_xisok_ube2w/seed-11_sample-1/model.cif,0.22,0.6,0.33,,,,,sumo2_k5_xisok_ube2w,True,seed-11_sample-1
True,1,1.087,,,4.725,B/91,4.725,True,False,,,,,,10,A:96;B:151;L:1,sumo2_k5_xisok_ube2w,seed-11_sample-2,sumo2_k5_xisok_ube2w/seed-11_sample-2/model.cif,0.27,0.6,0.37,,,,,sumo2_k5_xisok_ube2w,True,seed-11_sample-2
True,1,0.935,,,4.87,B/91,4.87,True,False,,,,,,14,A:96;B:151;L:1,sumo2_k5_xisok_ube2w,seed-11_sample-3,sumo2_k5_xisok_ube2w/seed-11_sample-3/model.cif,0.28,0.59,0.38,,,,,sumo2_k5_xisok_ube2w,True,seed-11_sample-3
True,1,0.999,,,4.782,B/91,4.782,True,False,,,,,,12,A:96;B:151;L:1,sumo2_k5_xisok_ube2w,seed-11_sample-4,sumo2_k5_xisok_ube2w/seed-11_sample-4/model.cif,0.38,0.59,0.47,,,,,sumo2_k5_xisok_ube2w,True,seed-11_sample-4
True,1,1.136,,,5.269,B/91,5.269,True,False,,,,,,9,A:96;B:151;L:1,sumo2_k5_xisok_ube2w,seed-12_sample-0,sumo2_k5_xisok_ube2w/seed-12_sample-0/model.cif,0.33,0.6,0.41,,,,,sumo2_k5_xisok_ube2w,True,seed-12_sample-0
True,1,1.102,,,4.709,B/91,4.709,True,False,,,,,,18,A:96;B:151;L:1,sumo2_k5_xisok_ube2w,seed-12_sample-1,sumo2_k5_xisok_ube2w/seed-12_sample-1/model.cif,0.25,0.6,0.34,,,,,sumo2_k5_xisok_ube2w,True,seed-12_sample-1
True,1,0.827,,,4.26,B/91,4.26,True,False,,,,,,10,A:96;B:151;L:1,sumo2_k5_xisok_ube2w,seed-12_sample-2,sumo2_k5_xisok_ube2w/seed-12_sample-2/model.cif,0.22,0.58,0.34,,,,,sumo2_k5_xisok_ube2w,True,seed-12_sample-2
True,1,0.978,,,4.711,B/91,4.711,True,False,,,,,,15,A:96;B:151;L:1,sumo2_k5_xisok_ube2w,seed-12_sample-3,sumo2_k5_xisok_ube2w/seed-12_sample-3/model.cif,0.38,0.6,0.46,,,,,sumo2_k5_xisok_ube2w,True,seed-12_sample-3
True,1,1.118,,,4.9,B/91,4.9,True,False,,,,,,15,A:96;B:151;L:1,sumo2_k5_xisok_ube2w,seed-12_sample-4,sumo2_k5_xisok_ube2w/seed-12_sample-4/model.cif,0.35,0.61,0.42,,,,,sumo2_k5_xisok_ube2w,True,seed-12_sample-4
True,1,1.128,,,5.133,B/91,5.133,True,False,,,,,,8,A:96;B:151;L:1,sumo2_k5_xisok_ube2w,seed-13_sample-0,sumo2_k5_xisok_ube2w/seed-13_sample-0/model.cif,0.34,0.6,0.4,,,,,sumo2_k5_xisok_ube2w,True,seed-13_sample-0
True,1,1.126,,,4.934,B/91,4.934,True,False,,,,,,8,A:96;B:151;L:1,sumo2_k5_xisok_ube2w,seed-13_sample-1,sumo2_k5_xisok_ube2w/seed-13_sample-1/model.cif,0.28,0.6,0.39,,,,,sumo2_k5_xisok_ube2w,True,seed-13_sample-1
True,1,1.104,,,5.511,B/91,5.511,True,False,,,,,,10,A:96;B:151;L:1,sumo2_k5_xisok_ube2w,seed-13_sample-2,sumo2_k5_xisok_ube2w/seed-13_sample-2/model.cif,0.45,0.61,0.5,,,,,sumo2_k5_xisok_ube2w,True,seed-13_sample-2
True,1,1.109,,,5.002,B/91,5.002,True,False,,,,,,16,A:96;B:151;L:1,sumo2_k5_xisok_ube2w,seed-13_sample-3,sumo2_k5_xisok_ube2w/seed-13_sample-3/model.cif,0.42,0.63,0.49,,,,,sumo2_k5_xisok_ube2w,True,seed-13_sample-3
True,1,1.11,,,4.932,B/91,4.932,True,False,,,,,,7,A:96;B:151;L:1,sumo2_k5_xisok_ube2w,seed-13_sample-4,sumo2_k5_xisok_ube2w/seed-13_sample-4/model.cif,0.36,0.61,0.44,,,,,sumo2_k5_xisok_ube2w,True,seed-13_sample-4
True,1,0.798,,,5.037,B/91,5.037,True,False,,,,,,8,A:96;B:151;L:1,sumo2_k5_xisok_ube2w,seed-14_sample-0,sumo2_k5_xisok_ube2w/seed-14_sample-0/model.cif,0.32,0.6,0.41,,,,,sumo2_k5_xisok_ube2w,True,seed-14_sample-0
True,1,1.111,,,5.322,B/91,5.322,True,False,,,,,,11,A:96;B:151;L:1,sumo2_k5_xisok_ube2w,seed-14_sample-1,sumo2_k5_xisok_ube2w/seed-14_sample-1/model.cif,0.3,0.61,0.39,,,,,sumo2_k5_xisok_ube2w,True,seed-14_sample-1
True,1,1.11,,,5.08,B/91,5.08,True,False,,,,,,9,A:96;B:151;L:1,sumo2_k5_xisok_ube2w,seed-14_sample-2,sumo2_k5_xisok_ube2w/seed-14_sample-2/model.cif,0.25,0.6,0.35,,,,,sumo2_k5_xisok_ube2w,True,seed-14_sample-2
True,1,0.985,,,4.672,B/91,4.672,True,False,,,,,,14,A:96;B:151;L:1,sumo2_k5_xisok_ube2w,seed-14_sample-3,sumo2_k5_xisok_ube2w/seed-14_sample-3/model.cif,0.32,0.61,0.4,,,,,sumo2_k5_xisok_ube2w,True,seed-14_sample-3
True,1,1.107,,,5.563,B/91,5.563,True,False,,,,,,13,A:96;B:151;L:1,sumo2_k5_xisok_ube2w,seed-14_sample-4,sumo2_k5_xisok_ube2w/seed-14_sample-4/model.cif,0.29,0.61,0.4,,,,,sumo2_k5_xisok_ube2w,True,seed-14_sample-4
True,1,0.86,,,4.539,B/91,4.539,True,False,,,,,,15,A:96;B:151;L:1,sumo2_k5_xisok_ube2w,seed-15_sample-0,sumo2_k5_xisok_ube2w/seed-15_sample-0/model.cif,0.38,0.62,0.48,,,,,sumo2_k5_xisok_ube2w,True,seed-15_sample-0
True,1,1.141,,,4.687,B/151,2.213,False,False,,,,,,9,A:96;B:151;L:1,sumo2_k5_xisok_ube2w,seed-15_sample-1,sumo2_k5_xisok_ube2w/seed-15_sample-1/model.cif,0.36,0.61,0.43,,,,,sumo2_k5_xisok_ube2w,True,seed-15_sample-1
True,1,1.046,,,5.268,B/91,5.268,True,False,,,,,,15,A:96;B:151;L:1,sumo2_k5_xisok_ube2w,seed-15_sample-2,sumo2_k5_xisok_ube2w/seed-15_sample-2/model.cif,0.3,0.62,0.39,,,,,sumo2_k5_xisok_ube2w,True,seed-15_sample-2
True,1,1.081,,,4.893,B/91,4.893,True,False,,,,,,11,A:96;B:151;L:1,sumo2_k5_xisok_ube2w,seed-15_sample-3,sumo2_k5_xisok_ube2w/seed-15_sample-3/model.cif,0.38,0.62,0.46,,,,,sumo2_k5_xisok_ube2w,True,seed-15_sample-3
True,1,1.099,,,4.952,B/91,4.952,True,False,,,,,,10,A:96;B:151;L:1,sumo2_k5_xisok_ube2w,seed-15_sample-4,sumo2_k5_xisok_ube2w/seed-15_sample-4/model.cif,0.42,0.62,0.5,,,,,sumo2_k5_xisok_ube2w,True,seed-15_sample-4
True,1,1.129,,,5.145,B/91,5.145,True,False,,,,,,12,A:96;B:151;L:1,sumo2_k5_xisok_ube2w,seed-16_sample-0,sumo2_k5_xisok_ube2w/seed-16_sample-0/model.cif,0.28,0.61,0.37,,,,,sumo2_k5_xisok_ube2w,True,seed-16_sample-0
True,1,1.106,,,5.096,B/91,5.096,True,False,,,,,,7,A:96;B:151;L:1,sumo2_k5_xisok_ube2w,seed-16_sample-1,sumo2_k5_xisok_ube2w/seed-16_sample-1/model.cif,0.37,0.6,0.44,,,,,sumo2_k5_xisok_ube2w,True,seed-16_sample-1
True,1,0.985,,,4.995,B/91,4.995,True,False,,,,,,16,A:96;B:151;L:1,sumo2_k5_xisok_ube2w,seed-16_sample-2,sumo2_k5_xisok_ube2w/seed-16_sample-2/model.cif,0.39,0.61,0.46,,,,,sumo2_k5_xisok_ube2w,True,seed-16_sample-2
True,1,1.035,,,5.005,B/91,5.005,True,False,,,,,,11,A:96;B:151;L:1,sumo2_k5_xisok_ube2w,seed-16_sample-3,sumo2_k5_xisok_ube2w/seed-16_sample-3/model.cif,0.23,0.58,0.32,,,,,sumo2_k5_xisok_ube2w,True,seed-16_sample-3
True,1,1.096,,,14.371,B/151,13.106,False,False,,,,,,20,A:96;B:151;L:1,sumo2_k5_xisok_ube2w,seed-16_sample-4,sumo2_k5_xisok_ube2w/seed-16_sample-4/model.cif,0.2,0.57,0.3,,,,,sumo2_k5_xisok_ube2w,True,seed-16_sample-4
True,1,1.178,,,4.851,B/91,4.851,True,False,,,,,,15,A:96;B:151;L:1,sumo2_k5_xisok_ube2w,seed-17_sample-0,sumo2_k5_xisok_ube2w/seed-17_sample-0/model.cif,0.34,0.62,0.41,,,,,sumo2_k5_xisok_ube2w,True,seed-17_sample-0
True,1,1.126,,,5.055,B/91,5.055,True,False,,,,,,10,A:96;B:151;L:1,sumo2_k5_xisok_ube2w,seed-17_sample-1,sumo2_k5_xisok_ube2w/seed-17_sample-1/model.cif,0.42,0.61,0.49,,,,,sumo2_k5_xisok_ube2w,True,seed-17_sample-1
True,1,0.928,,,5.045,B/151,4.587,False,False,,,,,,14,A:96;B:151;L:1,sumo2_k5_xisok_ube2w,seed-17_sample-2,sumo2_k5_xisok_ube2w/seed-17_sample-2/model.cif,0.34,0.61,0.42,,,,,sumo2_k5_xisok_ube2w,True,seed-17_sample-2
True,1,0.947,,,4.181,B/91,4.181,True,False,,,,,,14,A:96;B:151;L:1,sumo2_k5_xisok_ube2w,seed-17_sample-3,sumo2_k5_xisok_ube2w/seed-17_sample-3/model.cif,0.39,0.61,0.5,,,,,sumo2_k5_xisok_ube2w,True,seed-17_sample-3
True,1,0.909,,,4.499,B/91,4.499,True,False,,,,,,15,A:96;B:151;L:1,sumo2_k5_xisok_ube2w,seed-17_sample-4,sumo2_k5_xisok_ube2w/seed-17_sample-4/model.cif,0.42,0.62,0.5,,,,,sumo2_k5_xisok_ube2w,True,seed-17_sample-4
True,1,1.083,,,4.82,B/91,4.82,True,False,,,,,,10,A:96;B:151;L:1,sumo2_k5_xisok_ube2w,seed-18_sample-0,sumo2_k5_xisok_ube2w/seed-18_sample-0/model.cif,0.4,0.61,0.47,,,,,sumo2_k5_xisok_ube2w,True,seed-18_sample-0
True,1,1.034,,,4.965,B/91,4.965,True,False,,,,,,13,A:96;B:151;L:1,sumo2_k5_xisok_ube2w,seed-18_sample-1,sumo2_k5_xisok_ube2w/seed-18_sample-1/model.cif,0.36,0.59,0.44,,,,,sumo2_k5_xisok_ube2w,True,seed-18_sample-1
True,1,1.108,,,5.168,B/91,5.168,True,False,,,,,,10,A:96;B:151;L:1,sumo2_k5_xisok_ube2w,seed-18_sample-2,sumo2_k5_xisok_ube2w/seed-18_sample-2/model.cif,0.29,0.6,0.38,,,,,sumo2_k5_xisok_ube2w,True,seed-18_sample-2
True,1,1.102,,,5.786,B/91,5.786,True,False,,,,,,15,A:96;B:151;L:1,sumo2_k5_xisok_ube2w,seed-18_sample-3,sumo2_k5_xisok_ube2w/seed-18_sample-3/model.cif,0.32,0.61,0.4,,,,,sumo2_k5_xisok_ube2w,True,seed-18_sample-3
True,1,1.123,,,5.021,B/91,5.021,True,False,,,,,,9,A:96;B:151;L:1,sumo2_k5_xisok_ube2w,seed-18_sample-4,sumo2_k5_xisok_ube2w/seed-18_sample-4/model.cif,0.33,0.6,0.43,,,,,sumo2_k5_xisok_ube2w,True,seed-18_sample-4
True,1,1.089,,,4.483,B/91,4.483,True,False,,,,,,12,A:96;B:151;L:1,sumo2_k5_xisok_ube2w,seed-19_sample-0,sumo2_k5_xisok_ube2w/seed-19_sample-0/model.cif,0.26,0.59,0.36,,,,,sumo2_k5_xisok_ube2w,True,seed-19_sample-0
True,1,0.998,,,4.897,B/91,4.897,True,False,,,,,,13,A:96;B:151;L:1,sumo2_k5_xisok_ube2w,seed-19_sample-1,sumo2_k5_xisok_ube2w/seed-19_sample-1/model.cif,0.31,0.59,0.43,,,,,sumo2_k5_xisok_ube2w,True,seed-19_sample-1
True,1,0.944,,,4.78,B/91,4.78,True,False,,,,,,14,A:96;B:151;L:1,sumo2_k5_xisok_ube2w,seed-19_sample-2,sumo2_k5_xisok_ube2w/seed-19_sample-2/model.cif,0.4,0.61,0.47,,,,,sumo2_k5_xisok_ube2w,True,seed-19_sample-2
True,1,1.138,,,4.317,B/91,4.317,True,False,,,,,,8,A:96;B:151;L:1,sumo2_k5_xisok_ube2w,seed-19_sample-3,sumo2_k5_xisok_ube2w/seed-19_sample-3/model.cif,0.21,0.58,0.32,,,,,sumo2_k5_xisok_ube2w,True,seed-19_sample-3
True,1,1.165,,,4.804,B/91,4.804,True,False,,,,,,8,A:96;B:151;L:1,sumo2_k5_xisok_ube2w,seed-19_sample-4,sumo2_k5_xisok_ube2w/seed-19_sample-4/model.cif,0.27,0.6,0.36,,,,,sumo2_k5_xisok_ube2w,True,seed-19_sample-4
True,1,1.078,,,5.276,B/91,5.276,True,False,,,,,,9,A:96;B:151;L:1,sumo2_k5_xisok_ube2w,seed-1_sample-0,sumo2_k5_xisok_ube2w/seed-1_sample-0/model.cif,0.27,0.6,0.37,,,,,sumo2_k5_xisok_ube2w,True,seed-1_sample-0
True,1,1.116,,,4.984,B/91,4.984,True,False,,,,,,11,A:96;B:151;L:1,sumo2_k5_xisok_ube2w,seed-1_sample-1,sumo2_k5_xisok_ube2w/seed-1_sample-1/model.cif,0.37,0.6,0.46,,,,,sumo2_k5_xisok_ube2w,True,seed-1_sample-1
True,1,0.954,,,5.361,B/151,3.869,False,False,,,,,,14,A:96;B:151;L:1,sumo2_k5_xisok_ube2w,seed-1_sample-2,sumo2_k5_xisok_ube2w/seed-1_sample-2/model.cif,0.36,0.6,0.45,,,,,sumo2_k5_xisok_ube2w,True,seed-1_sample-2
True,1,1.002,,,4.681,B/91,4.681,True,False,,,,,,9,A:96;B:151;L:1,sumo2_k5_xisok_ube2w,seed-1_sample-3,sumo2_k5_xisok_ube2w/seed-1_sample-3/model.cif,0.45,0.62,0.52,,,,,sumo2_k5_xisok_ube2w,True,seed-1_sample-3
True,1,1.155,,,5.921,B/91,5.921,True,False,,,,,,18,A:96;B:151;L:1,sumo2_k5_xisok_ube2w,seed-1_sample-4,sumo2_k5_xisok_ube2w/seed-1_sample-4/model.cif,0.31,0.61,0.4,,,,,sumo2_k5_xisok_ube2w,True,seed-1_sample-4
True,1,0.937,,,4.804,B/91,4.804,True,False,,,,,,12,A:96;B:151;L:1,sumo2_k5_xisok_ube2w,seed-20_sample-0,sumo2_k5_xisok_ube2w/seed-20_sample-0/model.cif,0.37,0.6,0.46,,,,,sumo2_k5_xisok_ube2w,True,seed-20_sample-0
True,1,0.883,,,4.716,B/91,4.716,True,False,,,,,,15,A:96;B:151;L:1,sumo2_k5_xisok_ube2w,seed-20_sample-1,sumo2_k5_xisok_ube2w/seed-20_sample-1/model.cif,0.38,0.61,0.48,,,,,sumo2_k5_xisok_ube2w,True,seed-20_sample-1
True,1,1.038,,,5.49,B/91,5.49,True,False,,,,,,18,A:96;B:151;L:1,sumo2_k5_xisok_ube2w,seed-20_sample-2,sumo2_k5_xisok_ube2w/seed-20_sample-2/model.cif,0.22,0.57,0.35,,,,,sumo2_k5_xisok_ube2w,True,seed-20_sample-2
True,1,1.119,,,5.064,B/91,5.064,True,False,,,,,,15,A:96;B:151;L:1,sumo2_k5_xisok_ube2w,seed-20_sample-3,sumo2_k5_xisok_ube2w/seed-20_sample-3/model.cif,0.4,0.61,0.46,,,,,sumo2_k5_xisok_ube2w,True,seed-20_sample-3
True,1,1.052,,,4.654,B/91,4.654,True,False,,,,,,11,A:96;B:151;L:1,sumo2_k5_xisok_ube2w,seed-20_sample-4,sumo2_k5_xisok_ube2w/seed-20_sample-4/model.cif,0.38,0.6,0.45,,,,,sumo2_k5_xisok_ube2w,True,seed-20_sample-4
True,1,0.842,,,4.754,B/91,4.754,True,False,,,,,,6,A:96;B:151;L:1,sumo2_k5_xisok_ube2w,seed-2_sample-0,sumo2_k5_xisok_ube2w/seed-2_sample-0/model.cif,0.25,0.59,0.35,,,,,sumo2_k5_xisok_ube2w,True,seed-2_sample-0
True,1,1.107,,,5.55,B/151,5.422,False,False,,,,,,11,A:96;B:151;L:1,sumo2_k5_xisok_ube2w,seed-2_sample-1,sumo2_k5_xisok_ube2w/seed-2_sample-1/model.cif,0.26,0.6,0.35,,,,,sumo2_k5_xisok_ube2w,True,seed-2_sample-1
True,1,0.929,,,4.401,B/91,4.401,True,False,,,,,,7,A:96;B:151;L:1,sumo2_k5_xisok_ube2w,seed-2_sample-2,sumo2_k5_xisok_ube2w/seed-2_sample-2/model.cif,0.39,0.6,0.46,,,,,sumo2_k5_xisok_ube2w,True,seed-2_sample-2
True,1,1.1,,,6.031,B/91,6.031,True,False,,,,,,19,A:96;B:151;L:1,sumo2_k5_xisok_ube2w,seed-2_sample-3,sumo2_k5_xisok_ube2w/seed-2_sample-3/model.cif,0.16,0.54,0.26,,,,,sumo2_k5_xisok_ube2w,True,seed-2_sample-3
True,1,0.945,,,4.586,B/91,4.586,True,False,,,,,,12,A:96;B:151;L:1,sumo2_k5_xisok_ube2w,seed-2_sample-4,sumo2_k5_xisok_ube2w/seed-2_sample-4/model.cif,0.36,0.6,0.46,,,,,sumo2_k5_xisok_ube2w,True,seed-2_sample-4
True,1,0.942,,,4.575,B/91,4.575,True,False,,,,,,10,A:96;B:151;L:1,sumo2_k5_xisok_ube2w,seed-3_sample-0,sumo2_k5_xisok_ube2w/seed-3_sample-0/model.cif,0.39,0.59,0.46,,,,,sumo2_k5_xisok_ube2w,True,seed-3_sample-0
True,1,1.106,,,5.248,B/91,5.248,True,False,,,,,,13,A:96;B:151;L:1,sumo2_k5_xisok_ube2w,seed-3_sample-1,sumo2_k5_xisok_ube2w/seed-3_sample-1/model.cif,0.29,0.59,0.38,,,,,sumo2_k5_xisok_ube2w,True,seed-3_sample-1
True,1,1.09,,,5.162,B/91,5.162,True,False,,,,,,6,A:96;B:151;L:1,sumo2_k5_xisok_ube2w,seed-3_sample-2,sumo2_k5_xisok_ube2w/seed-3_sample-2/model.cif,0.23,0.59,0.33,,,,,sumo2_k5_xisok_ube2w,True,seed-3_sample-2
True,1,0.979,,,4.716,B/91,4.716,True,False,,,,,,13,A:96;B:151;L:1,sumo2_k5_xisok_ube2w,seed-3_sample-3,sumo2_k5_xisok_ube2w/seed-3_sample-3/model.cif,0.38,0.61,0.47,,,,,sumo2_k5_xisok_ube2w,True,seed-3_sample-3
True,1,1.101,,,4.937,B/91,4.937,True,False,,,,,,14,A:96;B:151;L:1,sumo2_k5_xisok_ube2w,seed-3_sample-4,sumo2_k5_xisok_ube2w/seed-3_sample-4/model.cif,0.39,0.61,0.46,,,,,sumo2_k5_xisok_ube2w,True,seed-3_sample-4
True,1,0.899,,,4.701,B/91,4.701,True,False,,,,,,9,A:96;B:151;L:1,sumo2_k5_xisok_ube2w,seed-4_sample-0,sumo2_k5_xisok_ube2w/seed-4_sample-0/model.cif,0.37,0.61,0.46,,,,,sumo2_k5_xisok_ube2w,True,seed-4_sample-0
True,1,1.044,,,5.006,B/91,5.006,True,False,,,,,,11,A:96;B:151;L:1,sumo2_k5_xisok_ube2w,seed-4_sample-1,sumo2_k5_xisok_ube2w/seed-4_sample-1/model.cif,0.36,0.61,0.44,,,,,sumo2_k5_xisok_ube2w,True,seed-4_sample-1
True,1,1.187,,,5.08,B/151,4.938,False,False,,,,,,12,A:96;B:151;L:1,sumo2_k5_xisok_ube2w,seed-4_sample-2,sumo2_k5_xisok_ube2w/seed-4_sample-2/model.cif,0.29,0.61,0.37,,,,,sumo2_k5_xisok_ube2w,True,seed-4_sample-2
True,1,0.91,,,4.262,B/91,4.262,True,False,,,,,,12,A:96;B:151;L:1,sumo2_k5_xisok_ube2w,seed-4_sample-3,sumo2_k5_xisok_ube2w/seed-4_sample-3/model.cif,0.39,0.62,0.47,,,,,sumo2_k5_xisok_ube2w,True,seed-4_sample-3
True,1,1.013,,,13.065,B/151,10.311,False,False,,,,,,9,A:96;B:151;L:1,sumo2_k5_xisok_ube2w,seed-4_sample-4,sumo2_k5_xisok_ube2w/seed-4_sample-4/model.cif,0.28,0.59,0.39,,,,,sumo2_k5_xisok_ube2w,True,seed-4_sample-4
True,1,0.971,,,4.738,B/91,4.738,True,False,,,,,,17,A:96;B:151;L:1,sumo2_k5_xisok_ube2w,seed-5_sample-0,sumo2_k5_xisok_ube2w/seed-5_sample-0/model.cif,0.45,0.64,0.52,,,,,sumo2_k5_xisok_ube2w,True,seed-5_sample-0
True,1,0.937,,,4.478,B/91,4.478,True,False,,,,,,8,A:96;B:151;L:1,sumo2_k5_xisok_ube2w,seed-5_sample-1,sumo2_k5_xisok_ube2w/seed-5_sample-1/model.cif,0.39,0.61,0.48,,,,,sumo2_k5_xisok_ube2w,True,seed-5_sample-1
True,1,0.969,,,4.588,B/91,4.588,True,False,,,,,,15,A:96;B:151;L:1,sumo2_k5_xisok_ube2w,seed-5_sample-2,sumo2_k5_xisok_ube2w/seed-5_sample-2/model.cif,0.45,0.62,0.52,,,,,sumo2_k5_xisok_ube2w,True,seed-5_sample-2
True,1,1.097,,,5.792,B/151,5.562,False,False,,,,,,8,A:96;B:151;L:1,sumo2_k5_xisok_ube2w,seed-5_sample-3,sumo2_k5_xisok_ube2w/seed-5_sample-3/model.cif,0.45,0.61,0.51,,,,,sumo2_k5_xisok_ube2w,True,seed-5_sample-3
True,1,1.116,,,5.012,B/91,5.012,True,False,,,,,,17,A:96;B:151;L:1,sumo2_k5_xisok_ube2w,seed-5_sample-4,sumo2_k5_xisok_ube2w/seed-5_sample-4/model.cif,0.32,0.61,0.4,,,,,sumo2_k5_xisok_ube2w,True,seed-5_sample-4
True,1,1.007,,,4.783,B/151,3.946,False,False,,,,,,8,A:96;B:151;L:1,sumo2_k5_xisok_ube2w,seed-6_sample-0,sumo2_k5_xisok_ube2w/seed-6_sample-0/model.cif,0.25,0.59,0.34,,,,,sumo2_k5_xisok_ube2w,True,seed-6_sample-0
True,1,1.121,,,5.022,B/151,3.391,False,False,,,,,,9,A:96;B:151;L:1,sumo2_k5_xisok_ube2w,seed-6_sample-1,sumo2_k5_xisok_ube2w/seed-6_sample-1/model.cif,0.4,0.6,0.46,,,,,sumo2_k5_xisok_ube2w,True,seed-6_sample-1
True,1,0.901,,,4.776,B/91,4.776,True,False,,,,,,15,A:96;B:151;L:1,sumo2_k5_xisok_ube2w,seed-6_sample-2,sumo2_k5_xisok_ube2w/seed-6_sample-2/model.cif,0.34,0.6,0.41,,,,,sumo2_k5_xisok_ube2w,True,seed-6_sample-2
True,1,1.14,,,4.897,B/91,4.897,True,False,,,,,,11,A:96;B:151;L:1,sumo2_k5_xisok_ube2w,seed-6_sample-3,sumo2_k5_xisok_ube2w/seed-6_sample-3/model.cif,0.24,0.59,0.34,,,,,sumo2_k5_xisok_ube2w,True,seed-6_sample-3
True,1,1.072,,,5.144,B/91,5.144,True,False,,,,,,17,A:96;B:151;L:1,sumo2_k5_xisok_ube2w,seed-6_sample-4,sumo2_k5_xisok_ube2w/seed-6_sample-4/model.cif,0.35,0.59,0.44,,,,,sumo2_k5_xisok_ube2w,True,seed-6_sample-4
True,1,1.07,,,4.945,B/91,4.945,True,False,,,,,,11,A:96;B:151;L:1,sumo2_k5_xisok_ube2w,seed-7_sample-0,sumo2_k5_xisok_ube2w/seed-7_sample-0/model.cif,0.35,0.62,0.42,,,,,sumo2_k5_xisok_ube2w,True,seed-7_sample-0
True,1,1.077,,,5.693,B/91,5.693,True,False,,,,,,6,A:96;B:151;L:1,sumo2_k5_xisok_ube2w,seed-7_sample-1,sumo2_k5_xisok_ube2w/seed-7_sample-1/model.cif,0.31,0.61,0.39,,,,,sumo2_k5_xisok_ube2w,True,seed-7_sample-1
True,1,0.803,,,4.511,B/91,4.511,True,False,,,,,,5,A:96;B:151;L:1,sumo2_k5_xisok_ube2w,seed-7_sample-2,sumo2_k5_xisok_ube2w/seed-7_sample-2/model.cif,0.33,0.6,0.43,,,,,sumo2_k5_xisok_ube2w,True,seed-7_sample-2
True,1,1.153,,,5.665,B/91,5.665,True,False,,,,,,16,A:96;B:151;L:1,sumo2_k5_xisok_ube2w,seed-7_sample-3,sumo2_k5_xisok_ube2w/seed-7_sample-3/model.cif,0.37,0.62,0.46,,,,,sumo2_k5_xisok_ube2w,True,seed-7_sample-3
True,1,1.105,,,4.716,B/91,4.716,True,False,,,,,,9,A:96;B:151;L:1,sumo2_k5_xisok_ube2w,seed-7_sample-4,sumo2_k5_xisok_ube2w/seed-7_sample-4/model.cif,0.3,0.61,0.38,,,,,sumo2_k5_xisok_ube2w,True,seed-7_sample-4
True,1,1.122,,,5.1,B/91,5.1,True,False,,,,,,9,A:96;B:151;L:1,sumo2_k5_xisok_ube2w,seed-8_sample-0,sumo2_k5_xisok_ube2w/seed-8_sample-0/model.cif,0.3,0.61,0.38,,,,,sumo2_k5_xisok_ube2w,True,seed-8_sample-0
True,1,1.084,,,4.992,B/91,4.992,True,False,,,,,,11,A:96;B:151;L:1,sumo2_k5_xisok_ube2w,seed-8_sample-1,sumo2_k5_xisok_ube2w/seed-8_sample-1/model.cif,0.4,0.61,0.46,,,,,sumo2_k5_xisok_ube2w,True,seed-8_sample-1
True,1,1.115,,,5.107,B/91,5.107,True,False,,,,,,12,A:96;B:151;L:1,sumo2_k5_xisok_ube2w,seed-8_sample-2,sumo2_k5_xisok_ube2w/seed-8_sample-2/model.cif,0.42,0.62,0.48,,,,,sumo2_k5_xisok_ube2w,True,seed-8_sample-2
True,1,1.086,,,5.45,B/91,5.45,True,False,,,,,,12,A:96;B:151;L:1,sumo2_k5_xisok_ube2w,seed-8_sample-3,sumo2_k5_xisok_ube2w/seed-8_sample-3/model.cif,0.25,0.6,0.34,,,,,sumo2_k5_xisok_ube2w,True,seed-8_sample-3
True,1,0.941,,,4.583,B/91,4.583,True,False,,,,,,9,A:96;B:151;L:1,sumo2_k5_xisok_ube2w,seed-8_sample-4,sumo2_k5_xisok_ube2w/seed-8_sample-4/model.cif,0.35,0.6,0.43,,,,,sumo2_k5_xisok_ube2w,True,seed-8_sample-4
True,1,1.15,,,5.003,B/91,5.003,True,False,,,,,,10,A:96;B:151;L:1,sumo2_k5_xisok_ube2w,seed-9_sample-0,sumo2_k5_xisok_ube2w/seed-9_sample-0/model.cif,0.28,0.61,0.36,,,,,sumo2_k5_xisok_ube2w,True,seed-9_sample-0
True,1,1.127,,,5.855,B/151,5.474,False,False,,,,,,9,A:96;B:151;L:1,sumo2_k5_xisok_ube2w,seed-9_sample-1,sumo2_k5_xisok_ube2w/seed-9_sample-1/model.cif,0.34,0.59,0.41,,,,,sumo2_k5_xisok_ube2w,True,seed-9_sample-1
True,1,0.891,,,4.726,B/151,4.424,False,False,,,,,,11,A:96;B:151;L:1,sumo2_k5_xisok_ube2w,seed-9_sample-2,sumo2_k5_xisok_ube2w/seed-9_sample-2/model.cif,0.41,0.62,0.49,,,,,sumo2_k5_xisok_ube2w,True,seed-9_sample-2
True,1,1.114,,,5.079,B/91,5.079,True,False,,,,,,14,A:96;B:151;L:1,sumo2_k5_xisok_ube2w,seed-9_sample-3,sumo2_k5_xisok_ube2w/seed-9_sample-3/model.cif,0.39,0.62,0.46,,,,,sumo2_k5_xisok_ube2w,True,seed-9_sample-3
True,1,1.124,,,5.907,B/151,3.796,False,False,,,,,,12,A:96;B:151;L:1,sumo2_k5_xisok_ube2w,seed-9_sample-4,sumo2_k5_xisok_ube2w/seed-9_sample-4/model.cif,0.44,0.62,0.5,,,,,sumo2_k5_xisok_ube2w,True,seed-9_sample-4
True,1,1.164,,,5.468,B/91,5.468,True,False,,,,,,22,A:96;B:151;L:1,sumo2_k7_xisok_ube2w,seed-10_sample-0,sumo2_k7_xisok_ube2w/seed-10_sample-0/model.cif,0.49,0.72,0.56,,,,,sumo2_k7_xisok_ube2w,True,seed-10_sample-0
True,1,1.135,,,4.705,B/91,4.705,True,False,,,,,,17,A:96;B:151;L:1,sumo2_k7_xisok_ube2w,seed-10_sample-1,sumo2_k7_xisok_ube2w/seed-10_sample-1/model.cif,0.42,0.7,0.52,,,,,sumo2_k7_xisok_ube2w,True,seed-10_sample-1
True,1,1.136,,,5.132,B/91,5.132,True,False,,,,,,26,A:96;B:151;L:1,sumo2_k7_xisok_ube2w,seed-10_sample-2,sumo2_k7_xisok_ube2w/seed-10_sample-2/model.cif,0.51,0.74,0.59,,,,,sumo2_k7_xisok_ube2w,True,seed-10_sample-2
True,1,1.155,,,4.702,B/91,4.702,True,False,,,,,,19,A:96;B:151;L:1,sumo2_k7_xisok_ube2w,seed-10_sample-3,sumo2_k7_xisok_ube2w/seed-10_sample-3/model.cif,0.42,0.7,0.51,,,,,sumo2_k7_xisok_ube2w,True,seed-10_sample-3
True,1,1.13,,,5.621,B/91,5.621,True,False,,,,,,18,A:96;B:151;L:1,sumo2_k7_xisok_ube2w,seed-10_sample-4,sumo2_k7_xisok_ube2w/seed-10_sample-4/model.cif,0.42,0.69,0.5,,,,,sumo2_k7_xisok_ube2w,True,seed-10_sample-4
True,1,0.928,,,4.87,B/91,4.87,True,False,,,,,,9,A:96;B:151;L:1,sumo2_k7_xisok_ube2w,seed-11_sample-0,sumo2_k7_xisok_ube2w/seed-11_sample-0/model.cif,0.38,0.61,0.46,,,,,sumo2_k7_xisok_ube2w,True,seed-11_sample-0
True,1,0.881,,,4.682,B/91,4.682,True,False,,,,,,5,A:96;B:151;L:1,sumo2_k7_xisok_ube2w,seed-11_sample-1,sumo2_k7_xisok_ube2w/seed-11_sample-1/model.cif,0.3,0.61,0.4,,,,,sumo2_k7_xisok_ube2w,True,seed-11_sample-1
True,1,1.121,,,4.847,B/91,4.847,True,False,,,,,,11,A:96;B:151;L:1,sumo2_k7_xisok_ube2w,seed-11_sample-2,sumo2_k7_xisok_ube2w/seed-11_sample-2/model.cif,0.31,0.6,0.39,,,,,sumo2_k7_xisok_ube2w,True,seed-11_sample-2
True,1,1.069,,,5.613,B/91,5.613,True,False,,,,,,12,A:96;B:151;L:1,sumo2_k7_xisok_ube2w,seed-11_sample-3,sumo2_k7_xisok_ube2w/seed-11_sample-3/model.cif,0.29,0.61,0.38,,,,,sumo2_k7_xisok_ube2w,True,seed-11_sample-3
True,1,1.114,,,5.294,B/91,5.294,True,False,,,,,,16,A:96;B:151;L:1,sumo2_k7_xisok_ube2w,seed-11_sample-4,sumo2_k7_xisok_ube2w/seed-11_sample-4/model.cif,0.29,0.63,0.38,,,,,sumo2_k7_xisok_ube2w,True,seed-11_sample-4
True,1,1.168,,,5.184,B/91,5.184,True,False,,,,,,9,A:96;B:151;L:1,sumo2_k7_xisok_ube2w,seed-12_sample-0,sumo2_k7_xisok_ube2w/seed-12_sample-0/model.cif,0.32,0.65,0.42,,,,,sumo2_k7_xisok_ube2w,True,seed-12_sample-0
True,1,1.103,,,5.494,B/91,5.494,True,False,,,,,,22,A:96;B:151;L:1,sumo2_k7_xisok_ube2w,seed-12_sample-1,sumo2_k7_xisok_ube2w/seed-12_sample-1/model.cif,0.47,0.72,0.56,,,,,sumo2_k7_xisok_ube2w,True,seed-12_sample-1
True,1,1.134,,,5.833,B/91,5.833,True,False,,,,,,14,A:96;B:151;L:1,sumo2_k7_xisok_ube2w,seed-12_sample-2,sumo2_k7_xisok_ube2w/seed-12_sample-2/model.cif,0.34,0.65,0.44,,,,,sumo2_k7_xisok_ube2w,True,seed-12_sample-2
True,1,1.159,,,4.913,B/91,4.913,True,False,,,,,,28,A:96;B:151;L:1,sumo2_k7_xisok_ube2w,seed-12_sample-3,sumo2_k7_xisok_ube2w/seed-12_sample-3/model.cif,0.45,0.71,0.53,,,,,sumo2_k7_xisok_ube2w,True,seed-12_sample-3
True,1,1.143,,,5.1,B/91,5.1,True,False,,,,,,17,A:96;B:151;L:1,sumo2_k7_xisok_ube2w,seed-12_sample-4,sumo2_k7_xisok_ube2w/seed-12_sample-4/model.cif,0.41,0.69,0.49,,,,,sumo2_k7_xisok_ube2w,True,seed-12_sample-4
True,1,1.144,,,5.11,B/91,5.11,True,False,,,,,,9,A:96;B:151;L:1,sumo2_k7_xisok_ube2w,seed-13_sample-0,sumo2_k7_xisok_ube2w/seed-13_sample-0/model.cif,0.35,0.62,0.43,,,,,sumo2_k7_xisok_ube2w,True,seed-13_sample-0
True,1,1.002,,,4.714,B/91,4.714,True,False,,,,,,8,A:96;B:151;L:1,sumo2_k7_xisok_ube2w,seed-13_sample-1,sumo2_k7_xisok_ube2w/seed-13_sample-1/model.cif,0.32,0.62,0.41,,,,,sumo2_k7_xisok_ube2w,True,seed-13_sample-1
True,1,0.746,,,4.656,B/91,4.656,True,False,,,,,,7,A:96;B:151;L:1,sumo2_k7_xisok_ube2w,seed-13_sample-2,sumo2_k7_xisok_ube2w/seed-13_sample-2/model.cif,0.32,0.61,0.43,,,,,sumo2_k7_xisok_ube2w,True,seed-13_sample-2
True,1,1.179,,,5.243,B/91,5.243,True,False,,,,,,11,A:96;B:151;L:1,sumo2_k7_xisok_ube2w,seed-13_sample-3,sumo2_k7_xisok_ube2w/seed-13_sample-3/model.cif,0.31,0.61,0.39,,,,,sumo2_k7_xisok_ube2w,True,seed-13_sample-3
True,1,1.177,,,5.629,B/91,5.629,True,False,,,,,,7,A:96;B:151;L:1,sumo2_k7_xisok_ube2w,seed-13_sample-4,sumo2_k7_xisok_ube2w/seed-13_sample-4/model.cif,0.35,0.62,0.44,,,,,sumo2_k7_xisok_ube2w,True,seed-13_sample-4
True,1,1.097,,,5.056,B/91,5.056,True,False,,,,,,9,A:96;B:151;L:1,sumo2_k7_xisok_ube2w,seed-14_sample-0,sumo2_k7_xisok_ube2w/seed-14_sample-0/model.cif,0.31,0.61,0.4,,,,,sumo2_k7_xisok_ube2w,True,seed-14_sample-0
True,1,1.07,,,5.033,B/91,5.033,True,False,,,,,,15,A:96;B:151;L:1,sumo2_k7_xisok_ube2w,seed-14_sample-1,sumo2_k7_xisok_ube2w/seed-14_sample-1/model.cif,0.29,0.62,0.38,,,,,sumo2_k7_xisok_ube2w,True,seed-14_sample-1
True,1,1.085,,,5.001,B/91,5.001,True,False,,,,,,11,A:96;B:151;L:1,sumo2_k7_xisok_ube2w,seed-14_sample-2,sumo2_k7_xisok_ube2w/seed-14_sample-2/model.cif,0.32,0.62,0.4,,,,,sumo2_k7_xisok_ube2w,True,seed-14_sample-2
True,1,1.057,,,5.493,B/91,5.493,True,False,,,,,,7,A:96;B:151;L:1,sumo2_k7_xisok_ube2w,seed-14_sample-3,sumo2_k7_xisok_ube2w/seed-14_sample-3/model.cif,0.31,0.62,0.41,,,,,sumo2_k7_xisok_ube2w,True,seed-14_sample-3
True,1,1.149,,,5.743,B/91,5.743,True,False,,,,,,14,A:96;B:151;L:1,sumo2_k7_xisok_ube2w,seed-14_sample-4,sumo2_k7_xisok_ube2w/seed-14_sample-4/model.cif,0.42,0.64,0.5,,,,,sumo2_k7_xisok_ube2w,True,seed-14_sample-4
True,1,1.183,,,4.891,B/91,4.891,True,False,,,,,,15,A:96;B:151;L:1,sumo2_k7_xisok_ube2w,seed-15_sample-0,sumo2_k7_xisok_ube2w/seed-15_sample-0/model.cif,0.37,0.65,0.45,,,,,sumo2_k7_xisok_ube2w,True,seed-15_sample-0
True,1,1.141,,,5.296,B/91,5.296,True,False,,,,,,20,A:96;B:151;L:1,sumo2_k7_xisok_ube2w,seed-15_sample-1,sumo2_k7_xisok_ube2w/seed-15_sample-1/model.cif,0.43,0.66,0.5,,,,,sumo2_k7_xisok_ube2w,True,seed-15_sample-1
True,1,1.134,,,4.959,B/151,3.446,False,False,,,,,,15,A:96;B:151;L:1,sumo2_k7_xisok_ube2w,seed-15_sample-2,sumo2_k7_xisok_ube2w/seed-15_sample-2/model.cif,0.34,0.64,0.42,,,,,sumo2_k7_xisok_ube2w,True,seed-15_sample-2
True,1,1.197,,,4.91,B/91,4.91,True,False,,,,,,20,A:96;B:151;L:1,sumo2_k7_xisok_ube2w,seed-15_sample-3,sumo2_k7_xisok_ube2w/seed-15_sample-3/model.cif,0.33,0.64,0.43,,,,,sumo2_k7_xisok_ube2w,True,seed-15_sample-3
True,1,1.188,,,4.785,B/91,4.785,True,False,,,,,,21,A:96;B:151;L:1,sumo2_k7_xisok_ube2w,seed-15_sample-4,sumo2_k7_xisok_ube2w/seed-15_sample-4/model.cif,0.43,0.7,0.52,,,,,sumo2_k7_xisok_ube2w,True,seed-15_sample-4
True,1,1.152,,,4.96,B/91,4.96,True,False,,,,,,19,A:96;B:151;L:1,sumo2_k7_xisok_ube2w,seed-16_sample-0,sumo2_k7_xisok_ube2w/seed-16_sample-0/model.cif,0.42,0.67,0.5,,,,,sumo2_k7_xisok_ube2w,True,seed-16_sample-0
True,1,1.126,,,5.742,B/91,5.742,True,False,,,,,,10,A:96;B:151;L:1,sumo2_k7_xisok_ube2w,seed-16_sample-1,sumo2_k7_xisok_ube2w/seed-16_sample-1/model.cif,0.34,0.64,0.43,,,,,sumo2_k7_xisok_ube2w,True,seed-16_sample-1
True,1,1.157,,,5.019,B/91,5.019,True,False,,,,,,18,A:96;B:151;L:1,sumo2_k7_xisok_ube2w,seed-16_sample-2,sumo2_k7_xisok_ube2w/seed-16_sample-2/model.cif,0.36,0.64,0.45,,,,,sumo2_k7_xisok_ube2w,True,seed-16_sample-2
True,1,1.155,,,5.424,B/91,5.424,True,False,,,,,,11,A:96;B:151;L:1,sumo2_k7_xisok_ube2w,seed-16_sample-3,sumo2_k7_xisok_ube2w/seed-16_sample-3/model.cif,0.33,0.62,0.41,,,,,sumo2_k7_xisok_ube2w,True,seed-16_sample-3
True,1,0.875,,,4.025,B/91,4.025,True,False,,,,,,11,A:96;B:151;L:1,sumo2_k7_xisok_ube2w,seed-16_sample-4,sumo2_k7_xisok_ube2w/seed-16_sample-4/model.cif,0.3,0.61,0.41,,,,,sumo2_k7_xisok_ube2w,True,seed-16_sample-4
True,1,1.17,,,4.94,B/91,4.94,True,False,,,,,,9,A:96;B:151;L:1,sumo2_k7_xisok_ube2w,seed-17_sample-0,sumo2_k7_xisok_ube2w/seed-17_sample-0/model.cif,0.42,0.63,0.49,,,,,sumo2_k7_xisok_ube2w,True,seed-17_sample-0
True,1,1.155,,,4.632,B/91,4.632,True,False,,,,,,16,A:96;B:151;L:1,sumo2_k7_xisok_ube2w,seed-17_sample-1,sumo2_k7_xisok_ube2w/seed-17_sample-1/model.cif,0.35,0.65,0.44,,,,,sumo2_k7_xisok_ube2w,True,seed-17_sample-1
True,1,1.161,,,4.699,B/91,4.699,True,False,,,,,,18,A:96;B:151;L:1,sumo2_k7_xisok_ube2w,seed-17_sample-2,sumo2_k7_xisok_ube2w/seed-17_sample-2/model.cif,0.35,0.64,0.43,,,,,sumo2_k7_xisok_ube2w,True,seed-17_sample-2
True,1,0.922,,,4.41,B/91,4.41,True,False,,,,,,14,A:96;B:151;L:1,sumo2_k7_xisok_ube2w,seed-17_sample-3,sumo2_k7_xisok_ube2w/seed-17_sample-3/model.cif,0.4,0.64,0.48,,,,,sumo2_k7_xisok_ube2w,True,seed-17_sample-3
True,1,1.038,,,5.492,B/91,5.492,True,False,,,,,,11,A:96;B:151;L:1,sumo2_k7_xisok_ube2w,seed-17_sample-4,sumo2_k7_xisok_ube2w/seed-17_sample-4/model.cif,0.31,0.62,0.41,,,,,sumo2_k7_xisok_ube2w,True,seed-17_sample-4
True,1,0.739,,,7.281,B/91,7.281,True,False,,,,,,17,A:96;B:151;L:1,sumo2_k7_xisok_ube2w,seed-18_sample-0,sumo2_k7_xisok_ube2w/seed-18_sample-0/model.cif,0.18,0.57,0.31,,,,,sumo2_k7_xisok_ube2w,True,seed-18_sample-0
True,1,1.225,,,4.291,B/91,4.291,True,False,,,,,,19,A:96;B:151;L:1,sumo2_k7_xisok_ube2w,seed-18_sample-1,sumo2_k7_xisok_ube2w/seed-18_sample-1/model.cif,0.21,0.58,0.33,,,,,sumo2_k7_xisok_ube2w,True,seed-18_sample-1
True,1,0.714,,,5.92,B/91,5.92,True,False,,,,,,17,A:96;B:151;L:1,sumo2_k7_xisok_ube2w,seed-18_sample-2,sumo2_k7_xisok_ube2w/seed-18_sample-2/model.cif,0.27,0.57,0.38,,,,,sumo2_k7_xisok_ube2w,True,seed-18_sample-2
True,1,0.906,,,3.18,B/91,3.18,True,True,,,,,,13,A:96;B:151;L:1,sumo2_k7_xisok_ube2w,seed-18_sample-3,sumo2_k7_xisok_ube2w/seed-18_sample-3/model.cif,0.17,0.57,0.29,,,,,sumo2_k7_xisok_ube2w,True,seed-18_sample-3
True,1,0.896,,,6.374,B/91,6.374,True,False,,,,,,16,A:96;B:151;L:1,sumo2_k7_xisok_ube2w,seed-18_sample-4,sumo2_k7_xisok_ube2w/seed-18_sample-4/model.cif,0.28,0.58,0.38,,,,,sumo2_k7_xisok_ube2w,True,seed-18_sample-4
True,1,1.152,,,5.293,B/91,5.293,True,False,,,,,,9,A:96;B:151;L:1,sumo2_k7_xisok_ube2w,seed-19_sample-0,sumo2_k7_xisok_ube2w/seed-19_sample-0/model.cif,0.19,0.59,0.29,,,,,sumo2_k7_xisok_ube2w,True,seed-19_sample-0
True,1,1.126,,,4.974,B/91,4.974,True,False,,,,,,11,A:96;B:151;L:1,sumo2_k7_xisok_ube2w,seed-19_sample-1,sumo2_k7_xisok_ube2w/seed-19_sample-1/model.cif,0.23,0.6,0.33,,,,,sumo2_k7_xisok_ube2w,True,seed-19_sample-1
True,1,1.191,,,5.805,B/91,5.805,True,False,,,,,,15,A:96;B:151;L:1,sumo2_k7_xisok_ube2w,seed-19_sample-2,sumo2_k7_xisok_ube2w/seed-19_sample-2/model.cif,0.28,0.61,0.37,,,,,sumo2_k7_xisok_ube2w,True,seed-19_sample-2
True,1,1.1,,,5.134,B/91,5.134,True,False,,,,,,6,A:96;B:151;L:1,sumo2_k7_xisok_ube2w,seed-19_sample-3,sumo2_k7_xisok_ube2w/seed-19_sample-3/model.cif,0.22,0.59,0.33,,,,,sumo2_k7_xisok_ube2w,True,seed-19_sample-3
True,1,1.182,,,4.921,B/91,4.921,True,False,,,,,,8,A:96;B:151;L:1,sumo2_k7_xisok_ube2w,seed-19_sample-4,sumo2_k7_xisok_ube2w/seed-19_sample-4/model.cif,0.26,0.59,0.34,,,,,sumo2_k7_xisok_ube2w,True,seed-19_sample-4
True,1,1.146,,,4.978,B/91,4.978,True,False,,,,,,21,A:96;B:151;L:1,sumo2_k7_xisok_ube2w,seed-1_sample-0,sumo2_k7_xisok_ube2w/seed-1_sample-0/model.cif,0.42,0.7,0.52,,,,,sumo2_k7_xisok_ube2w,True,seed-1_sample-0
True,1,1.155,,,4.572,B/91,4.572,True,False,,,,,,26,A:96;B:151;L:1,sumo2_k7_xisok_ube2w,seed-1_sample-1,sumo2_k7_xisok_ube2w/seed-1_sample-1/model.cif,0.46,0.72,0.53,,,,,sumo2_k7_xisok_ube2w,True,seed-1_sample-1
True,1,1.143,,,5.917,B/91,5.917,True,False,,,,,,20,A:96;B:151;L:1,sumo2_k7_xisok_ube2w,seed-1_sample-2,sumo2_k7_xisok_ube2w/seed-1_sample-2/model.cif,0.47,0.72,0.54,,,,,sumo2_k7_xisok_ube2w,True,seed-1_sample-2
True,1,1.142,,,4.653,B/91,4.653,True,False,,,,,,6,A:96;B:151;L:1,sumo2_k7_xisok_ube2w,seed-1_sample-3,sumo2_k7_xisok_ube2w/seed-1_sample-3/model.cif,0.35,0.62,0.43,,,,,sumo2_k7_xisok_ube2w,True,seed-1_sample-3
True,1,1.12,,,4.636,B/91,4.636,True,False,,,,,,19,A:96;B:151;L:1,sumo2_k7_xisok_ube2w,seed-1_sample-4,sumo2_k7_xisok_ube2w/seed-1_sample-4/model.cif,0.41,0.7,0.49,,,,,sumo2_k7_xisok_ube2w,True,seed-1_sample-4
True,1,1.02,,,4.539,B/91,4.539,True,False,,,,,,12,A:96;B:151;L:1,sumo2_k7_xisok_ube2w,seed-20_sample-0,sumo2_k7_xisok_ube2w/seed-20_sample-0/model.cif,0.38,0.63,0.46,,,,,sumo2_k7_xisok_ube2w,True,seed-20_sample-0
True,1,1.199,,,4.695,B/91,4.695,True,False,,,,,,14,A:96;B:151;L:1,sumo2_k7_xisok_ube2w,seed-20_sample-1,sumo2_k7_xisok_ube2w/seed-20_sample-1/model.cif,0.38,0.64,0.47,,,,,sumo2_k7_xisok_ube2w,True,seed-20_sample-1
True,1,1.131,,,2.752,B/91,2.752,True,True,,,,,,11,A:96;B:151;L:1,sumo2_k7_xisok_ube2w,seed-20_sample-2,sumo2_k7_xisok_ube2w/seed-20_sample-2/model.cif,0.26,0.6,0.35,,,,,sumo2_k7_xisok_ube2w,True,seed-20_sample-2
True,1,0.971,,,4.445,B/91,4.445,True,False,,,,,,13,A:96;B:151;L:1,sumo2_k7_xisok_ube2w,seed-20_sample-3,sumo2_k7_xisok_ube2w/seed-20_sample-3/model.cif,0.37,0.64,0.47,,,,,sumo2_k7_xisok_ube2w,True,seed-20_sample-3
True,1,1.154,,,4.55,B/91,4.55,True,False,,,,,,9,A:96;B:151;L:1,sumo2_k7_xisok_ube2w,seed-20_sample-4,sumo2_k7_xisok_ube2w/seed-20_sample-4/model.cif,0.36,0.63,0.44,,,,,sumo2_k7_xisok_ube2w,True,seed-20_sample-4
True,1,1.128,,,4.16,B/91,4.16,True,False,,,,,,14,A:96;B:151;L:1,sumo2_k7_xisok_ube2w,seed-2_sample-0,sumo2_k7_xisok_ube2w/seed-2_sample-0/model.cif,0.25,0.61,0.34,,,,,sumo2_k7_xisok_ube2w,True,seed-2_sample-0
True,1,1.157,,,4.738,B/91,4.738,True,False,,,,,,15,A:96;B:151;L:1,sumo2_k7_xisok_ube2w,seed-2_sample-1,sumo2_k7_xisok_ube2w/seed-2_sample-1/model.cif,0.44,0.64,0.51,,,,,sumo2_k7_xisok_ube2w,True,seed-2_sample-1
True,1,1.15,,,5.88,B/91,5.88,True,False,,,,,,13,A:96;B:151;L:1,sumo2_k7_xisok_ube2w,seed-2_sample-2,sumo2_k7_xisok_ube2w/seed-2_sample-2/model.cif,0.31,0.62,0.42,,,,,sumo2_k7_xisok_ube2w,True,seed-2_sample-2
True,1,1.147,,,4.966,B/91,4.966,True,False,,,,,,12,A:96;B:151;L:1,sumo2_k7_xisok_ube2w,seed-2_sample-3,sumo2_k7_xisok_ube2w/seed-2_sample-3/model.cif,0.37,0.62,0.44,,,,,sumo2_k7_xisok_ube2w,True,seed-2_sample-3
True,1,1.111,,,5.091,B/91,5.091,True,False,,,,,,12,A:96;B:151;L:1,sumo2_k7_xisok_ube2w,seed-2_sample-4,sumo2_k7_xisok_ube2w/seed-2_sample-4/model.cif,0.38,0.63,0.45,,,,,sumo2_k7_xisok_ube2w,True,seed-2_sample-4
True,1,1.023,,,4.536,B/91,4.536,True,False,,,,,,13,A:96;B:151;L:1,sumo2_k7_xisok_ube2w,seed-3_sample-0,sumo2_k7_xisok_ube2w/seed-3_sample-0/model.cif,0.32,0.62,0.41,,,,,sumo2_k7_xisok_ube2w,True,seed-3_sample-0
True,1,1.146,,,4.636,B/91,4.636,True,False,,,,,,12,A:96;B:151;L:1,sumo2_k7_xisok_ube2w,seed-3_sample-1,sumo2_k7_xisok_ube2w/seed-3_sample-1/model.cif,0.32,0.62,0.41,,,,,sumo2_k7_xisok_ube2w,True,seed-3_sample-1
True,1,0.973,,,4.878,B/91,4.878,True,False,,,,,,16,A:96;B:151;L:1,sumo2_k7_xisok_ube2w,seed-3_sample-2,sumo2_k7_xisok_ube2w/seed-3_sample-2/model.cif,0.38,0.62,0.49,,,,,sumo2_k7_xisok_ube2w,True,seed-3_sample-2
True,1,1.19,,,5.057,B/91,5.057,True,False,,,,,,10,A:96;B:151;L:1,sumo2_k7_xisok_ube2w,seed-3_sample-3,sumo2_k7_xisok_ube2w/seed-3_sample-3/model.cif,0.33,0.63,0.41,,,,,sumo2_k7_xisok_ube2w,True,seed-3_sample-3
True,1,1.136,,,4.55,B/91,4.55,True,False,,,,,,11,A:96;B:151;L:1,sumo2_k7_xisok_ube2w,seed-3_sample-4,sumo2_k7_xisok_ube2w/seed-3_sample-4/model.cif,0.32,0.63,0.42,,,,,sumo2_k7_xisok_ube2w,True,seed-3_sample-4
True,1,0.844,,,4.493,B/91,4.493,True,False,,,,,,12,A:96;B:151;L:1,sumo2_k7_xisok_ube2w,seed-4_sample-0,sumo2_k7_xisok_ube2w/seed-4_sample-0/model.cif,0.32,0.62,0.41,,,,,sumo2_k7_xisok_ube2w,True,seed-4_sample-0
True,1,1.156,,,4.511,B/91,4.511,True,False,,,,,,14,A:96;B:151;L:1,sumo2_k7_xisok_ube2w,seed-4_sample-1,sumo2_k7_xisok_ube2w/seed-4_sample-1/model.cif,0.37,0.63,0.45,,,,,sumo2_k7_xisok_ube2w,True,seed-4_sample-1
True,1,1.144,,,4.653,B/91,4.653,True,False,,,,,,8,A:96;B:151;L:1,sumo2_k7_xisok_ube2w,seed-4_sample-2,sumo2_k7_xisok_ube2w/seed-4_sample-2/model.cif,0.39,0.63,0.46,,,,,sumo2_k7_xisok_ube2w,True,seed-4_sample-2
True,1,0.939,,,4.162,B/91,4.162,True,False,,,,,,10,A:96;B:151;L:1,sumo2_k7_xisok_ube2w,seed-4_sample-3,sumo2_k7_xisok_ube2w/seed-4_sample-3/model.cif,0.38,0.62,0.46,,,,,sumo2_k7_xisok_ube2w,True,seed-4_sample-3
True,1,1.184,,,5.448,B/91,5.448,True,False,,,,,,20,A:96;B:151;L:1,sumo2_k7_xisok_ube2w,seed-4_sample-4,sumo2_k7_xisok_ube2w/seed-4_sample-4/model.cif,0.43,0.64,0.5,,,,,sumo2_k7_xisok_ube2w,True,seed-4_sample-4
True,1,1.053,,,4.535,B/91,4.535,True,False,,,,,,15,A:96;B:151;L:1,sumo2_k7_xisok_ube2w,seed-5_sample-0,sumo2_k7_xisok_ube2w/seed-5_sample-0/model.cif,0.28,0.61,0.37,,,,,sumo2_k7_xisok_ube2w,True,seed-5_sample-0
True,1,1.067,,,4.664,B/91,4.664,True,False,,,,,,12,A:96;B:151;L:1,sumo2_k7_xisok_ube2w,seed-5_sample-1,sumo2_k7_xisok_ube2w/seed-5_sample-1/model.cif,0.29,0.61,0.38,,,,,sumo2_k7_xisok_ube2w,True,seed-5_sample-1
True,1,1.158,,,5.087,B/91,5.087,True,False,,,,,,14,A:96;B:151;L:1,sumo2_k7_xisok_ube2w,seed-5_sample-2,sumo2_k7_xisok_ube2w/seed-5_sample-2/model.cif,0.39,0.63,0.46,,,,,sumo2_k7_xisok_ube2w,True,seed-5_sample-2
True,1,1.126,,,5.459,B/151,1.477,False,False,,,,,,8,A:96;B:151;L:1,sumo2_k7_xisok_ube2w,seed-5_sample-3,sumo2_k7_xisok_ube2w/seed-5_sample-3/model.cif,0.29,0.6,0.37,,,,,sumo2_k7_xisok_ube2w,True,seed-5_sample-3
True,1,1.168,,,4.861,B/91,4.861,True,False,,,,,,14,A:96;B:151;L:1,sumo2_k7_xisok_ube2w,seed-5_sample-4,sumo2_k7_xisok_ube2w/seed-5_sample-4/model.cif,0.32,0.62,0.4,,,,,sumo2_k7_xisok_ube2w,True,seed-5_sample-4
True,1,1.198,,,4.982,B/91,4.982,True,False,,,,,,10,A:96;B:151;L:1,sumo2_k7_xisok_ube2w,seed-6_sample-0,sumo2_k7_xisok_ube2w/seed-6_sample-0/model.cif,0.31,0.61,0.41,,,,,sumo2_k7_xisok_ube2w,True,seed-6_sample-0
True,1,1.127,,,4.869,B/151,4.769,False,False,,,,,,13,A:96;B:151;L:1,sumo2_k7_xisok_ube2w,seed-6_sample-1,sumo2_k7_xisok_ube2w/seed-6_sample-1/model.cif,0.43,0.63,0.49,,,,,sumo2_k7_xisok_ube2w,True,seed-6_sample-1
True,1,1.135,,,5.483,B/91,5.483,True,False,,,,,,17,A:96;B:151;L:1,sumo2_k7_xisok_ube2w,seed-6_sample-2,sumo2_k7_xisok_ube2w/seed-6_sample-2/model.cif,0.35,0.66,0.44,,,,,sumo2_k7_xisok_ube2w,True,seed-6_sample-2
True,1,1.096,,,4.842,B/91,4.842,True,False,,,,,,18,A:96;B:151;L:1,sumo2_k7_xisok_ube2w,seed-6_sample-3,sumo2_k7_xisok_ube2w/seed-6_sample-3/model.cif,0.31,0.61,0.39,,,,,sumo2_k7_xisok_ube2w,True,seed-6_sample-3
True,1,1.18,,,5.118,B/91,5.118,True,False,,,,,,17,A:96;B:151;L:1,sumo2_k7_xisok_ube2w,seed-6_sample-4,sumo2_k7_xisok_ube2w/seed-6_sample-4/model.cif,0.4,0.64,0.48,,,,,sumo2_k7_xisok_ube2w,True,seed-6_sample-4
True,1,1.1,,,4.744,B/91,4.744,True,False,,,,,,11,A:96;B:151;L:1,sumo2_k7_xisok_ube2w,seed-7_sample-0,sumo2_k7_xisok_ube2w/seed-7_sample-0/model.cif,0.28,0.6,0.36,,,,,sumo2_k7_xisok_ube2w,True,seed-7_sample-0
True,1,1.067,,,4.59,B/91,4.59,True,False,,,,,,10,A:96;B:151;L:1,sumo2_k7_xisok_ube2w,seed-7_sample-1,sumo2_k7_xisok_ube2w/seed-7_sample-1/model.cif,0.41,0.62,0.48,,,,,sumo2_k7_xisok_ube2w,True,seed-7_sample-1
True,1,1.038,,,4.494,B/91,4.494,True,False,,,,,,8,A:96;B:151;L:1,sumo2_k7_xisok_ube2w,seed-7_sample-2,sumo2_k7_xisok_ube2w/seed-7_sample-2/model.cif,0.4,0.63,0.49,,,,,sumo2_k7_xisok_ube2w,True,seed-7_sample-2
True,1,0.748,,,4.241,B/91,4.241,True,False,,,,,,10,A:96;B:151;L:1,sumo2_k7_xisok_ube2w,seed-7_sample-3,sumo2_k7_xisok_ube2w/seed-7_sample-3/model.cif,0.33,0.62,0.43,,,,,sumo2_k7_xisok_ube2w,True,seed-7_sample-3
True,1,1.038,,,4.518,B/91,4.518,True,False,,,,,,7,A:96;B:151;L:1,sumo2_k7_xisok_ube2w,seed-7_sample-4,sumo2_k7_xisok_ube2w/seed-7_sample-4/model.cif,0.42,0.62,0.49,,,,,sumo2_k7_xisok_ube2w,True,seed-7_sample-4
True,1,1.146,,,4.951,B/91,4.951,True,False,,,,,,19,A:96;B:151;L:1,sumo2_k7_xisok_ube2w,seed-8_sample-0,sumo2_k7_xisok_ube2w/seed-8_sample-0/model.cif,0.34,0.63,0.43,,,,,sumo2_k7_xisok_ube2w,True,seed-8_sample-0
True,1,1.086,,,4.995,B/91,4.995,True,False,,,,,,10,A:96;B:151;L:1,sumo2_k7_xisok_ube2w,seed-8_sample-1,sumo2_k7_xisok_ube2w/seed-8_sample-1/model.cif,0.32,0.61,0.38,,,,,sumo2_k7_xisok_ube2w,True,seed-8_sample-1
True,1,1.129,,,5.132,B/91,5.132,True,False,,,,,,16,A:96;B:151;L:1,sumo2_k7_xisok_ube2w,seed-8_sample-2,sumo2_k7_xisok_ube2w/seed-8_sample-2/model.cif,0.41,0.63,0.47,,,,,sumo2_k7_xisok_ube2w,True,seed-8_sample-2
True,1,1.132,,,4.876,B/91,4.876,True,False,,,,,,12,A:96;B:151;L:1,sumo2_k7_xisok_ube2w,seed-8_sample-3,sumo2_k7_xisok_ube2w/seed-8_sample-3/model.cif,0.37,0.64,0.45,,,,,sumo2_k7_xisok_ube2w,True,seed-8_sample-3
True,1,1.108,,,4.834,B/91,4.834,True,False,,,,,,8,A:96;B:151;L:1,sumo2_k7_xisok_ube2w,seed-8_sample-4,sumo2_k7_xisok_ube2w/seed-8_sample-4/model.cif,0.34,0.63,0.43,,,,,sumo2_k7_xisok_ube2w,True,seed-8_sample-4
True,1,1.173,,,5.468,B/91,5.468,True,False,,,,,,14,A:96;B:151;L:1,sumo2_k7_xisok_ube2w,seed-9_sample-0,sumo2_k7_xisok_ube2w/seed-9_sample-0/model.cif,0.3,0.62,0.39,,,,,sumo2_k7_xisok_ube2w,True,seed-9_sample-0
True,1,1.179,,,5.544,B/91,5.544,True,False,,,,,,11,A:96;B:151;L:1,sumo2_k7_xisok_ube2w,seed-9_sample-1,sumo2_k7_xisok_ube2w/seed-9_sample-1/model.cif,0.32,0.62,0.4,,,,,sumo2_k7_xisok_ube2w,True,seed-9_sample-1
True,1,0.967,,,5.021,B/91,5.021,True,False,,,,,,16,A:96;B:151;L:1,sumo2_k7_xisok_ube2w,seed-9_sample-2,sumo2_k7_xisok_ube2w/seed-9_sample-2/model.cif,0.43,0.63,0.5,,,,,sumo2_k7_xisok_ube2w,True,seed-9_sample-2
True,1,1.245,,,5.044,B/91,5.044,True,False,,,,,,14,A:96;B:151;L:1,sumo2_k7_xisok_ube2w,seed-9_sample-3,sumo2_k7_xisok_ube2w/seed-9_sample-3/model.cif,0.31,0.62,0.39,,,,,sumo2_k7_xisok_ube2w,True,seed-9_sample-3
True,1,1.139,,,6.008,B/91,6.008,True,False,,,,,,12,A:96;B:151;L:1,sumo2_k7_xisok_ube2w,seed-9_sample-4,sumo2_k7_xisok_ube2w/seed-9_sample-4/model.cif,0.35,0.63,0.42,,,,,sumo2_k7_xisok_ube2w,True,seed-9_sample-4
