has_ligand,n_bonds,bond_C01-NZ,bond_C-N1,bond_C2-SG,n01_catcys_sg,n01_nearest_cys,n01_nearest_cys_d,catcys_is_nearest,in_attack_range,thio_species,thio_c_s,thio_planarity,thio_has_oxt,n01_thio_c,iface_res_8A,chains,job,sample,model,iptm,ptm,ranking_score,nearest_lys_nz_d,nearest_lys_resi,bond_C-N01,bond_C2-N01,job_base,is_seed,sample_id,species
True,3,0.923,1.232,1.697,4.061,B/91,4.061,True,False,UBGG,1.697,338.6,False,2.665,9,A:96;B:151;G:1;L:1;U:74,sumo2_k11_charged_ube2w,seed-10_sample-0,sumo2_k11_charged_ube2w/seed-10_sample-0/model.cif,0.62,0.73,0.66,,,,,sumo2_k11_charged_ube2w,True,seed-10_sample-0,charged
True,3,0.901,1.446,1.704,3.878,B/91,3.878,True,True,UBGG,1.704,339.1,False,2.78,10,A:96;B:151;G:1;L:1;U:74,sumo2_k11_charged_ube2w,seed-10_sample-1,sumo2_k11_charged_ube2w/seed-10_sample-1/model.cif,0.63,0.74,0.68,,,,,sumo2_k11_charged_ube2w,True,seed-10_sample-1,charged
True,3,0.946,1.413,1.701,4.457,B/91,4.457,True,False,UBGG,1.701,339.5,False,3.094,12,A:96;B:151;G:1;L:1;U:74,sumo2_k11_charged_ube2w,seed-10_sample-2,sumo2_k11_charged_ube2w/seed-10_sample-2/model.cif,0.65,0.75,0.7,,,,,sumo2_k11_charged_ube2w,True,seed-10_sample-2,charged
True,3,0.897,1.238,1.7,4.881,B/91,4.881,True,False,UBGG,1.7,337.9,False,3.455,8,A:96;B:151;G:1;L:1;U:74,sumo2_k11_charged_ube2w,seed-10_sample-3,sumo2_k11_charged_ube2w/seed-10_sample-3/model.cif,0.6,0.71,0.65,,,,,sumo2_k11_charged_ube2w,True,seed-10_sample-3,charged
True,3,1.146,1.263,1.734,4.45,B/91,4.45,True,False,UBGG,1.734,337.3,False,3.251,15,A:96;B:151;G:1;L:1;U:74,sumo2_k11_charged_ube2w,seed-10_sample-4,sumo2_k11_charged_ube2w/seed-10_sample-4/model.cif,0.65,0.75,0.69,,,,,sumo2_k11_charged_ube2w,True,seed-10_sample-4,charged
True,3,1.097,1.322,1.726,4.142,B/91,4.142,True,False,UBGG,1.726,338.8,False,3.104,9,A:96;B:151;G:1;L:1;U:74,sumo2_k11_charged_ube2w,seed-11_sample-0,sumo2_k11_charged_ube2w/seed-11_sample-0/model.cif,0.64,0.75,0.68,,,,,sumo2_k11_charged_ube2w,True,seed-11_sample-0,charged
True,3,0.817,1.258,1.695,4.116,B/91,4.116,True,False,UBGG,1.695,339.0,False,2.954,10,A:96;B:151;G:1;L:1;U:74,sumo2_k11_charged_ube2w,seed-11_sample-1,sumo2_k11_charged_ube2w/seed-11_sample-1/model.cif,0.6,0.72,0.65,,,,,sumo2_k11_charged_ube2w,True,seed-11_sample-1,charged
True,3,0.961,1.339,1.714,4.734,B/91,4.734,True,False,UBGG,1.714,338.7,False,3.409,11,A:96;B:151;G:1;L:1;U:74,sumo2_k11_charged_ube2w,seed-11_sample-2,sumo2_k11_charged_ube2w/seed-11_sample-2/model.cif,0.61,0.73,0.66,,,,,sumo2_k11_charged_ube2w,True,seed-11_sample-2,charged
True,3,0.94,1.337,1.716,4.858,B/91,4.858,True,False,UBGG,1.716,339.3,False,3.447,10,A:96;B:151;G:1;L:1;U:74,sumo2_k11_charged_ube2w,seed-11_sample-3,sumo2_k11_charged_ube2w/seed-11_sample-3/model.cif,0.62,0.73,0.66,,,,,sumo2_k11_charged_ube2w,True,seed-11_sample-3,charged
True,3,0.956,1.266,1.691,4.838,B/91,4.838,True,False,UBGG,1.691,339.2,False,3.429,9,A:96;B:151;G:1;L:1;U:74,sumo2_k11_charged_ube2w,seed-11_sample-4,sumo2_k11_charged_ube2w/seed-11_sample-4/model.cif,0.59,0.72,0.65,,,,,sumo2_k11_charged_ube2w,True,seed-11_sample-4,charged
True,3,1.124,1.352,1.738,5.094,B/91,5.094,True,False,UBGG,1.738,338.7,False,3.659,7,A:96;B:151;G:1;L:1;U:74,sumo2_k11_charged_ube2w,seed-12_sample-0,sumo2_k11_charged_ube2w/seed-12_sample-0/model.cif,0.61,0.73,0.66,,,,,sumo2_k11_charged_ube2w,True,seed-12_sample-0,charged
True,3,0.953,1.394,1.713,4.805,B/91,4.805,True,False,UBGG,1.713,339.2,False,3.426,10,A:96;B:151;G:1;L:1;U:74,sumo2_k11_charged_ube2w,seed-12_sample-1,sumo2_k11_charged_ube2w/seed-12_sample-1/model.cif,0.59,0.71,0.64,,,,,sumo2_k11_charged_ube2w,True,seed-12_sample-1,charged
True,3,0.785,1.386,1.698,4.698,B/91,4.698,True,False,UBGG,1.698,338.2,False,3.257,13,A:96;B:151;G:1;L:1;U:74,sumo2_k11_charged_ube2w,seed-12_sample-2,sumo2_k11_charged_ube2w/seed-12_sample-2/model.cif,0.62,0.74,0.66,,,,,sumo2_k11_charged_ube2w,True,seed-12_sample-2,charged
True,3,1.17,1.399,1.726,4.493,B/91,4.493,True,False,UBGG,1.726,337.9,False,3.11,17,A:96;B:151;G:1;L:1;U:74,sumo2_k11_charged_ube2w,seed-12_sample-3,sumo2_k11_charged_ube2w/seed-12_sample-3/model.cif,0.65,0.76,0.69,,,,,sumo2_k11_charged_ube2w,True,seed-12_sample-3,charged
True,3,1.191,1.389,1.725,10.724,B/91,10.724,True,False,UBGG,1.725,337.5,False,9.061,6,A:96;B:151;G:1;L:1;U:74,sumo2_k11_charged_ube2w,seed-12_sample-4,sumo2_k11_charged_ube2w/seed-12_sample-4/model.cif,0.6,0.73,0.65,,,,,sumo2_k11_charged_ube2w,True,seed-12_sample-4,charged
True,3,0.919,1.219,1.706,4.016,B/91,4.016,True,False,UBGG,1.706,337.8,False,2.831,15,A:96;B:151;G:1;L:1;U:74,sumo2_k11_charged_ube2w,seed-13_sample-0,sumo2_k11_charged_ube2w/seed-13_sample-0/model.cif,0.62,0.74,0.67,,,,,sumo2_k11_charged_ube2w,True,seed-13_sample-0,charged
True,3,0.949,1.276,1.702,4.891,B/91,4.891,True,False,UBGG,1.702,339.1,False,3.473,13,A:96;B:151;G:1;L:1;U:74,sumo2_k11_charged_ube2w,seed-13_sample-1,sumo2_k11_charged_ube2w/seed-13_sample-1/model.cif,0.62,0.74,0.67,,,,,sumo2_k11_charged_ube2w,True,seed-13_sample-1,charged
True,3,1.144,1.34,1.716,4.929,B/91,4.929,True,False,UBGG,1.716,337.2,False,3.508,16,A:96;B:151;G:1;L:1;U:74,sumo2_k11_charged_ube2w,seed-13_sample-2,sumo2_k11_charged_ube2w/seed-13_sample-2/model.cif,0.62,0.74,0.66,,,,,sumo2_k11_charged_ube2w,True,seed-13_sample-2,charged
True,3,0.859,1.289,1.708,4.184,B/91,4.184,True,False,UBGG,1.708,338.5,False,2.841,12,A:96;B:151;G:1;L:1;U:74,sumo2_k11_charged_ube2w,seed-13_sample-3,sumo2_k11_charged_ube2w/seed-13_sample-3/model.cif,0.63,0.74,0.68,,,,,sumo2_k11_charged_ube2w,True,seed-13_sample-3,charged
True,3,0.962,1.337,1.729,4.372,B/91,4.372,True,False,UBGG,1.729,338.6,False,2.918,10,A:96;B:151;G:1;L:1;U:74,sumo2_k11_charged_ube2w,seed-13_sample-4,sumo2_k11_charged_ube2w/seed-13_sample-4/model.cif,0.61,0.73,0.66,,,,,sumo2_k11_charged_ube2w,True,seed-13_sample-4,charged
True,3,0.896,1.287,1.697,4.127,B/91,4.127,True,False,UBGG,1.697,338.9,False,2.715,9,A:96;B:151;G:1;L:1;U:74,sumo2_k11_charged_ube2w,seed-14_sample-0,sumo2_k11_charged_ube2w/seed-14_sample-0/model.cif,0.61,0.73,0.66,,,,,sumo2_k11_charged_ube2w,True,seed-14_sample-0,charged
True,3,1.167,1.432,1.75,12.61,B/151,10.913,False,False,UBGG,1.75,342.1,False,10.902,18,A:96;B:151;G:1;L:1;U:74,sumo2_k11_charged_ube2w,seed-14_sample-1,sumo2_k11_charged_ube2w/seed-14_sample-1/model.cif,0.69,0.79,0.74,,,,,sumo2_k11_charged_ube2w,True,seed-14_sample-1,charged
True,3,0.991,1.274,1.706,4.504,B/91,4.504,True,False,UBGG,1.706,339.6,False,3.182,7,A:96;B:151;G:1;L:1;U:74,sumo2_k11_charged_ube2w,seed-14_sample-2,sumo2_k11_charged_ube2w/seed-14_sample-2/model.cif,0.61,0.72,0.66,,,,,sumo2_k11_charged_ube2w,True,seed-14_sample-2,charged
True,3,0.976,1.279,1.708,4.826,B/91,4.826,True,False,UBGG,1.708,339.3,False,3.418,11,A:96;B:151;G:1;L:1;U:74,sumo2_k11_charged_ube2w,seed-14_sample-3,sumo2_k11_charged_ube2w/seed-14_sample-3/model.cif,0.61,0.72,0.67,,,,,sumo2_k11_charged_ube2w,True,seed-14_sample-3,charged
True,3,0.881,1.336,1.725,4.366,B/91,4.366,True,False,UBGG,1.725,339.9,False,3.343,11,A:96;B:151;G:1;L:1;U:74,sumo2_k11_charged_ube2w,seed-14_sample-4,sumo2_k11_charged_ube2w/seed-14_sample-4/model.cif,0.59,0.71,0.64,,,,,sumo2_k11_charged_ube2w,True,seed-14_sample-4,charged
True,3,0.917,1.301,1.71,4.506,B/91,4.506,True,False,UBGG,1.71,339.0,False,3.131,11,A:96;B:151;G:1;L:1;U:74,sumo2_k11_charged_ube2w,seed-15_sample-0,sumo2_k11_charged_ube2w/seed-15_sample-0/model.cif,0.62,0.74,0.67,,,,,sumo2_k11_charged_ube2w,True,seed-15_sample-0,charged
True,3,1.136,1.333,1.725,4.806,B/91,4.806,True,False,UBGG,1.725,337.3,False,3.336,17,A:96;B:151;G:1;L:1;U:74,sumo2_k11_charged_ube2w,seed-15_sample-1,sumo2_k11_charged_ube2w/seed-15_sample-1/model.cif,0.63,0.74,0.67,,,,,sumo2_k11_charged_ube2w,True,seed-15_sample-1,charged
True,3,1.017,1.239,1.71,4.846,B/91,4.846,True,False,UBGG,1.71,338.7,False,3.43,15,A:96;B:151;G:1;L:1;U:74,sumo2_k11_charged_ube2w,seed-15_sample-2,sumo2_k11_charged_ube2w/seed-15_sample-2/model.cif,0.63,0.74,0.67,,,,,sumo2_k11_charged_ube2w,True,seed-15_sample-2,charged
True,3,0.952,1.247,1.687,4.651,B/91,4.651,True,False,UBGG,1.687,337.1,False,3.282,9,A:96;B:151;G:1;L:1;U:74,sumo2_k11_charged_ube2w,seed-15_sample-3,sumo2_k11_charged_ube2w/seed-15_sample-3/model.cif,0.61,0.73,0.66,,,,,sumo2_k11_charged_ube2w,True,seed-15_sample-3,charged
True,3,0.814,1.383,1.706,4.893,B/91,4.893,True,False,UBGG,1.706,338.6,False,3.502,8,A:96;B:151;G:1;L:1;U:74,sumo2_k11_charged_ube2w,seed-15_sample-4,sumo2_k11_charged_ube2w/seed-15_sample-4/model.cif,0.58,0.71,0.63,,,,,sumo2_k11_charged_ube2w,True,seed-15_sample-4,charged
True,3,0.83,1.342,1.677,4.379,B/91,4.379,True,False,UBGG,1.677,337.7,False,2.848,8,A:96;B:151;G:1;L:1;U:74,sumo2_k11_charged_ube2w,seed-16_sample-0,sumo2_k11_charged_ube2w/seed-16_sample-0/model.cif,0.6,0.72,0.65,,,,,sumo2_k11_charged_ube2w,True,seed-16_sample-0,charged
True,3,1.001,1.277,1.716,4.523,B/91,4.523,True,False,UBGG,1.716,338.8,False,3.249,9,A:96;B:151;G:1;L:1;U:74,sumo2_k11_charged_ube2w,seed-16_sample-1,sumo2_k11_charged_ube2w/seed-16_sample-1/model.cif,0.6,0.72,0.65,,,,,sumo2_k11_charged_ube2w,True,seed-16_sample-1,charged
True,3,1.093,1.297,1.71,3.977,B/91,3.977,True,True,UBGG,1.71,337.3,False,2.693,16,A:96;B:151;G:1;L:1;U:74,sumo2_k11_charged_ube2w,seed-16_sample-2,sumo2_k11_charged_ube2w/seed-16_sample-2/model.cif,0.63,0.74,0.67,,,,,sumo2_k11_charged_ube2w,True,seed-16_sample-2,charged
True,3,0.926,1.221,1.729,4.488,B/91,4.488,True,False,UBGG,1.729,336.3,False,3.055,14,A:96;B:151;G:1;L:1;U:74,sumo2_k11_charged_ube2w,seed-16_sample-3,sumo2_k11_charged_ube2w/seed-16_sample-3/model.cif,0.6,0.72,0.65,,,,,sumo2_k11_charged_ube2w,True,seed-16_sample-3,charged
True,3,1.219,1.147,1.76,4.427,B/91,4.427,True,False,UBGG,1.76,339.3,False,3.072,6,A:96;B:151;G:1;L:1;U:74,sumo2_k11_charged_ube2w,seed-16_sample-4,sumo2_k11_charged_ube2w/seed-16_sample-4/model.cif,0.6,0.71,0.64,,,,,sumo2_k11_charged_ube2w,True,seed-16_sample-4,charged
True,3,0.886,1.153,1.709,4.573,B/91,4.573,True,False,UBGG,1.709,336.3,False,3.186,17,A:96;B:151;G:1;L:1;U:74,sumo2_k11_charged_ube2w,seed-17_sample-0,sumo2_k11_charged_ube2w/seed-17_sample-0/model.cif,0.66,0.76,0.71,,,,,sumo2_k11_charged_ube2w,True,seed-17_sample-0,charged
True,3,0.86,1.23,1.703,4.403,B/91,4.403,True,False,UBGG,1.703,338.3,False,3.111,11,A:96;B:151;G:1;L:1;U:74,sumo2_k11_charged_ube2w,seed-17_sample-1,sumo2_k11_charged_ube2w/seed-17_sample-1/model.cif,0.65,0.76,0.7,,,,,sumo2_k11_charged_ube2w,True,seed-17_sample-1,charged
True,3,0.823,1.27,1.675,4.417,B/91,4.417,True,False,UBGG,1.675,342.3,False,3.034,14,A:96;B:151;G:1;L:1;U:74,sumo2_k11_charged_ube2w,seed-17_sample-2,sumo2_k11_charged_ube2w/seed-17_sample-2/model.cif,0.64,0.75,0.68,,,,,sumo2_k11_charged_ube2w,True,seed-17_sample-2,charged
True,3,1.009,1.308,1.733,5.044,B/91,5.044,True,False,UBGG,1.733,339.9,False,3.689,9,A:96;B:151;G:1;L:1;U:74,sumo2_k11_charged_ube2w,seed-17_sample-3,sumo2_k11_charged_ube2w/seed-17_sample-3/model.cif,0.65,0.75,0.69,,,,,sumo2_k11_charged_ube2w,True,seed-17_sample-3,charged
True,3,1.012,1.343,1.72,4.37,B/91,4.37,True,False,UBGG,1.72,339.5,False,3.051,12,A:96;B:151;G:1;L:1;U:74,sumo2_k11_charged_ube2w,seed-17_sample-4,sumo2_k11_charged_ube2w/seed-17_sample-4/model.cif,0.65,0.76,0.7,,,,,sumo2_k11_charged_ube2w,True,seed-17_sample-4,charged
True,3,1.16,1.289,1.738,4.426,B/91,4.426,True,False,UBGG,1.738,338.6,False,3.002,18,A:96;B:151;G:1;L:1;U:74,sumo2_k11_charged_ube2w,seed-18_sample-0,sumo2_k11_charged_ube2w/seed-18_sample-0/model.cif,0.63,0.76,0.68,,,,,sumo2_k11_charged_ube2w,True,seed-18_sample-0,charged
True,3,0.887,1.315,1.699,4.446,B/91,4.446,True,False,UBGG,1.699,341.0,False,3.103,13,A:96;B:151;G:1;L:1;U:74,sumo2_k11_charged_ube2w,seed-18_sample-1,sumo2_k11_charged_ube2w/seed-18_sample-1/model.cif,0.61,0.73,0.66,,,,,sumo2_k11_charged_ube2w,True,seed-18_sample-1,charged
True,3,0.918,1.451,1.689,4.258,B/91,4.258,True,False,UBGG,1.689,341.8,False,2.894,9,A:96;B:151;G:1;L:1;U:74,sumo2_k11_charged_ube2w,seed-18_sample-2,sumo2_k11_charged_ube2w/seed-18_sample-2/model.cif,0.58,0.7,0.63,,,,,sumo2_k11_charged_ube2w,True,seed-18_sample-2,charged
True,3,0.931,1.262,1.725,4.769,B/91,4.769,True,False,UBGG,1.725,340.7,False,3.344,8,A:96;B:151;G:1;L:1;U:74,sumo2_k11_charged_ube2w,seed-18_sample-3,sumo2_k11_charged_ube2w/seed-18_sample-3/model.cif,0.61,0.73,0.66,,,,,sumo2_k11_charged_ube2w,True,seed-18_sample-3,charged
True,3,0.859,1.228,1.69,4.169,B/91,4.169,True,False,UBGG,1.69,340.6,False,2.81,6,A:96;B:151;G:1;L:1;U:74,sumo2_k11_charged_ube2w,seed-18_sample-4,sumo2_k11_charged_ube2w/seed-18_sample-4/model.cif,0.6,0.72,0.65,,,,,sumo2_k11_charged_ube2w,True,seed-18_sample-4,charged
True,3,1.031,1.355,1.718,4.563,B/91,4.563,True,False,UBGG,1.718,340.2,False,3.186,7,A:96;B:151;G:1;L:1;U:74,sumo2_k11_charged_ube2w,seed-19_sample-0,sumo2_k11_charged_ube2w/seed-19_sample-0/model.cif,0.62,0.74,0.67,,,,,sumo2_k11_charged_ube2w,True,seed-19_sample-0,charged
True,3,0.847,1.313,1.708,4.472,B/91,4.472,True,False,UBGG,1.708,338.6,False,3.269,15,A:96;B:151;G:1;L:1;U:74,sumo2_k11_charged_ube2w,seed-19_sample-1,sumo2_k11_charged_ube2w/seed-19_sample-1/model.cif,0.62,0.73,0.67,,,,,sumo2_k11_charged_ube2w,True,seed-19_sample-1,charged
True,3,1.064,1.331,1.709,4.029,B/91,4.029,True,False,UBGG,1.709,339.7,False,2.714,8,A:96;B:151;G:1;L:1;U:74,sumo2_k11_charged_ube2w,seed-19_sample-2,sumo2_k11_charged_ube2w/seed-19_sample-2/model.cif,0.59,0.71,0.64,,,,,sumo2_k11_charged_ube2w,True,seed-19_sample-2,charged
True,3,0.837,1.411,1.679,3.784,B/91,3.784,True,True,UBGG,1.679,338.8,False,2.464,10,A:96;B:151;G:1;L:1;U:74,sumo2_k11_charged_ube2w,seed-19_sample-3,sumo2_k11_charged_ube2w/seed-19_sample-3/model.cif,0.61,0.73,0.66,,,,,sumo2_k11_charged_ube2w,True,seed-19_sample-3,charged
True,3,0.895,1.286,1.711,4.233,B/91,4.233,True,False,UBGG,1.711,341.3,False,3.08,10,A:96;B:151;G:1;L:1;U:74,sumo2_k11_charged_ube2w,seed-19_sample-4,sumo2_k11_charged_ube2w/seed-19_sample-4/model.cif,0.62,0.73,0.67,,,,,sumo2_k11_charged_ube2w,True,seed-19_sample-4,charged
True,3,0.851,1.273,1.717,3.953,B/91,3.953,True,True,UBGG,1.717,337.2,False,2.866,13,A:96;B:151;G:1;L:1;U:74,sumo2_k11_charged_ube2w,seed-1_sample-0,sumo2_k11_charged_ube2w/seed-1_sample-0/model.cif,0.64,0.75,0.68,,,,,sumo2_k11_charged_ube2w,True,seed-1_sample-0,charged
True,3,0.797,1.341,1.688,4.0,B/91,4.0,True,True,UBGG,1.688,337.6,False,2.637,13,A:96;B:151;G:1;L:1;U:74,sumo2_k11_charged_ube2w,seed-1_sample-1,sumo2_k11_charged_ube2w/seed-1_sample-1/model.cif,0.66,0.76,0.71,,,,,sumo2_k11_charged_ube2w,True,seed-1_sample-1,charged
True,3,0.918,1.361,1.713,4.421,B/91,4.421,True,False,UBGG,1.713,337.9,False,3.102,11,A:96;B:151;G:1;L:1;U:74,sumo2_k11_charged_ube2w,seed-1_sample-2,sumo2_k11_charged_ube2w/seed-1_sample-2/model.cif,0.66,0.76,0.7,,,,,sumo2_k11_charged_ube2w,True,seed-1_sample-2,charged
True,3,0.948,1.37,1.722,4.287,B/91,4.287,True,False,UBGG,1.722,339.5,False,2.909,11,A:96;B:151;G:1;L:1;U:74,sumo2_k11_charged_ube2w,seed-1_sample-3,sumo2_k11_charged_ube2w/seed-1_sample-3/model.cif,0.63,0.74,0.68,,,,,sumo2_k11_charged_ube2w,True,seed-1_sample-3,charged
True,3,0.962,1.281,1.704,4.034,B/91,4.034,True,False,UBGG,1.704,339.1,False,2.906,11,A:96;B:151;G:1;L:1;U:74,sumo2_k11_charged_ube2w,seed-1_sample-4,sumo2_k11_charged_ube2w/seed-1_sample-4/model.cif,0.63,0.74,0.68,,,,,sumo2_k11_charged_ube2w,True,seed-1_sample-4,charged
True,3,0.841,1.384,1.707,4.777,B/91,4.777,True,False,UBGG,1.707,339.8,False,3.389,9,A:96;B:151;G:1;L:1;U:74,sumo2_k11_charged_ube2w,seed-20_sample-0,sumo2_k11_charged_ube2w/seed-20_sample-0/model.cif,0.62,0.73,0.67,,,,,sumo2_k11_charged_ube2w,True,seed-20_sample-0,charged
True,3,0.944,1.335,1.716,4.411,B/91,4.411,True,False,UBGG,1.716,338.6,False,3.102,12,A:96;B:151;G:1;L:1;U:74,sumo2_k11_charged_ube2w,seed-20_sample-1,sumo2_k11_charged_ube2w/seed-20_sample-1/model.cif,0.65,0.76,0.7,,,,,sumo2_k11_charged_ube2w,True,seed-20_sample-1,charged
True,3,0.968,1.428,1.725,4.978,B/91,4.978,True,False,UBGG,1.725,339.8,False,3.583,11,A:96;B:151;G:1;L:1;U:74,sumo2_k11_charged_ube2w,seed-20_sample-2,sumo2_k11_charged_ube2w/seed-20_sample-2/model.cif,0.64,0.75,0.69,,,,,sumo2_k11_charged_ube2w,True,seed-20_sample-2,charged
True,3,0.954,1.313,1.732,4.199,B/91,4.199,True,False,UBGG,1.732,339.8,False,2.768,8,A:96;B:151;G:1;L:1;U:74,sumo2_k11_charged_ube2w,seed-20_sample-3,sumo2_k11_charged_ube2w/seed-20_sample-3/model.cif,0.63,0.74,0.68,,,,,sumo2_k11_charged_ube2w,True,seed-20_sample-3,charged
True,3,1.062,1.436,1.719,4.335,B/91,4.335,True,False,UBGG,1.719,338.8,False,2.996,7,A:96;B:151;G:1;L:1;U:74,sumo2_k11_charged_ube2w,seed-20_sample-4,sumo2_k11_charged_ube2w/seed-20_sample-4/model.cif,0.6,0.71,0.65,,,,,sumo2_k11_charged_ube2w,True,seed-20_sample-4,charged
True,3,0.98,1.206,1.688,3.869,B/91,3.869,True,True,UBGG,1.688,338.0,False,2.667,11,A:96;B:151;G:1;L:1;U:74,sumo2_k11_charged_ube2w,seed-2_sample-0,sumo2_k11_charged_ube2w/seed-2_sample-0/model.cif,0.61,0.72,0.66,,,,,sumo2_k11_charged_ube2w,True,seed-2_sample-0,charged
True,3,0.911,1.273,1.687,4.105,B/91,4.105,True,False,UBGG,1.687,337.3,False,2.7,12,A:96;B:151;G:1;L:1;U:74,sumo2_k11_charged_ube2w,seed-2_sample-1,sumo2_k11_charged_ube2w/seed-2_sample-1/model.cif,0.63,0.74,0.68,,,,,sumo2_k11_charged_ube2w,True,seed-2_sample-1,charged
True,3,0.972,1.256,1.703,4.343,B/91,4.343,True,False,UBGG,1.703,338.1,False,2.922,10,A:96;B:151;G:1;L:1;U:74,sumo2_k11_charged_ube2w,seed-2_sample-2,sumo2_k11_charged_ube2w/seed-2_sample-2/model.cif,0.59,0.7,0.63,,,,,sumo2_k11_charged_ube2w,True,seed-2_sample-2,charged
True,3,0.921,1.24,1.695,4.208,B/91,4.208,True,False,UBGG,1.695,339.1,False,2.847,9,A:96;B:151;G:1;L:1;U:74,sumo2_k11_charged_ube2w,seed-2_sample-3,sumo2_k11_charged_ube2w/seed-2_sample-3/model.cif,0.59,0.71,0.64,,,,,sumo2_k11_charged_ube2w,True,seed-2_sample-3,charged
True,3,0.85,1.342,1.689,3.893,B/91,3.893,True,True,UBGG,1.689,338.0,False,3.066,10,A:96;B:151;G:1;L:1;U:74,sumo2_k11_charged_ube2w,seed-2_sample-4,sumo2_k11_charged_ube2w/seed-2_sample-4/model.cif,0.61,0.73,0.66,,,,,sumo2_k11_charged_ube2w,True,seed-2_sample-4,charged
True,3,1.005,1.348,1.634,4.338,B/91,4.338,True,False,UBGG,1.634,345.5,False,2.931,7,A:96;B:151;G:1;L:1;U:74,sumo2_k11_charged_ube2w,seed-3_sample-0,sumo2_k11_charged_ube2w/seed-3_sample-0/model.cif,0.61,0.72,0.66,,,,,sumo2_k11_charged_ube2w,True,seed-3_sample-0,charged
True,3,0.924,1.332,1.726,4.588,B/91,4.588,True,False,UBGG,1.726,338.5,False,3.196,15,A:96;B:151;G:1;L:1;U:74,sumo2_k11_charged_ube2w,seed-3_sample-1,sumo2_k11_charged_ube2w/seed-3_sample-1/model.cif,0.63,0.74,0.67,,,,,sumo2_k11_charged_ube2w,True,seed-3_sample-1,charged
True,3,0.877,1.319,1.706,4.938,B/91,4.938,True,False,UBGG,1.706,340.5,False,3.47,7,A:96;B:151;G:1;L:1;U:74,sumo2_k11_charged_ube2w,seed-3_sample-2,sumo2_k11_charged_ube2w/seed-3_sample-2/model.cif,0.62,0.73,0.67,,,,,sumo2_k11_charged_ube2w,True,seed-3_sample-2,charged
True,3,0.837,1.331,1.683,4.007,B/91,4.007,True,False,UBGG,1.683,337.3,False,2.679,14,A:96;B:151;G:1;L:1;U:74,sumo2_k11_charged_ube2w,seed-3_sample-3,sumo2_k11_charged_ube2w/seed-3_sample-3/model.cif,0.64,0.74,0.69,,,,,sumo2_k11_charged_ube2w,True,seed-3_sample-3,charged
True,3,0.917,1.357,1.711,4.69,B/91,4.69,True,False,UBGG,1.711,339.1,False,3.307,11,A:96;B:151;G:1;L:1;U:74,sumo2_k11_charged_ube2w,seed-3_sample-4,sumo2_k11_charged_ube2w/seed-3_sample-4/model.cif,0.61,0.72,0.65,,,,,sumo2_k11_charged_ube2w,True,seed-3_sample-4,charged
True,3,1.018,1.426,1.718,4.451,B/91,4.451,True,False,UBGG,1.718,339.9,False,3.154,12,A:96;B:151;G:1;L:1;U:74,sumo2_k11_charged_ube2w,seed-4_sample-0,sumo2_k11_charged_ube2w/seed-4_sample-0/model.cif,0.65,0.75,0.69,,,,,sumo2_k11_charged_ube2w,True,seed-4_sample-0,charged
True,3,0.92,1.299,1.703,3.931,B/91,3.931,True,True,UBGG,1.703,337.9,False,2.719,12,A:96;B:151;G:1;L:1;U:74,sumo2_k11_charged_ube2w,seed-4_sample-1,sumo2_k11_charged_ube2w/seed-4_sample-1/model.cif,0.63,0.74,0.68,,,,,sumo2_k11_charged_ube2w,True,seed-4_sample-1,charged
True,3,0.908,1.388,1.696,4.43,B/91,4.43,True,False,UBGG,1.696,341.0,False,3.111,9,A:96;B:151;G:1;L:1;U:74,sumo2_k11_charged_ube2w,seed-4_sample-2,sumo2_k11_charged_ube2w/seed-4_sample-2/model.cif,0.64,0.74,0.69,,,,,sumo2_k11_charged_ube2w,True,seed-4_sample-2,charged
True,3,0.894,1.463,1.721,4.693,B/91,4.693,True,False,UBGG,1.721,339.0,False,3.346,12,A:96;B:151;G:1;L:1;U:74,sumo2_k11_charged_ube2w,seed-4_sample-3,sumo2_k11_charged_ube2w/seed-4_sample-3/model.cif,0.64,0.75,0.69,,,,,sumo2_k11_charged_ube2w,True,seed-4_sample-3,charged
True,3,1.03,1.471,1.704,4.512,B/91,4.512,True,False,UBGG,1.704,339.0,False,3.242,11,A:96;B:151;G:1;L:1;U:74,sumo2_k11_charged_ube2w,seed-4_sample-4,sumo2_k11_charged_ube2w/seed-4_sample-4/model.cif,0.65,0.75,0.7,,,,,sumo2_k11_charged_ube2w,True,seed-4_sample-4,charged
True,3,1.101,1.329,1.758,4.173,B/91,4.173,True,False,UBGG,1.758,336.9,False,3.135,10,A:96;B:151;G:1;L:1;U:74,sumo2_k11_charged_ube2w,seed-5_sample-0,sumo2_k11_charged_ube2w/seed-5_sample-0/model.cif,0.61,0.74,0.65,,,,,sumo2_k11_charged_ube2w,True,seed-5_sample-0,charged
True,3,0.927,1.419,1.725,4.755,B/91,4.755,True,False,UBGG,1.725,337.5,False,3.395,10,A:96;B:151;G:1;L:1;U:74,sumo2_k11_charged_ube2w,seed-5_sample-1,sumo2_k11_charged_ube2w/seed-5_sample-1/model.cif,0.6,0.71,0.64,,,,,sumo2_k11_charged_ube2w,True,seed-5_sample-1,charged
True,3,0.847,1.418,1.702,4.432,B/91,4.432,True,False,UBGG,1.702,339.8,False,3.059,9,A:96;B:151;G:1;L:1;U:74,sumo2_k11_charged_ube2w,seed-5_sample-2,sumo2_k11_charged_ube2w/seed-5_sample-2/model.cif,0.59,0.71,0.65,,,,,sumo2_k11_charged_ube2w,True,seed-5_sample-2,charged
True,3,1.134,1.394,1.745,4.502,B/91,4.502,True,False,UBGG,1.745,337.4,False,3.054,6,A:96;B:151;G:1;L:1;U:74,sumo2_k11_charged_ube2w,seed-5_sample-3,sumo2_k11_charged_ube2w/seed-5_sample-3/model.cif,0.61,0.72,0.65,,,,,sumo2_k11_charged_ube2w,True,seed-5_sample-3,charged
True,3,0.936,1.384,1.705,4.259,B/91,4.259,True,False,UBGG,1.705,336.8,False,2.967,9,A:96;B:151;G:1;L:1;U:74,sumo2_k11_charged_ube2w,seed-5_sample-4,sumo2_k11_charged_ube2w/seed-5_sample-4/model.cif,0.59,0.71,0.64,,,,,sumo2_k11_charged_ube2w,True,seed-5_sample-4,charged
True,3,0.829,1.241,1.65,4.5,B/91,4.5,True,False,UBGG,1.65,338.8,False,3.059,11,A:96;B:151;G:1;L:1;U:74,sumo2_k11_charged_ube2w,seed-6_sample-0,sumo2_k11_charged_ube2w/seed-6_sample-0/model.cif,0.61,0.73,0.66,,,,,sumo2_k11_charged_ube2w,True,seed-6_sample-0,charged
True,3,1.205,1.306,1.741,4.818,B/91,4.818,True,False,UBGG,1.741,337.5,False,3.374,14,A:96;B:151;G:1;L:1;U:74,sumo2_k11_charged_ube2w,seed-6_sample-1,sumo2_k11_charged_ube2w/seed-6_sample-1/model.cif,0.62,0.73,0.66,,,,,sumo2_k11_charged_ube2w,True,seed-6_sample-1,charged
True,3,1.189,1.328,1.716,4.515,B/91,4.515,True,False,UBGG,1.716,338.4,False,3.061,8,A:96;B:151;G:1;L:1;U:74,sumo2_k11_charged_ube2w,seed-6_sample-2,sumo2_k11_charged_ube2w/seed-6_sample-2/model.cif,0.65,0.75,0.67,,,,,sumo2_k11_charged_ube2w,True,seed-6_sample-2,charged
True,3,1.065,1.369,1.715,4.74,B/91,4.74,True,False,UBGG,1.715,338.3,False,3.334,10,A:96;B:151;G:1;L:1;U:74,sumo2_k11_charged_ube2w,seed-6_sample-3,sumo2_k11_charged_ube2w/seed-6_sample-3/model.cif,0.6,0.72,0.65,,,,,sumo2_k11_charged_ube2w,True,seed-6_sample-3,charged
True,3,0.887,1.353,1.692,5.162,B/91,5.162,True,False,UBGG,1.692,337.4,False,3.804,15,A:96;B:151;G:1;L:1;U:74,sumo2_k11_charged_ube2w,seed-6_sample-4,sumo2_k11_charged_ube2w/seed-6_sample-4/model.cif,0.62,0.73,0.67,,,,,sumo2_k11_charged_ube2w,True,seed-6_sample-4,charged
True,3,0.977,1.405,1.722,4.833,B/91,4.833,True,False,UBGG,1.722,339.7,False,3.379,10,A:96;B:151;G:1;L:1;U:74,sumo2_k11_charged_ube2w,seed-7_sample-0,sumo2_k11_charged_ube2w/seed-7_sample-0/model.cif,0.6,0.72,0.66,,,,,sumo2_k11_charged_ube2w,True,seed-7_sample-0,charged
True,3,0.977,1.284,1.7,4.335,B/91,4.335,True,False,UBGG,1.7,337.0,False,2.942,13,A:96;B:151;G:1;L:1;U:74,sumo2_k11_charged_ube2w,seed-7_sample-1,sumo2_k11_charged_ube2w/seed-7_sample-1/model.cif,0.62,0.74,0.67,,,,,sumo2_k11_charged_ube2w,True,seed-7_sample-1,charged
True,3,0.971,1.456,1.705,4.653,B/91,4.653,True,False,UBGG,1.705,338.4,False,3.277,6,A:96;B:151;G:1;L:1;U:74,sumo2_k11_charged_ube2w,seed-7_sample-2,sumo2_k11_charged_ube2w/seed-7_sample-2/model.cif,0.6,0.72,0.65,,,,,sumo2_k11_charged_ube2w,True,seed-7_sample-2,charged
True,3,1.096,1.305,1.719,4.557,B/91,4.557,True,False,UBGG,1.719,337.5,False,3.199,8,A:96;B:151;G:1;L:1;U:74,sumo2_k11_charged_ube2w,seed-7_sample-3,sumo2_k11_charged_ube2w/seed-7_sample-3/model.cif,0.6,0.72,0.65,,,,,sumo2_k11_charged_ube2w,True,seed-7_sample-3,charged
True,3,1.156,1.306,1.715,4.612,B/91,4.612,True,False,UBGG,1.715,337.6,False,3.173,15,A:96;B:151;G:1;L:1;U:74,sumo2_k11_charged_ube2w,seed-7_sample-4,sumo2_k11_charged_ube2w/seed-7_sample-4/model.cif,0.64,0.75,0.68,,,,,sumo2_k11_charged_ube2w,True,seed-7_sample-4,charged
True,3,0.96,1.3,1.69,4.726,B/91,4.726,True,False,UBGG,1.69,337.5,False,3.409,8,A:96;B:151;G:1;L:1;U:74,sumo2_k11_charged_ube2w,seed-8_sample-0,sumo2_k11_charged_ube2w/seed-8_sample-0/model.cif,0.63,0.73,0.67,,,,,sumo2_k11_charged_ube2w,True,seed-8_sample-0,charged
True,3,1.142,1.26,1.75,4.352,B/91,4.352,True,False,UBGG,1.75,338.8,False,2.952,14,A:96;B:151;G:1;L:1;U:74,sumo2_k11_charged_ube2w,seed-8_sample-1,sumo2_k11_charged_ube2w/seed-8_sample-1/model.cif,0.63,0.74,0.67,,,,,sumo2_k11_charged_ube2w,True,seed-8_sample-1,charged
True,3,0.968,1.376,1.694,4.663,B/91,4.663,True,False,UBGG,1.694,336.7,False,3.435,9,A:96;B:151;G:1;L:1;U:74,sumo2_k11_charged_ube2w,seed-8_sample-2,sumo2_k11_charged_ube2w/seed-8_sample-2/model.cif,0.63,0.74,0.67,,,,,sumo2_k11_charged_ube2w,True,seed-8_sample-2,charged
True,3,0.906,1.24,1.702,4.048,B/91,4.048,True,False,UBGG,1.702,336.9,False,2.69,11,A:96;B:151;G:1;L:1;U:74,sumo2_k11_charged_ube2w,seed-8_sample-3,sumo2_k11_charged_ube2w/seed-8_sample-3/model.cif,0.63,0.74,0.68,,,,,sumo2_k11_charged_ube2w,True,seed-8_sample-3,charged
True,3,0.849,1.38,1.689,4.765,B/91,4.765,True,False,UBGG,1.689,341.0,False,3.381,12,A:96;B:151;G:1;L:1;U:74,sumo2_k11_charged_ube2w,seed-8_sample-4,sumo2_k11_charged_ube2w/seed-8_sample-4/model.cif,0.64,0.74,0.68,,,,,sumo2_k11_charged_ube2w,True,seed-8_sample-4,charged
True,3,0.826,1.345,1.648,4.884,B/91,4.884,True,False,UBGG,1.648,333.2,False,3.525,9,A:96;B:151;G:1;L:1;U:74,sumo2_k11_charged_ube2w,seed-9_sample-0,sumo2_k11_charged_ube2w/seed-9_sample-0/model.cif,0.57,0.7,0.63,,,,,sumo2_k11_charged_ube2w,True,seed-9_sample-0,charged
True,3,1.094,1.23,1.708,5.198,B/91,5.198,True,False,UBGG,1.708,334.3,False,3.776,10,A:96;B:151;G:1;L:1;U:74,sumo2_k11_charged_ube2w,seed-9_sample-1,sumo2_k11_charged_ube2w/seed-9_sample-1/model.cif,0.62,0.74,0.69,,,,,sumo2_k11_charged_ube2w,True,seed-9_sample-1,charged
True,3,0.954,1.346,1.597,5.86,B/91,5.86,True,False,UBGG,1.597,339.6,False,4.652,12,A:96;B:151;G:1;L:1;U:74,sumo2_k11_charged_ube2w,seed-9_sample-2,sumo2_k11_charged_ube2w/seed-9_sample-2/model.cif,0.63,0.74,0.68,,,,,sumo2_k11_charged_ube2w,True,seed-9_sample-2,charged
True,3,1.189,1.285,1.708,4.297,B/91,4.297,True,False,UBGG,1.708,335.2,False,2.767,8,A:96;B:151;G:1;L:1;U:74,sumo2_k11_charged_ube2w,seed-9_sample-3,sumo2_k11_charged_ube2w/seed-9_sample-3/model.cif,0.62,0.74,0.65,,,,,sumo2_k11_charged_ube2w,True,seed-9_sample-3,charged
True,3,1.017,1.34,1.699,4.994,B/91,4.994,True,False,UBGG,1.699,335.4,False,3.582,5,A:96;B:151;G:1;L:1;U:74,sumo2_k11_charged_ube2w,seed-9_sample-4,sumo2_k11_charged_ube2w/seed-9_sample-4/model.cif,0.59,0.71,0.65,,,,,sumo2_k11_charged_ube2w,True,seed-9_sample-4,charged
False,0,,,,,,,,,,,,,,15,A:96;B:151,sumo2_k11_lyscontrol_ube2w,seed-10_sample-0,sumo2_k11_lyscontrol_ube2w/seed-10_sample-0/model.cif,0.29,0.57,0.39,26.955,46.0,,,sumo2_k11_lyscontrol_ube2w,True,seed-10_sample-0,lyscontrol
False,0,,,,,,,,,,,,,,11,A:96;B:151,sumo2_k11_lyscontrol_ube2w,seed-10_sample-1,sumo2_k11_lyscontrol_ube2w/seed-10_sample-1/model.cif,0.11,0.54,0.24,11.155,34.0,,,sumo2_k11_lyscontrol_ube2w,True,seed-10_sample-1,lyscontrol
False,0,,,,,,,,,,,,,,12,A:96;B:151,sumo2_k11_lyscontrol_ube2w,seed-10_sample-2,sumo2_k11_lyscontrol_ube2w/seed-10_sample-2/model.cif,0.3,0.58,0.41,25.187,46.0,,,sumo2_k11_lyscontrol_ube2w,True,seed-10_sample-2,lyscontrol
False,0,,,,,,,,,,,,,,12,A:96;B:151,sumo2_k11_lyscontrol_ube2w,seed-10_sample-3,sumo2_k11_lyscontrol_ube2w/seed-10_sample-3/model.cif,0.34,0.6,0.4,26.726,46.0,,,sumo2_k11_lyscontrol_ube2w,True,seed-10_sample-3,lyscontrol
False,0,,,,,,,,,,,,,,13,A:96;B:151,sumo2_k11_lyscontrol_ube2w,seed-10_sample-4,sumo2_k11_lyscontrol_ube2w/seed-10_sample-4/model.cif,0.11,0.56,0.2,27.446,22.0,,,sumo2_k11_lyscontrol_ube2w,True,seed-10_sample-4,lyscontrol
False,0,,,,,,,,,,,,,,13,A:96;B:151,sumo2_k11_lyscontrol_ube2w,seed-11_sample-0,sumo2_k11_lyscontrol_ube2w/seed-11_sample-0/model.cif,0.32,0.57,0.42,26.628,46.0,,,sumo2_k11_lyscontrol_ube2w,True,seed-11_sample-0,lyscontrol
False,0,,,,,,,,,,,,,,8,A:96;B:151,sumo2_k11_lyscontrol_ube2w,seed-11_sample-1,sumo2_k11_lyscontrol_ube2w/seed-11_sample-1/model.cif,0.09,0.55,0.19,19.57,22.0,,,sumo2_k11_lyscontrol_ube2w,True,seed-11_sample-1,lyscontrol
False,0,,,,,,,,,,,,,,14,A:96;B:151,sumo2_k11_lyscontrol_ube2w,seed-11_sample-2,sumo2_k11_lyscontrol_ube2w/seed-11_sample-2/model.cif,0.3,0.57,0.38,23.82,46.0,,,sumo2_k11_lyscontrol_ube2w,True,seed-11_sample-2,lyscontrol
False,0,,,,,,,,,,,,,,16,A:96;B:151,sumo2_k11_lyscontrol_ube2w,seed-11_sample-3,sumo2_k11_lyscontrol_ube2w/seed-11_sample-3/model.cif,0.1,0.55,0.26,10.092,22.0,,,sumo2_k11_lyscontrol_ube2w,True,seed-11_sample-3,lyscontrol
False,0,,,,,,,,,,,,,,9,A:96;B:151,sumo2_k11_lyscontrol_ube2w,seed-11_sample-4,sumo2_k11_lyscontrol_ube2w/seed-11_sample-4/model.cif,0.16,0.55,0.24,25.47,46.0,,,sumo2_k11_lyscontrol_ube2w,True,seed-11_sample-4,lyscontrol
False,0,,,,,,,,,,,,,,15,A:96;B:151,sumo2_k11_lyscontrol_ube2w,seed-12_sample-0,sumo2_k11_lyscontrol_ube2w/seed-12_sample-0/model.cif,0.09,0.56,0.21,16.359,8.0,,,sumo2_k11_lyscontrol_ube2w,True,seed-12_sample-0,lyscontrol
False,0,,,,,,,,,,,,,,7,A:96;B:151,sumo2_k11_lyscontrol_ube2w,seed-12_sample-1,sumo2_k11_lyscontrol_ube2w/seed-12_sample-1/model.cif,0.1,0.56,0.2,23.398,22.0,,,sumo2_k11_lyscontrol_ube2w,True,seed-12_sample-1,lyscontrol
False,0,,,,,,,,,,,,,,9,A:96;B:151,sumo2_k11_lyscontrol_ube2w,seed-12_sample-2,sumo2_k11_lyscontrol_ube2w/seed-12_sample-2/model.cif,0.33,0.58,0.43,25.283,46.0,,,sumo2_k11_lyscontrol_ube2w,True,seed-12_sample-2,lyscontrol
False,0,,,,,,,,,,,,,,10,A:96;B:151,sumo2_k11_lyscontrol_ube2w,seed-12_sample-3,sumo2_k11_lyscontrol_ube2w/seed-12_sample-3/model.cif,0.29,0.57,0.38,24.602,46.0,,,sumo2_k11_lyscontrol_ube2w,True,seed-12_sample-3,lyscontrol
False,0,,,,,,,,,,,,,,12,A:96;B:151,sumo2_k11_lyscontrol_ube2w,seed-12_sample-4,sumo2_k11_lyscontrol_ube2w/seed-12_sample-4/model.cif,0.31,0.58,0.41,28.146,6.0,,,sumo2_k11_lyscontrol_ube2w,True,seed-12_sample-4,lyscontrol
False,0,,,,,,,,,,,,,,11,A:96;B:151,sumo2_k11_lyscontrol_ube2w,seed-13_sample-0,sumo2_k11_lyscontrol_ube2w/seed-13_sample-0/model.cif,0.29,0.57,0.4,25.48,46.0,,,sumo2_k11_lyscontrol_ube2w,True,seed-13_sample-0,lyscontrol
False,0,,,,,,,,,,,,,,8,A:96;B:151,sumo2_k11_lyscontrol_ube2w,seed-13_sample-1,sumo2_k11_lyscontrol_ube2w/seed-13_sample-1/model.cif,0.08,0.54,0.22,9.141,43.0,,,sumo2_k11_lyscontrol_ube2w,True,seed-13_sample-1,lyscontrol
False,0,,,,,,,,,,,,,,10,A:96;B:151,sumo2_k11_lyscontrol_ube2w,seed-13_sample-2,sumo2_k11_lyscontrol_ube2w/seed-13_sample-2/model.cif,0.3,0.58,0.39,24.973,46.0,,,sumo2_k11_lyscontrol_ube2w,True,seed-13_sample-2,lyscontrol
False,0,,,,,,,,,,,,,,6,A:96;B:151,sumo2_k11_lyscontrol_ube2w,seed-13_sample-3,sumo2_k11_lyscontrol_ube2w/seed-13_sample-3/model.cif,0.1,0.55,0.21,24.76,8.0,,,sumo2_k11_lyscontrol_ube2w,True,seed-13_sample-3,lyscontrol
False,0,,,,,,,,,,,,,,9,A:96;B:151,sumo2_k11_lyscontrol_ube2w,seed-13_sample-4,sumo2_k11_lyscontrol_ube2w/seed-13_sample-4/model.cif,0.11,0.55,0.24,26.564,22.0,,,sumo2_k11_lyscontrol_ube2w,True,seed-13_sample-4,lyscontrol
False,0,,,,,,,,,,,,,,10,A:96;B:151,sumo2_k11_lyscontrol_ube2w,seed-14_sample-0,sumo2_k11_lyscontrol_ube2w/seed-14_sample-0/model.cif,0.37,0.57,0.46,24.504,46.0,,,sumo2_k11_lyscontrol_ube2w,True,seed-14_sample-0,lyscontrol
False,0,,,,,,,,,,,,,,11,A:96;B:151,sumo2_k11_lyscontrol_ube2w,seed-14_sample-1,sumo2_k11_lyscontrol_ube2w/seed-14_sample-1/model.cif,0.29,0.56,0.36,22.257,46.0,,,sumo2_k11_lyscontrol_ube2w,True,seed-14_sample-1,lyscontrol
False,0,,,,,,,,,,,,,,12,A:96;B:151,sumo2_k11_lyscontrol_ube2w,seed-14_sample-2,sumo2_k11_lyscontrol_ube2w/seed-14_sample-2/model.cif,0.1,0.55,0.2,16.849,22.0,,,sumo2_k11_lyscontrol_ube2w,True,seed-14_sample-2,lyscontrol
False,0,,,,,,,,,,,,,,10,A:96;B:151,sumo2_k11_lyscontrol_ube2w,seed-14_sample-3,sumo2_k11_lyscontrol_ube2w/seed-14_sample-3/model.cif,0.27,0.6,0.36,27.076,46.0,,,sumo2_k11_lyscontrol_ube2w,True,seed-14_sample-3,lyscontrol
False,0,,,,,,,,,,,,,,12,A:96;B:151,sumo2_k11_lyscontrol_ube2w,seed-14_sample-4,sumo2_k11_lyscontrol_ube2w/seed-14_sample-4/model.cif,0.4,0.6,0.46,23.411,46.0,,,sumo2_k11_lyscontrol_ube2w,True,seed-14_sample-4,lyscontrol
False,0,,,,,,,,,,,,,,12,A:96;B:151,sumo2_k11_lyscontrol_ube2w,seed-15_sample-0,sumo2_k11_lyscontrol_ube2w/seed-15_sample-0/model.cif,0.3,0.58,0.39,27.394,6.0,,,sumo2_k11_lyscontrol_ube2w,True,seed-15_sample-0,lyscontrol
False,0,,,,,,,,,,,,,,11,A:96;B:151,sumo2_k11_lyscontrol_ube2w,seed-15_sample-1,sumo2_k11_lyscontrol_ube2w/seed-15_sample-1/model.cif,0.1,0.56,0.2,25.455,22.0,,,sumo2_k11_lyscontrol_ube2w,True,seed-15_sample-1,lyscontrol
False,0,,,,,,,,,,,,,,11,A:96;B:151,sumo2_k11_lyscontrol_ube2w,seed-15_sample-2,sumo2_k11_lyscontrol_ube2w/seed-15_sample-2/model.cif,0.24,0.56,0.34,23.64,46.0,,,sumo2_k11_lyscontrol_ube2w,True,seed-15_sample-2,lyscontrol
False,0,,,,,,,,,,,,,,16,A:96;B:151,sumo2_k11_lyscontrol_ube2w,seed-15_sample-3,sumo2_k11_lyscontrol_ube2w/seed-15_sample-3/model.cif,0.26,0.57,0.37,21.994,6.0,,,sumo2_k11_lyscontrol_ube2w,True,seed-15_sample-3,lyscontrol
False,0,,,,,,,,,,,,,,9,A:96;B:151,sumo2_k11_lyscontrol_ube2w,seed-15_sample-4,sumo2_k11_lyscontrol_ube2w/seed-15_sample-4/model.cif,0.1,0.55,0.22,20.166,46.0,,,sumo2_k11_lyscontrol_ube2w,True,seed-15_sample-4,lyscontrol
False,0,,,,,,,,,,,,,,9,A:96;B:151,sumo2_k11_lyscontrol_ube2w,seed-16_sample-0,sumo2_k11_lyscontrol_ube2w/seed-16_sample-0/model.cif,0.11,0.56,0.25,25.498,22.0,,,sumo2_k11_lyscontrol_ube2w,True,seed-16_sample-0,lyscontrol
False,0,,,,,,,,,,,,,,3,A:96;B:151,sumo2_k11_lyscontrol_ube2w,seed-16_sample-1,sumo2_k11_lyscontrol_ube2w/seed-16_sample-1/model.cif,0.1,0.56,0.25,29.296,22.0,,,sumo2_k11_lyscontrol_ube2w,True,seed-16_sample-1,lyscontrol
False,0,,,,,,,,,,,,,,19,A:96;B:151,sumo2_k11_lyscontrol_ube2w,seed-16_sample-2,sumo2_k11_lyscontrol_ube2w/seed-16_sample-2/model.cif,0.28,0.57,0.38,27.625,46.0,,,sumo2_k11_lyscontrol_ube2w,True,seed-16_sample-2,lyscontrol
False,0,,,,,,,,,,,,,,13,A:96;B:151,sumo2_k11_lyscontrol_ube2w,seed-16_sample-3,sumo2_k11_lyscontrol_ube2w/seed-16_sample-3/model.cif,0.3,0.58,0.4,23.72,46.0,,,sumo2_k11_lyscontrol_ube2w,True,seed-16_sample-3,lyscontrol
False,0,,,,,,,,,,,,,,11,A:96;B:151,sumo2_k11_lyscontrol_ube2w,seed-16_sample-4,sumo2_k11_lyscontrol_ube2w/seed-16_sample-4/model.cif,0.29,0.57,0.37,20.296,6.0,,,sumo2_k11_lyscontrol_ube2w,True,seed-16_sample-4,lyscontrol
False,0,,,,,,,,,,,,,,12,A:96;B:151,sumo2_k11_lyscontrol_ube2w,seed-17_sample-0,sumo2_k11_lyscontrol_ube2w/seed-17_sample-0/model.cif,0.17,0.56,0.31,26.492,46.0,,,sumo2_k11_lyscontrol_ube2w,True,seed-17_sample-0,lyscontrol
False,0,,,,,,,,,,,,,,9,A:96;B:151,sumo2_k11_lyscontrol_ube2w,seed-17_sample-1,sumo2_k11_lyscontrol_ube2w/seed-17_sample-1/model.cif,0.32,0.58,0.38,28.154,46.0,,,sumo2_k11_lyscontrol_ube2w,True,seed-17_sample-1,lyscontrol
False,0,,,,,,,,,,,,,,27,A:96;B:151,sumo2_k11_lyscontrol_ube2w,seed-17_sample-2,sumo2_k11_lyscontrol_ube2w/seed-17_sample-2/model.cif,0.1,0.55,0.22,4.148,22.0,,,sumo2_k11_lyscontrol_ube2w,True,seed-17_sample-2,lyscontrol
False,0,,,,,,,,,,,,,,14,A:96;B:151,sumo2_k11_lyscontrol_ube2w,seed-17_sample-3,sumo2_k11_lyscontrol_ube2w/seed-17_sample-3/model.cif,0.17,0.56,0.28,27.434,22.0,,,sumo2_k11_lyscontrol_ube2w,True,seed-17_sample-3,lyscontrol
False,0,,,,,,,,,,,,,,14,A:96;B:151,sumo2_k11_lyscontrol_ube2w,seed-17_sample-4,sumo2_k11_lyscontrol_ube2w/seed-17_sample-4/model.cif,0.29,0.58,0.39,26.262,46.0,,,sumo2_k11_lyscontrol_ube2w,True,seed-17_sample-4,lyscontrol
False,0,,,,,,,,,,,,,,16,A:96;B:151,sumo2_k11_lyscontrol_ube2w,seed-18_sample-0,sumo2_k11_lyscontrol_ube2w/seed-18_sample-0/model.cif,0.1,0.55,0.21,18.692,8.0,,,sumo2_k11_lyscontrol_ube2w,True,seed-18_sample-0,lyscontrol
False,0,,,,,,,,,,,,,,10,A:96;B:151,sumo2_k11_lyscontrol_ube2w,seed-18_sample-1,sumo2_k11_lyscontrol_ube2w/seed-18_sample-1/model.cif,0.27,0.57,0.38,26.584,46.0,,,sumo2_k11_lyscontrol_ube2w,True,seed-18_sample-1,lyscontrol
False,0,,,,,,,,,,,,,,12,A:96;B:151,sumo2_k11_lyscontrol_ube2w,seed-18_sample-2,sumo2_k11_lyscontrol_ube2w/seed-18_sample-2/model.cif,0.28,0.57,0.38,25.536,46.0,,,sumo2_k11_lyscontrol_ube2w,True,seed-18_sample-2,lyscontrol
False,0,,,,,,,,,,,,,,5,A:96;B:151,sumo2_k11_lyscontrol_ube2w,seed-18_sample-3,sumo2_k11_lyscontrol_ube2w/seed-18_sample-3/model.cif,0.07,0.54,0.21,33.86,22.0,,,sumo2_k11_lyscontrol_ube2w,True,seed-18_sample-3,lyscontrol
False,0,,,,,,,,,,,,,,13,A:96;B:151,sumo2_k11_lyscontrol_ube2w,seed-18_sample-4,sumo2_k11_lyscontrol_ube2w/seed-18_sample-4/model.cif,0.26,0.58,0.36,25.97,46.0,,,sumo2_k11_lyscontrol_ube2w,True,seed-18_sample-4,lyscontrol
False,0,,,,,,,,,,,,,,6,A:96;B:151,sumo2_k11_lyscontrol_ube2w,seed-19_sample-0,sumo2_k11_lyscontrol_ube2w/seed-19_sample-0/model.cif,0.09,0.55,0.23,27.894,22.0,,,sumo2_k11_lyscontrol_ube2w,True,seed-19_sample-0,lyscontrol
False,0,,,,,,,,,,,,,,14,A:96;B:151,sumo2_k11_lyscontrol_ube2w,seed-19_sample-1,sumo2_k11_lyscontrol_ube2w/seed-19_sample-1/model.cif,0.35,0.59,0.44,22.797,46.0,,,sumo2_k11_lyscontrol_ube2w,True,seed-19_sample-1,lyscontrol
False,0,,,,,,,,,,,,,,15,A:96;B:151,sumo2_k11_lyscontrol_ube2w,seed-19_sample-2,sumo2_k11_lyscontrol_ube2w/seed-19_sample-2/model.cif,0.34,0.58,0.45,24.932,46.0,,,sumo2_k11_lyscontrol_ube2w,True,seed-19_sample-2,lyscontrol
False,0,,,,,,,,,,,,,,12,A:96;B:151,sumo2_k11_lyscontrol_ube2w,seed-19_sample-3,sumo2_k11_lyscontrol_ube2w/seed-19_sample-3/model.cif,0.34,0.58,0.44,23.379,46.0,,,sumo2_k11_lyscontrol_ube2w,True,seed-19_sample-3,lyscontrol
False,0,,,,,,,,,,,,,,12,A:96;B:151,sumo2_k11_lyscontrol_ube2w,seed-19_sample-4,sumo2_k11_lyscontrol_ube2w/seed-19_sample-4/model.cif,0.35,0.58,0.45,27.24,46.0,,,sumo2_k11_lyscontrol_ube2w,True,seed-19_sample-4,lyscontrol
False,0,,,,,,,,,,,,,,11,A:96;B:151,sumo2_k11_lyscontrol_ube2w,seed-1_sample-0,sumo2_k11_lyscontrol_ube2w/seed-1_sample-0/model.cif,0.29,0.57,0.4,28.652,46.0,,,sumo2_k11_lyscontrol_ube2w,True,seed-1_sample-0,lyscontrol
False,0,,,,,,,,,,,,,,14,A:96;B:151,sumo2_k11_lyscontrol_ube2w,seed-1_sample-1,sumo2_k11_lyscontrol_ube2w/seed-1_sample-1/model.cif,0.32,0.58,0.43,23.659,46.0,,,sumo2_k11_lyscontrol_ube2w,True,seed-1_sample-1,lyscontrol
False,0,,,,,,,,,,,,,,14,A:96;B:151,sumo2_k11_lyscontrol_ube2w,seed-1_sample-2,sumo2_k11_lyscontrol_ube2w/seed-1_sample-2/model.cif,0.29,0.58,0.37,27.815,46.0,,,sumo2_k11_lyscontrol_ube2w,True,seed-1_sample-2,lyscontrol
False,0,,,,,,,,,,,,,,9,A:96;B:151,sumo2_k11_lyscontrol_ube2w,seed-1_sample-3,sumo2_k11_lyscontrol_ube2w/seed-1_sample-3/model.cif,0.1,0.55,0.26,12.98,22.0,,,sumo2_k11_lyscontrol_ube2w,True,seed-1_sample-3,lyscontrol
False,0,,,,,,,,,,,,,,6,A:96;B:151,sumo2_k11_lyscontrol_ube2w,seed-1_sample-4,sumo2_k11_lyscontrol_ube2w/seed-1_sample-4/model.cif,0.08,0.54,0.21,9.352,22.0,,,sumo2_k11_lyscontrol_ube2w,True,seed-1_sample-4,lyscontrol
False,0,,,,,,,,,,,,,,15,A:96;B:151,sumo2_k11_lyscontrol_ube2w,seed-20_sample-0,sumo2_k11_lyscontrol_ube2w/seed-20_sample-0/model.cif,0.08,0.55,0.23,11.183,8.0,,,sumo2_k11_lyscontrol_ube2w,True,seed-20_sample-0,lyscontrol
False,0,,,,,,,,,,,,,,7,A:96;B:151,sumo2_k11_lyscontrol_ube2w,seed-20_sample-1,sumo2_k11_lyscontrol_ube2w/seed-20_sample-1/model.cif,0.07,0.54,0.22,26.855,12.0,,,sumo2_k11_lyscontrol_ube2w,True,seed-20_sample-1,lyscontrol
False,0,,,,,,,,,,,,,,15,A:96;B:151,sumo2_k11_lyscontrol_ube2w,seed-20_sample-2,sumo2_k11_lyscontrol_ube2w/seed-20_sample-2/model.cif,0.09,0.55,0.24,7.835,34.0,,,sumo2_k11_lyscontrol_ube2w,True,seed-20_sample-2,lyscontrol
False,0,,,,,,,,,,,,,,15,A:96;B:151,sumo2_k11_lyscontrol_ube2w,seed-20_sample-3,sumo2_k11_lyscontrol_ube2w/seed-20_sample-3/model.cif,0.35,0.61,0.43,25.882,46.0,,,sumo2_k11_lyscontrol_ube2w,True,seed-20_sample-3,lyscontrol
False,0,,,,,,,,,,,,,,10,A:96;B:151,sumo2_k11_lyscontrol_ube2w,seed-20_sample-4,sumo2_k11_lyscontrol_ube2w/seed-20_sample-4/model.cif,0.25,0.57,0.36,22.34,46.0,,,sumo2_k11_lyscontrol_ube2w,True,seed-20_sample-4,lyscontrol
False,0,,,,,,,,,,,,,,4,A:96;B:151,sumo2_k11_lyscontrol_ube2w,seed-2_sample-0,sumo2_k11_lyscontrol_ube2w/seed-2_sample-0/model.cif,0.1,0.56,0.2,20.676,46.0,,,sumo2_k11_lyscontrol_ube2w,True,seed-2_sample-0,lyscontrol
False,0,,,,,,,,,,,,,,13,A:96;B:151,sumo2_k11_lyscontrol_ube2w,seed-2_sample-1,sumo2_k11_lyscontrol_ube2w/seed-2_sample-1/model.cif,0.37,0.6,0.44,26.552,46.0,,,sumo2_k11_lyscontrol_ube2w,True,seed-2_sample-1,lyscontrol
False,0,,,,,,,,,,,,,,17,A:96;B:151,sumo2_k11_lyscontrol_ube2w,seed-2_sample-2,sumo2_k11_lyscontrol_ube2w/seed-2_sample-2/model.cif,0.37,0.6,0.44,24.054,22.0,,,sumo2_k11_lyscontrol_ube2w,True,seed-2_sample-2,lyscontrol
False,0,,,,,,,,,,,,,,14,A:96;B:151,sumo2_k11_lyscontrol_ube2w,seed-2_sample-3,sumo2_k11_lyscontrol_ube2w/seed-2_sample-3/model.cif,0.4,0.61,0.45,25.186,22.0,,,sumo2_k11_lyscontrol_ube2w,True,seed-2_sample-3,lyscontrol
False,0,,,,,,,,,,,,,,10,A:96;B:151,sumo2_k11_lyscontrol_ube2w,seed-2_sample-4,sumo2_k11_lyscontrol_ube2w/seed-2_sample-4/model.cif,0.37,0.59,0.45,25.906,46.0,,,sumo2_k11_lyscontrol_ube2w,True,seed-2_sample-4,lyscontrol
False,0,,,,,,,,,,,,,,15,A:96;B:151,sumo2_k11_lyscontrol_ube2w,seed-3_sample-0,sumo2_k11_lyscontrol_ube2w/seed-3_sample-0/model.cif,0.27,0.57,0.38,23.974,46.0,,,sumo2_k11_lyscontrol_ube2w,True,seed-3_sample-0,lyscontrol
False,0,,,,,,,,,,,,,,13,A:96;B:151,sumo2_k11_lyscontrol_ube2w,seed-3_sample-1,sumo2_k11_lyscontrol_ube2w/seed-3_sample-1/model.cif,0.17,0.55,0.28,18.881,8.0,,,sumo2_k11_lyscontrol_ube2w,True,seed-3_sample-1,lyscontrol
False,0,,,,,,,,,,,,,,12,A:96;B:151,sumo2_k11_lyscontrol_ube2w,seed-3_sample-2,sumo2_k11_lyscontrol_ube2w/seed-3_sample-2/model.cif,0.28,0.58,0.37,26.582,46.0,,,sumo2_k11_lyscontrol_ube2w,True,seed-3_sample-2,lyscontrol
False,0,,,,,,,,,,,,,,14,A:96;B:151,sumo2_k11_lyscontrol_ube2w,seed-3_sample-3,sumo2_k11_lyscontrol_ube2w/seed-3_sample-3/model.cif,0.29,0.58,0.4,26.265,46.0,,,sumo2_k11_lyscontrol_ube2w,True,seed-3_sample-3,lyscontrol
False,0,,,,,,,,,,,,,,7,A:96;B:151,sumo2_k11_lyscontrol_ube2w,seed-3_sample-4,sumo2_k11_lyscontrol_ube2w/seed-3_sample-4/model.cif,0.08,0.54,0.22,11.609,22.0,,,sumo2_k11_lyscontrol_ube2w,True,seed-3_sample-4,lyscontrol
False,0,,,,,,,,,,,,,,13,A:96;B:151,sumo2_k11_lyscontrol_ube2w,seed-4_sample-0,sumo2_k11_lyscontrol_ube2w/seed-4_sample-0/model.cif,0.29,0.57,0.4,23.718,46.0,,,sumo2_k11_lyscontrol_ube2w,True,seed-4_sample-0,lyscontrol
False,0,,,,,,,,,,,,,,25,A:96;B:151,sumo2_k11_lyscontrol_ube2w,seed-4_sample-1,sumo2_k11_lyscontrol_ube2w/seed-4_sample-1/model.cif,0.22,0.55,0.34,15.213,46.0,,,sumo2_k11_lyscontrol_ube2w,True,seed-4_sample-1,lyscontrol
False,0,,,,,,,,,,,,,,12,A:96;B:151,sumo2_k11_lyscontrol_ube2w,seed-4_sample-2,sumo2_k11_lyscontrol_ube2w/seed-4_sample-2/model.cif,0.29,0.57,0.4,27.982,46.0,,,sumo2_k11_lyscontrol_ube2w,True,seed-4_sample-2,lyscontrol
False,0,,,,,,,,,,,,,,18,A:96;B:151,sumo2_k11_lyscontrol_ube2w,seed-4_sample-3,sumo2_k11_lyscontrol_ube2w/seed-4_sample-3/model.cif,0.07,0.54,0.18,17.913,6.0,,,sumo2_k11_lyscontrol_ube2w,True,seed-4_sample-3,lyscontrol
False,0,,,,,,,,,,,,,,11,A:96;B:151,sumo2_k11_lyscontrol_ube2w,seed-4_sample-4,sumo2_k11_lyscontrol_ube2w/seed-4_sample-4/model.cif,0.31,0.58,0.39,26.007,46.0,,,sumo2_k11_lyscontrol_ube2w,True,seed-4_sample-4,lyscontrol
False,0,,,,,,,,,,,,,,16,A:96;B:151,sumo2_k11_lyscontrol_ube2w,seed-5_sample-0,sumo2_k11_lyscontrol_ube2w/seed-5_sample-0/model.cif,0.29,0.56,0.39,27.306,22.0,,,sumo2_k11_lyscontrol_ube2w,True,seed-5_sample-0,lyscontrol
False,0,,,,,,,,,,,,,,11,A:96;B:151,sumo2_k11_lyscontrol_ube2w,seed-5_sample-1,sumo2_k11_lyscontrol_ube2w/seed-5_sample-1/model.cif,0.28,0.57,0.38,24.613,46.0,,,sumo2_k11_lyscontrol_ube2w,True,seed-5_sample-1,lyscontrol
False,0,,,,,,,,,,,,,,15,A:96;B:151,sumo2_k11_lyscontrol_ube2w,seed-5_sample-2,sumo2_k11_lyscontrol_ube2w/seed-5_sample-2/model.cif,0.3,0.58,0.4,22.502,46.0,,,sumo2_k11_lyscontrol_ube2w,True,seed-5_sample-2,lyscontrol
False,0,,,,,,,,,,,,,,10,A:96;B:151,sumo2_k11_lyscontrol_ube2w,seed-5_sample-3,sumo2_k11_lyscontrol_ube2w/seed-5_sample-3/model.cif,0.23,0.55,0.32,27.157,46.0,,,sumo2_k11_lyscontrol_ube2w,True,seed-5_sample-3,lyscontrol
False,0,,,,,,,,,,,,,,8,A:96;B:151,sumo2_k11_lyscontrol_ube2w,seed-5_sample-4,sumo2_k11_lyscontrol_ube2w/seed-5_sample-4/model.cif,0.06,0.54,0.21,33.523,22.0,,,sumo2_k11_lyscontrol_ube2w,True,seed-5_sample-4,lyscontrol
False,0,,,,,,,,,,,,,,12,A:96;B:151,sumo2_k11_lyscontrol_ube2w,seed-6_sample-0,sumo2_k11_lyscontrol_ube2w/seed-6_sample-0/model.cif,0.31,0.57,0.4,21.234,46.0,,,sumo2_k11_lyscontrol_ube2w,True,seed-6_sample-0,lyscontrol
False,0,,,,,,,,,,,,,,17,A:96;B:151,sumo2_k11_lyscontrol_ube2w,seed-6_sample-1,sumo2_k11_lyscontrol_ube2w/seed-6_sample-1/model.cif,0.32,0.58,0.42,25.23,46.0,,,sumo2_k11_lyscontrol_ube2w,True,seed-6_sample-1,lyscontrol
False,0,,,,,,,,,,,,,,13,A:96;B:151,sumo2_k11_lyscontrol_ube2w,seed-6_sample-2,sumo2_k11_lyscontrol_ube2w/seed-6_sample-2/model.cif,0.31,0.59,0.39,24.999,46.0,,,sumo2_k11_lyscontrol_ube2w,True,seed-6_sample-2,lyscontrol
False,0,,,,,,,,,,,,,,15,A:96;B:151,sumo2_k11_lyscontrol_ube2w,seed-6_sample-3,sumo2_k11_lyscontrol_ube2w/seed-6_sample-3/model.cif,0.09,0.55,0.21,9.805,34.0,,,sumo2_k11_lyscontrol_ube2w,True,seed-6_sample-3,lyscontrol
False,0,,,,,,,,,,,,,,11,A:96;B:151,sumo2_k11_lyscontrol_ube2w,seed-6_sample-4,sumo2_k11_lyscontrol_ube2w/seed-6_sample-4/model.cif,0.1,0.55,0.21,15.761,46.0,,,sumo2_k11_lyscontrol_ube2w,True,seed-6_sample-4,lyscontrol
False,0,,,,,,,,,,,,,,28,A:96;B:151,sumo2_k11_lyscontrol_ube2w,seed-7_sample-0,sumo2_k11_lyscontrol_ube2w/seed-7_sample-0/model.cif,0.11,0.56,0.24,6.517,22.0,,,sumo2_k11_lyscontrol_ube2w,True,seed-7_sample-0,lyscontrol
False,0,,,,,,,,,,,,,,15,A:96;B:151,sumo2_k11_lyscontrol_ube2w,seed-7_sample-1,sumo2_k11_lyscontrol_ube2w/seed-7_sample-1/model.cif,0.09,0.55,0.21,5.202,36.0,,,sumo2_k11_lyscontrol_ube2w,True,seed-7_sample-1,lyscontrol
False,0,,,,,,,,,,,,,,0,A:96;B:151,sumo2_k11_lyscontrol_ube2w,seed-7_sample-2,sumo2_k11_lyscontrol_ube2w/seed-7_sample-2/model.cif,0.07,0.55,0.21,10.3,43.0,,,sumo2_k11_lyscontrol_ube2w,True,seed-7_sample-2,lyscontrol
False,0,,,,,,,,,,,,,,11,A:96;B:151,sumo2_k11_lyscontrol_ube2w,seed-7_sample-3,sumo2_k11_lyscontrol_ube2w/seed-7_sample-3/model.cif,0.32,0.58,0.41,27.246,46.0,,,sumo2_k11_lyscontrol_ube2w,True,seed-7_sample-3,lyscontrol
False,0,,,,,,,,,,,,,,13,A:96;B:151,sumo2_k11_lyscontrol_ube2w,seed-7_sample-4,sumo2_k11_lyscontrol_ube2w/seed-7_sample-4/model.cif,0.31,0.59,0.4,21.447,46.0,,,sumo2_k11_lyscontrol_ube2w,True,seed-7_sample-4,lyscontrol
False,0,,,,,,,,,,,,,,11,A:96;B:151,sumo2_k11_lyscontrol_ube2w,seed-8_sample-0,sumo2_k11_lyscontrol_ube2w/seed-8_sample-0/model.cif,0.32,0.59,0.44,26.511,46.0,,,sumo2_k11_lyscontrol_ube2w,True,seed-8_sample-0,lyscontrol
False,0,,,,,,,,,,,,,,16,A:96;B:151,sumo2_k11_lyscontrol_ube2w,seed-8_sample-1,sumo2_k11_lyscontrol_ube2w/seed-8_sample-1/model.cif,0.29,0.58,0.41,26.061,46.0,,,sumo2_k11_lyscontrol_ube2w,True,seed-8_sample-1,lyscontrol
False,0,,,,,,,,,,,,,,13,A:96;B:151,sumo2_k11_lyscontrol_ube2w,seed-8_sample-2,sumo2_k11_lyscontrol_ube2w/seed-8_sample-2/model.cif,0.35,0.59,0.43,27.489,46.0,,,sumo2_k11_lyscontrol_ube2w,True,seed-8_sample-2,lyscontrol
False,0,,,,,,,,,,,,,,11,A:96;B:151,sumo2_k11_lyscontrol_ube2w,seed-8_sample-3,sumo2_k11_lyscontrol_ube2w/seed-8_sample-3/model.cif,0.3,0.57,0.39,22.917,46.0,,,sumo2_k11_lyscontrol_ube2w,True,seed-8_sample-3,lyscontrol
False,0,,,,,,,,,,,,,,13,A:96;B:151,sumo2_k11_lyscontrol_ube2w,seed-8_sample-4,sumo2_k11_lyscontrol_ube2w/seed-8_sample-4/model.cif,0.21,0.57,0.31,26.267,46.0,,,sumo2_k11_lyscontrol_ube2w,True,seed-8_sample-4,lyscontrol
False,0,,,,,,,,,,,,,,9,A:96;B:151,sumo2_k11_lyscontrol_ube2w,seed-9_sample-0,sumo2_k11_lyscontrol_ube2w/seed-9_sample-0/model.cif,0.07,0.54,0.21,24.795,8.0,,,sumo2_k11_lyscontrol_ube2w,True,seed-9_sample-0,lyscontrol
False,0,,,,,,,,,,,,,,16,A:96;B:151,sumo2_k11_lyscontrol_ube2w,seed-9_sample-1,sumo2_k11_lyscontrol_ube2w/seed-9_sample-1/model.cif,0.22,0.56,0.33,26.089,46.0,,,sumo2_k11_lyscontrol_ube2w,True,seed-9_sample-1,lyscontrol
False,0,,,,,,,,,,,,,,11,A:96;B:151,sumo2_k11_lyscontrol_ube2w,seed-9_sample-2,sumo2_k11_lyscontrol_ube2w/seed-9_sample-2/model.cif,0.28,0.56,0.39,24.523,46.0,,,sumo2_k11_lyscontrol_ube2w,True,seed-9_sample-2,lyscontrol
False,0,,,,,,,,,,,,,,1,A:96;B:151,sumo2_k11_lyscontrol_ube2w,seed-9_sample-3,sumo2_k11_lyscontrol_ube2w/seed-9_sample-3/model.cif,0.09,0.52,0.25,18.849,22.0,,,sumo2_k11_lyscontrol_ube2w,True,seed-9_sample-3,lyscontrol
False,0,,,,,,,,,,,,,,13,A:96;B:151,sumo2_k11_lyscontrol_ube2w,seed-9_sample-4,sumo2_k11_lyscontrol_ube2w/seed-9_sample-4/model.cif,0.24,0.56,0.36,23.699,46.0,,,sumo2_k11_lyscontrol_ube2w,True,seed-9_sample-4,lyscontrol
True,2,1.042,,,3.571,B/91,3.571,True,True,,,,,,8,A:96;B:151;L:1;U:76,sumo2_k11_product_ube2w,seed-10_sample-0,sumo2_k11_product_ube2w/seed-10_sample-0/model.cif,0.63,0.73,0.68,,,1.307,,sumo2_k11_product_ube2w,True,seed-10_sample-0,product
True,2,1.024,,,3.627,B/91,3.627,True,True,,,,,,9,A:96;B:151;L:1;U:76,sumo2_k11_product_ube2w,seed-10_sample-1,sumo2_k11_product_ube2w/seed-10_sample-1/model.cif,0.61,0.72,0.65,,,1.353,,sumo2_k11_product_ube2w,True,seed-10_sample-1,product
True,2,1.076,,,3.692,B/91,3.692,True,True,,,,,,8,A:96;B:151;L:1;U:76,sumo2_k11_product_ube2w,seed-10_sample-2,sumo2_k11_product_ube2w/seed-10_sample-2/model.cif,0.62,0.72,0.65,,,1.375,,sumo2_k11_product_ube2w,True,seed-10_sample-2,product
True,2,1.014,,,3.587,B/91,3.587,True,True,,,,,,8,A:96;B:151;L:1;U:76,sumo2_k11_product_ube2w,seed-10_sample-3,sumo2_k11_product_ube2w/seed-10_sample-3/model.cif,0.62,0.73,0.67,,,1.243,,sumo2_k11_product_ube2w,True,seed-10_sample-3,product
True,2,0.992,,,3.566,B/91,3.566,True,True,,,,,,7,A:96;B:151;L:1;U:76,sumo2_k11_product_ube2w,seed-10_sample-4,sumo2_k11_product_ube2w/seed-10_sample-4/model.cif,0.62,0.72,0.67,,,1.253,,sumo2_k11_product_ube2w,True,seed-10_sample-4,product
True,2,0.844,,,3.861,B/91,3.861,True,True,,,,,,15,A:96;B:151;L:1;U:76,sumo2_k11_product_ube2w,seed-11_sample-0,sumo2_k11_product_ube2w/seed-11_sample-0/model.cif,0.62,0.74,0.67,,,1.296,,sumo2_k11_product_ube2w,True,seed-11_sample-0,product
True,2,1.02,,,3.506,B/91,3.506,True,True,,,,,,12,A:96;B:151;L:1;U:76,sumo2_k11_product_ube2w,seed-11_sample-1,sumo2_k11_product_ube2w/seed-11_sample-1/model.cif,0.63,0.73,0.68,,,1.307,,sumo2_k11_product_ube2w,True,seed-11_sample-1,product
True,2,1.013,,,3.553,B/91,3.553,True,True,,,,,,7,A:96;B:151;L:1;U:76,sumo2_k11_product_ube2w,seed-11_sample-2,sumo2_k11_product_ube2w/seed-11_sample-2/model.cif,0.62,0.73,0.67,,,1.316,,sumo2_k11_product_ube2w,True,seed-11_sample-2,product
True,2,0.956,,,3.645,B/91,3.645,True,True,,,,,,7,A:96;B:151;L:1;U:76,sumo2_k11_product_ube2w,seed-11_sample-3,sumo2_k11_product_ube2w/seed-11_sample-3/model.cif,0.61,0.72,0.66,,,1.17,,sumo2_k11_product_ube2w,True,seed-11_sample-3,product
True,2,0.99,,,3.463,B/91,3.463,True,True,,,,,,7,A:96;B:151;L:1;U:76,sumo2_k11_product_ube2w,seed-11_sample-4,sumo2_k11_product_ube2w/seed-11_sample-4/model.cif,0.61,0.72,0.66,,,1.249,,sumo2_k11_product_ube2w,True,seed-11_sample-4,product
True,2,0.73,,,3.972,B/91,3.972,True,True,,,,,,2,A:96;B:151;L:1;U:76,sumo2_k11_product_ube2w,seed-12_sample-0,sumo2_k11_product_ube2w/seed-12_sample-0/model.cif,0.53,0.67,0.57,,,1.212,,sumo2_k11_product_ube2w,True,seed-12_sample-0,product
True,2,0.98,,,3.537,B/91,3.537,True,True,,,,,,5,A:96;B:151;L:1;U:76,sumo2_k11_product_ube2w,seed-12_sample-1,sumo2_k11_product_ube2w/seed-12_sample-1/model.cif,0.53,0.68,0.58,,,0.768,,sumo2_k11_product_ube2w,True,seed-12_sample-1,product
True,2,1.105,,,3.568,B/91,3.568,True,True,,,,,,11,A:96;B:151;L:1;U:76,sumo2_k11_product_ube2w,seed-12_sample-2,sumo2_k11_product_ube2w/seed-12_sample-2/model.cif,0.53,0.68,0.58,,,1.021,,sumo2_k11_product_ube2w,True,seed-12_sample-2,product
True,2,0.904,,,3.854,B/91,3.854,True,True,,,,,,8,A:96;B:151;L:1;U:76,sumo2_k11_product_ube2w,seed-12_sample-3,sumo2_k11_product_ube2w/seed-12_sample-3/model.cif,0.51,0.67,0.56,,,1.0,,sumo2_k11_product_ube2w,True,seed-12_sample-3,product
True,2,0.85,,,3.401,B/91,3.401,True,True,,,,,,6,A:96;B:151;L:1;U:76,sumo2_k11_product_ube2w,seed-12_sample-4,sumo2_k11_product_ube2w/seed-12_sample-4/model.cif,0.54,0.69,0.59,,,0.939,,sumo2_k11_product_ube2w,True,seed-12_sample-4,product
True,2,0.821,,,3.604,B/91,3.604,True,True,,,,,,8,A:96;B:151;L:1;U:76,sumo2_k11_product_ube2w,seed-13_sample-0,sumo2_k11_product_ube2w/seed-13_sample-0/model.cif,0.57,0.69,0.62,,,1.034,,sumo2_k11_product_ube2w,True,seed-13_sample-0,product
True,2,0.96,,,3.628,B/91,3.628,True,True,,,,,,5,A:96;B:151;L:1;U:76,sumo2_k11_product_ube2w,seed-13_sample-1,sumo2_k11_product_ube2w/seed-13_sample-1/model.cif,0.56,0.7,0.61,,,0.9,,sumo2_k11_product_ube2w,True,seed-13_sample-1,product
True,2,0.963,,,3.426,B/91,3.426,True,True,,,,,,17,A:96;B:151;L:1;U:76,sumo2_k11_product_ube2w,seed-13_sample-2,sumo2_k11_product_ube2w/seed-13_sample-2/model.cif,0.56,0.69,0.63,,,0.902,,sumo2_k11_product_ube2w,True,seed-13_sample-2,product
True,2,1.133,,,3.688,B/91,3.688,True,True,,,,,,15,A:96;B:151;L:1;U:76,sumo2_k11_product_ube2w,seed-13_sample-3,sumo2_k11_product_ube2w/seed-13_sample-3/model.cif,0.6,0.72,0.64,,,1.054,,sumo2_k11_product_ube2w,True,seed-13_sample-3,product
True,2,0.868,,,3.557,B/91,3.557,True,True,,,,,,7,A:96;B:151;L:1;U:76,sumo2_k11_product_ube2w,seed-13_sample-4,sumo2_k11_product_ube2w/seed-13_sample-4/model.cif,0.57,0.69,0.63,,,1.024,,sumo2_k11_product_ube2w,True,seed-13_sample-4,product
True,2,0.854,,,3.613,B/91,3.613,True,True,,,,,,8,A:96;B:151;L:1;U:76,sumo2_k11_product_ube2w,seed-14_sample-0,sumo2_k11_product_ube2w/seed-14_sample-0/model.cif,0.55,0.68,0.59,,,1.093,,sumo2_k11_product_ube2w,True,seed-14_sample-0,product
True,2,0.94,,,3.807,B/91,3.807,True,True,,,,,,8,A:96;B:151;L:1;U:76,sumo2_k11_product_ube2w,seed-14_sample-1,sumo2_k11_product_ube2w/seed-14_sample-1/model.cif,0.56,0.69,0.62,,,0.968,,sumo2_k11_product_ube2w,True,seed-14_sample-1,product
True,2,0.956,,,3.304,B/91,3.304,True,True,,,,,,7,A:96;B:151;L:1;U:76,sumo2_k11_product_ube2w,seed-14_sample-2,sumo2_k11_product_ube2w/seed-14_sample-2/model.cif,0.56,0.69,0.61,,,0.994,,sumo2_k11_product_ube2w,True,seed-14_sample-2,product
True,2,0.855,,,3.601,B/91,3.601,True,True,,,,,,15,A:96;B:151;L:1;U:76,sumo2_k11_product_ube2w,seed-14_sample-3,sumo2_k11_product_ube2w/seed-14_sample-3/model.cif,0.56,0.69,0.61,,,0.954,,sumo2_k11_product_ube2w,True,seed-14_sample-3,product
True,2,1.118,,,6.178,B/91,6.178,True,False,,,,,,13,A:96;B:151;L:1;U:76,sumo2_k11_product_ube2w,seed-14_sample-4,sumo2_k11_product_ube2w/seed-14_sample-4/model.cif,0.6,0.71,0.67,,,1.207,,sumo2_k11_product_ube2w,True,seed-14_sample-4,product
True,2,0.904,,,3.687,B/91,3.687,True,True,,,,,,8,A:96;B:151;L:1;U:76,sumo2_k11_product_ube2w,seed-15_sample-0,sumo2_k11_product_ube2w/seed-15_sample-0/model.cif,0.55,0.69,0.6,,,0.775,,sumo2_k11_product_ube2w,True,seed-15_sample-0,product
True,2,1.054,,,3.646,B/91,3.646,True,True,,,,,,15,A:96;B:151;L:1;U:76,sumo2_k11_product_ube2w,seed-15_sample-1,sumo2_k11_product_ube2w/seed-15_sample-1/model.cif,0.56,0.7,0.61,,,0.915,,sumo2_k11_product_ube2w,True,seed-15_sample-1,product
True,2,0.894,,,3.659,B/91,3.659,True,True,,,,,,6,A:96;B:151;L:1;U:76,sumo2_k11_product_ube2w,seed-15_sample-2,sumo2_k11_product_ube2w/seed-15_sample-2/model.cif,0.55,0.69,0.6,,,0.901,,sumo2_k11_product_ube2w,True,seed-15_sample-2,product
True,2,1.009,,,3.5,B/91,3.5,True,True,,,,,,15,A:96;B:151;L:1;U:76,sumo2_k11_product_ube2w,seed-15_sample-3,sumo2_k11_product_ube2w/seed-15_sample-3/model.cif,0.51,0.66,0.57,,,0.986,,sumo2_k11_product_ube2w,True,seed-15_sample-3,product
True,2,0.805,,,3.689,B/91,3.689,True,True,,,,,,9,A:96;B:151;L:1;U:76,sumo2_k11_product_ube2w,seed-15_sample-4,sumo2_k11_product_ube2w/seed-15_sample-4/model.cif,0.51,0.67,0.58,,,1.015,,sumo2_k11_product_ube2w,True,seed-15_sample-4,product
True,2,0.914,,,3.887,B/91,3.887,True,True,,,,,,5,A:96;B:151;L:1;U:76,sumo2_k11_product_ube2w,seed-16_sample-0,sumo2_k11_product_ube2w/seed-16_sample-0/model.cif,0.56,0.69,0.6,,,0.834,,sumo2_k11_product_ube2w,True,seed-16_sample-0,product
True,2,0.933,,,3.648,B/91,3.648,True,True,,,,,,7,A:96;B:151;L:1;U:76,sumo2_k11_product_ube2w,seed-16_sample-1,sumo2_k11_product_ube2w/seed-16_sample-1/model.cif,0.58,0.71,0.63,,,0.935,,sumo2_k11_product_ube2w,True,seed-16_sample-1,product
True,2,0.893,,,3.554,B/91,3.554,True,True,,,,,,11,A:96;B:151;L:1;U:76,sumo2_k11_product_ube2w,seed-16_sample-2,sumo2_k11_product_ube2w/seed-16_sample-2/model.cif,0.58,0.72,0.63,,,0.961,,sumo2_k11_product_ube2w,True,seed-16_sample-2,product
True,2,0.884,,,3.824,B/91,3.824,True,True,,,,,,8,A:96;B:151;L:1;U:76,sumo2_k11_product_ube2w,seed-16_sample-3,sumo2_k11_product_ube2w/seed-16_sample-3/model.cif,0.57,0.7,0.62,,,0.848,,sumo2_k11_product_ube2w,True,seed-16_sample-3,product
True,2,0.86,,,3.554,B/91,3.554,True,True,,,,,,7,A:96;B:151;L:1;U:76,sumo2_k11_product_ube2w,seed-16_sample-4,sumo2_k11_product_ube2w/seed-16_sample-4/model.cif,0.58,0.71,0.63,,,1.0,,sumo2_k11_product_ube2w,True,seed-16_sample-4,product
True,2,1.109,,,4.289,B/91,4.289,True,False,,,,,,5,A:96;B:151;L:1;U:76,sumo2_k11_product_ube2w,seed-17_sample-0,sumo2_k11_product_ube2w/seed-17_sample-0/model.cif,0.58,0.71,0.63,,,1.165,,sumo2_k11_product_ube2w,True,seed-17_sample-0,product
True,2,0.835,,,3.775,B/91,3.775,True,True,,,,,,12,A:96;B:151;L:1;U:76,sumo2_k11_product_ube2w,seed-17_sample-1,sumo2_k11_product_ube2w/seed-17_sample-1/model.cif,0.58,0.7,0.63,,,1.025,,sumo2_k11_product_ube2w,True,seed-17_sample-1,product
True,2,1.034,,,3.604,B/91,3.604,True,True,,,,,,8,A:96;B:151;L:1;U:76,sumo2_k11_product_ube2w,seed-17_sample-2,sumo2_k11_product_ube2w/seed-17_sample-2/model.cif,0.58,0.7,0.63,,,0.988,,sumo2_k11_product_ube2w,True,seed-17_sample-2,product
True,2,0.975,,,3.611,B/91,3.611,True,True,,,,,,7,A:96;B:151;L:1;U:76,sumo2_k11_product_ube2w,seed-17_sample-3,sumo2_k11_product_ube2w/seed-17_sample-3/model.cif,0.59,0.71,0.64,,,0.989,,sumo2_k11_product_ube2w,True,seed-17_sample-3,product
True,2,0.903,,,3.494,B/91,3.494,True,True,,,,,,13,A:96;B:151;L:1;U:76,sumo2_k11_product_ube2w,seed-17_sample-4,sumo2_k11_product_ube2w/seed-17_sample-4/model.cif,0.57,0.7,0.63,,,0.965,,sumo2_k11_product_ube2w,True,seed-17_sample-4,product
True,2,0.605,,,3.321,B/91,3.321,True,True,,,,,,9,A:96;B:151;L:1;U:76,sumo2_k11_product_ube2w,seed-18_sample-0,sumo2_k11_product_ube2w/seed-18_sample-0/model.cif,0.56,0.7,0.61,,,0.916,,sumo2_k11_product_ube2w,True,seed-18_sample-0,product
True,2,0.953,,,3.635,B/91,3.635,True,True,,,,,,12,A:96;B:151;L:1;U:76,sumo2_k11_product_ube2w,seed-18_sample-1,sumo2_k11_product_ube2w/seed-18_sample-1/model.cif,0.57,0.71,0.61,,,0.879,,sumo2_k11_product_ube2w,True,seed-18_sample-1,product
True,2,0.882,,,3.551,B/91,3.551,True,True,,,,,,8,A:96;B:151;L:1;U:76,sumo2_k11_product_ube2w,seed-18_sample-2,sumo2_k11_product_ube2w/seed-18_sample-2/model.cif,0.56,0.69,0.62,,,0.867,,sumo2_k11_product_ube2w,True,seed-18_sample-2,product
True,2,0.844,,,3.814,B/91,3.814,True,True,,,,,,9,A:96;B:151;L:1;U:76,sumo2_k11_product_ube2w,seed-18_sample-3,sumo2_k11_product_ube2w/seed-18_sample-3/model.cif,0.57,0.7,0.62,,,0.89,,sumo2_k11_product_ube2w,True,seed-18_sample-3,product
True,2,0.873,,,3.574,B/91,3.574,True,True,,,,,,6,A:96;B:151;L:1;U:76,sumo2_k11_product_ube2w,seed-18_sample-4,sumo2_k11_product_ube2w/seed-18_sample-4/model.cif,0.56,0.7,0.61,,,0.901,,sumo2_k11_product_ube2w,True,seed-18_sample-4,product
True,2,1.01,,,3.589,B/91,3.589,True,True,,,,,,8,A:96;B:151;L:1;U:76,sumo2_k11_product_ube2w,seed-19_sample-0,sumo2_k11_product_ube2w/seed-19_sample-0/model.cif,0.61,0.72,0.66,,,1.257,,sumo2_k11_product_ube2w,True,seed-19_sample-0,product
True,2,1.017,,,3.518,B/91,3.518,True,True,,,,,,10,A:96;B:151;L:1;U:76,sumo2_k11_product_ube2w,seed-19_sample-1,sumo2_k11_product_ube2w/seed-19_sample-1/model.cif,0.62,0.73,0.68,,,1.349,,sumo2_k11_product_ube2w,True,seed-19_sample-1,product
True,2,1.027,,,3.618,B/91,3.618,True,True,,,,,,11,A:96;B:151;L:1;U:76,sumo2_k11_product_ube2w,seed-19_sample-2,sumo2_k11_product_ube2w/seed-19_sample-2/model.cif,0.62,0.73,0.67,,,1.335,,sumo2_k11_product_ube2w,True,seed-19_sample-2,product
True,2,0.888,,,3.677,B/91,3.677,True,True,,,,,,11,A:96;B:151;L:1;U:76,sumo2_k11_product_ube2w,seed-19_sample-3,sumo2_k11_product_ube2w/seed-19_sample-3/model.cif,0.62,0.73,0.66,,,1.151,,sumo2_k11_product_ube2w,True,seed-19_sample-3,product
True,2,1.013,,,3.557,B/91,3.557,True,True,,,,,,6,A:96;B:151;L:1;U:76,sumo2_k11_product_ube2w,seed-19_sample-4,sumo2_k11_product_ube2w/seed-19_sample-4/model.cif,0.63,0.73,0.68,,,1.31,,sumo2_k11_product_ube2w,True,seed-19_sample-4,product
True,2,0.821,,,3.542,B/91,3.542,True,True,,,,,,9,A:96;B:151;L:1;U:76,sumo2_k11_product_ube2w,seed-1_sample-0,sumo2_k11_product_ube2w/seed-1_sample-0/model.cif,0.61,0.72,0.65,,,1.172,,sumo2_k11_product_ube2w,True,seed-1_sample-0,product
True,2,0.953,,,3.55,B/91,3.55,True,True,,,,,,12,A:96;B:151;L:1;U:76,sumo2_k11_product_ube2w,seed-1_sample-1,sumo2_k11_product_ube2w/seed-1_sample-1/model.cif,0.62,0.73,0.67,,,1.33,,sumo2_k11_product_ube2w,True,seed-1_sample-1,product
True,2,1.056,,,3.603,B/91,3.603,True,True,,,,,,9,A:96;B:151;L:1;U:76,sumo2_k11_product_ube2w,seed-1_sample-2,sumo2_k11_product_ube2w/seed-1_sample-2/model.cif,0.64,0.74,0.67,,,1.295,,sumo2_k11_product_ube2w,True,seed-1_sample-2,product
True,2,0.982,,,3.465,B/91,3.465,True,True,,,,,,11,A:96;B:151;L:1;U:76,sumo2_k11_product_ube2w,seed-1_sample-3,sumo2_k11_product_ube2w/seed-1_sample-3/model.cif,0.61,0.72,0.66,,,1.291,,sumo2_k11_product_ube2w,True,seed-1_sample-3,product
True,2,1.041,,,3.439,B/91,3.439,True,True,,,,,,8,A:96;B:151;L:1;U:76,sumo2_k11_product_ube2w,seed-1_sample-4,sumo2_k11_product_ube2w/seed-1_sample-4/model.cif,0.61,0.72,0.66,,,1.239,,sumo2_k11_product_ube2w,True,seed-1_sample-4,product
True,2,1.141,,,4.838,B/91,4.838,True,False,,,,,,9,A:96;B:151;L:1;U:76,sumo2_k11_product_ube2w,seed-20_sample-0,sumo2_k11_product_ube2w/seed-20_sample-0/model.cif,0.53,0.69,0.58,,,1.085,,sumo2_k11_product_ube2w,True,seed-20_sample-0,product
True,2,0.981,,,3.602,B/91,3.602,True,True,,,,,,11,A:96;B:151;L:1;U:76,sumo2_k11_product_ube2w,seed-20_sample-1,sumo2_k11_product_ube2w/seed-20_sample-1/model.cif,0.56,0.7,0.62,,,0.918,,sumo2_k11_product_ube2w,True,seed-20_sample-1,product
True,2,0.916,,,3.348,B/91,3.348,True,True,,,,,,9,A:96;B:151;L:1;U:76,sumo2_k11_product_ube2w,seed-20_sample-2,sumo2_k11_product_ube2w/seed-20_sample-2/model.cif,0.57,0.7,0.61,,,0.886,,sumo2_k11_product_ube2w,True,seed-20_sample-2,product
True,2,0.818,,,3.241,B/91,3.241,True,True,,,,,,9,A:96;B:151;L:1;U:76,sumo2_k11_product_ube2w,seed-20_sample-3,sumo2_k11_product_ube2w/seed-20_sample-3/model.cif,0.57,0.71,0.63,,,0.953,,sumo2_k11_product_ube2w,True,seed-20_sample-3,product
True,2,0.783,,,3.667,B/91,3.667,True,True,,,,,,7,A:96;B:151;L:1;U:76,sumo2_k11_product_ube2w,seed-20_sample-4,sumo2_k11_product_ube2w/seed-20_sample-4/model.cif,0.54,0.68,0.61,,,1.013,,sumo2_k11_product_ube2w,True,seed-20_sample-4,product
True,2,0.894,,,3.346,B/91,3.346,True,True,,,,,,10,A:96;B:151;L:1;U:76,sumo2_k11_product_ube2w,seed-2_sample-0,sumo2_k11_product_ube2w/seed-2_sample-0/model.cif,0.55,0.69,0.61,,,0.965,,sumo2_k11_product_ube2w,True,seed-2_sample-0,product
True,2,0.879,,,3.512,B/91,3.512,True,True,,,,,,11,A:96;B:151;L:1;U:76,sumo2_k11_product_ube2w,seed-2_sample-1,sumo2_k11_product_ube2w/seed-2_sample-1/model.cif,0.54,0.69,0.6,,,0.928,,sumo2_k11_product_ube2w,True,seed-2_sample-1,product
True,2,1.01,,,3.466,B/91,3.466,True,True,,,,,,16,A:96;B:151;L:1;U:76,sumo2_k11_product_ube2w,seed-2_sample-2,sumo2_k11_product_ube2w/seed-2_sample-2/model.cif,0.56,0.7,0.61,,,0.915,,sumo2_k11_product_ube2w,True,seed-2_sample-2,product
True,2,0.911,,,3.292,B/91,3.292,True,True,,,,,,7,A:96;B:151;L:1;U:76,sumo2_k11_product_ube2w,seed-2_sample-3,sumo2_k11_product_ube2w/seed-2_sample-3/model.cif,0.55,0.69,0.6,,,0.841,,sumo2_k11_product_ube2w,True,seed-2_sample-3,product
True,2,0.875,,,3.421,B/91,3.421,True,True,,,,,,7,A:96;B:151;L:1;U:76,sumo2_k11_product_ube2w,seed-2_sample-4,sumo2_k11_product_ube2w/seed-2_sample-4/model.cif,0.55,0.69,0.6,,,0.996,,sumo2_k11_product_ube2w,True,seed-2_sample-4,product
True,2,0.87,,,3.428,B/91,3.428,True,True,,,,,,7,A:96;B:151;L:1;U:76,sumo2_k11_product_ube2w,seed-3_sample-0,sumo2_k11_product_ube2w/seed-3_sample-0/model.cif,0.59,0.7,0.64,,,0.966,,sumo2_k11_product_ube2w,True,seed-3_sample-0,product
True,2,0.819,,,4.945,B/91,4.945,True,False,,,,,,8,A:96;B:151;L:1;U:76,sumo2_k11_product_ube2w,seed-3_sample-1,sumo2_k11_product_ube2w/seed-3_sample-1/model.cif,0.58,0.7,0.62,,,0.981,,sumo2_k11_product_ube2w,True,seed-3_sample-1,product
True,2,0.87,,,3.656,B/91,3.656,True,True,,,,,,9,A:96;B:151;L:1;U:76,sumo2_k11_product_ube2w,seed-3_sample-2,sumo2_k11_product_ube2w/seed-3_sample-2/model.cif,0.59,0.71,0.64,,,1.096,,sumo2_k11_product_ube2w,True,seed-3_sample-2,product
True,2,0.577,,,3.67,B/91,3.67,True,True,,,,,,8,A:96;B:151;L:1;U:76,sumo2_k11_product_ube2w,seed-3_sample-3,sumo2_k11_product_ube2w/seed-3_sample-3/model.cif,0.57,0.69,0.62,,,0.943,,sumo2_k11_product_ube2w,True,seed-3_sample-3,product
True,2,0.952,,,5.072,B/91,5.072,True,False,,,,,,6,A:96;B:151;L:1;U:76,sumo2_k11_product_ube2w,seed-3_sample-4,sumo2_k11_product_ube2w/seed-3_sample-4/model.cif,0.58,0.7,0.63,,,0.93,,sumo2_k11_product_ube2w,True,seed-3_sample-4,product
True,2,0.944,,,3.662,B/91,3.662,True,True,,,,,,6,A:96;B:151;L:1;U:76,sumo2_k11_product_ube2w,seed-4_sample-0,sumo2_k11_product_ube2w/seed-4_sample-0/model.cif,0.57,0.7,0.62,,,1.077,,sumo2_k11_product_ube2w,True,seed-4_sample-0,product
True,2,0.968,,,3.74,B/91,3.74,True,True,,,,,,10,A:96;B:151;L:1;U:76,sumo2_k11_product_ube2w,seed-4_sample-1,sumo2_k11_product_ube2w/seed-4_sample-1/model.cif,0.59,0.71,0.66,,,1.067,,sumo2_k11_product_ube2w,True,seed-4_sample-1,product
True,2,0.954,,,3.531,B/91,3.531,True,True,,,,,,6,A:96;B:151;L:1;U:76,sumo2_k11_product_ube2w,seed-4_sample-2,sumo2_k11_product_ube2w/seed-4_sample-2/model.cif,0.56,0.69,0.6,,,1.164,,sumo2_k11_product_ube2w,True,seed-4_sample-2,product
True,2,0.945,,,3.596,B/91,3.596,True,True,,,,,,8,A:96;B:151;L:1;U:76,sumo2_k11_product_ube2w,seed-4_sample-3,sumo2_k11_product_ube2w/seed-4_sample-3/model.cif,0.57,0.7,0.62,,,1.097,,sumo2_k11_product_ube2w,True,seed-4_sample-3,product
True,2,0.949,,,3.862,B/91,3.862,True,True,,,,,,10,A:96;B:151;L:1;U:76,sumo2_k11_product_ube2w,seed-4_sample-4,sumo2_k11_product_ube2w/seed-4_sample-4/model.cif,0.57,0.7,0.62,,,1.132,,sumo2_k11_product_ube2w,True,seed-4_sample-4,product
True,2,0.824,,,3.614,B/91,3.614,True,True,,,,,,9,A:96;B:151;L:1;U:76,sumo2_k11_product_ube2w,seed-5_sample-0,sumo2_k11_product_ube2w/seed-5_sample-0/model.cif,0.56,0.7,0.61,,,0.916,,sumo2_k11_product_ube2w,True,seed-5_sample-0,product
True,2,0.963,,,3.648,B/91,3.648,True,True,,,,,,7,A:96;B:151;L:1;U:76,sumo2_k11_product_ube2w,seed-5_sample-1,sumo2_k11_product_ube2w/seed-5_sample-1/model.cif,0.54,0.69,0.6,,,0.891,,sumo2_k11_product_ube2w,True,seed-5_sample-1,product
True,2,0.864,,,3.635,B/91,3.635,True,True,,,,,,11,A:96;B:151;L:1;U:76,sumo2_k11_product_ube2w,seed-5_sample-2,sumo2_k11_product_ube2w/seed-5_sample-2/model.cif,0.57,0.71,0.63,,,1.007,,sumo2_k11_product_ube2w,True,seed-5_sample-2,product
True,2,0.827,,,3.774,B/91,3.774,True,True,,,,,,6,A:96;B:151;L:1;U:76,sumo2_k11_product_ube2w,seed-5_sample-3,sumo2_k11_product_ube2w/seed-5_sample-3/model.cif,0.56,0.7,0.62,,,1.0,,sumo2_k11_product_ube2w,True,seed-5_sample-3,product
True,2,0.923,,,3.558,B/91,3.558,True,True,,,,,,7,A:96;B:151;L:1;U:76,sumo2_k11_product_ube2w,seed-5_sample-4,sumo2_k11_product_ube2w/seed-5_sample-4/model.cif,0.55,0.69,0.6,,,0.932,,sumo2_k11_product_ube2w,True,seed-5_sample-4,product
True,2,0.9,,,5.064,B/91,5.064,True,False,,,,,,10,A:96;B:151;L:1;U:76,sumo2_k11_product_ube2w,seed-6_sample-0,sumo2_k11_product_ube2w/seed-6_sample-0/model.cif,0.55,0.69,0.6,,,0.947,,sumo2_k11_product_ube2w,True,seed-6_sample-0,product
True,2,1.21,,,4.001,B/91,4.001,True,False,,,,,,16,A:96;B:151;L:1;U:76,sumo2_k11_product_ube2w,seed-6_sample-1,sumo2_k11_product_ube2w/seed-6_sample-1/model.cif,0.6,0.73,0.65,,,1.14,,sumo2_k11_product_ube2w,True,seed-6_sample-1,product
True,2,0.936,,,3.45,B/91,3.45,True,True,,,,,,6,A:96;B:151;L:1;U:76,sumo2_k11_product_ube2w,seed-6_sample-2,sumo2_k11_product_ube2w/seed-6_sample-2/model.cif,0.52,0.67,0.59,,,0.932,,sumo2_k11_product_ube2w,True,seed-6_sample-2,product
True,2,0.911,,,3.269,B/91,3.269,True,True,,,,,,6,A:96;B:151;L:1;U:76,sumo2_k11_product_ube2w,seed-6_sample-3,sumo2_k11_product_ube2w/seed-6_sample-3/model.cif,0.55,0.69,0.61,,,0.949,,sumo2_k11_product_ube2w,True,seed-6_sample-3,product
True,2,1.185,,,4.106,B/91,4.106,True,False,,,,,,6,A:96;B:151;L:1;U:76,sumo2_k11_product_ube2w,seed-6_sample-4,sumo2_k11_product_ube2w/seed-6_sample-4/model.cif,0.57,0.7,0.61,,,1.087,,sumo2_k11_product_ube2w,True,seed-6_sample-4,product
True,2,0.992,,,3.688,B/91,3.688,True,True,,,,,,7,A:96;B:151;L:1;U:76,sumo2_k11_product_ube2w,seed-7_sample-0,sumo2_k11_product_ube2w/seed-7_sample-0/model.cif,0.57,0.69,0.63,,,0.996,,sumo2_k11_product_ube2w,True,seed-7_sample-0,product
True,2,0.956,,,3.671,B/91,3.671,True,True,,,,,,9,A:96;B:151;L:1;U:76,sumo2_k11_product_ube2w,seed-7_sample-1,sumo2_k11_product_ube2w/seed-7_sample-1/model.cif,0.57,0.7,0.62,,,1.018,,sumo2_k11_product_ube2w,True,seed-7_sample-1,product
True,2,0.893,,,3.596,B/91,3.596,True,True,,,,,,9,A:96;B:151;L:1;U:76,sumo2_k11_product_ube2w,seed-7_sample-2,sumo2_k11_product_ube2w/seed-7_sample-2/model.cif,0.56,0.7,0.63,,,1.055,,sumo2_k11_product_ube2w,True,seed-7_sample-2,product
True,2,0.965,,,3.496,B/91,3.496,True,True,,,,,,8,A:96;B:151;L:1;U:76,sumo2_k11_product_ube2w,seed-7_sample-3,sumo2_k11_product_ube2w/seed-7_sample-3/model.cif,0.56,0.7,0.62,,,0.93,,sumo2_k11_product_ube2w,True,seed-7_sample-3,product
True,2,0.981,,,3.67,B/91,3.67,True,True,,,,,,7,A:96;B:151;L:1;U:76,sumo2_k11_product_ube2w,seed-7_sample-4,sumo2_k11_product_ube2w/seed-7_sample-4/model.cif,0.54,0.69,0.6,,,0.996,,sumo2_k11_product_ube2w,True,seed-7_sample-4,product
True,2,0.818,,,3.692,B/91,3.692,True,True,,,,,,6,A:96;B:151;L:1;U:76,sumo2_k11_product_ube2w,seed-8_sample-0,sumo2_k11_product_ube2w/seed-8_sample-0/model.cif,0.58,0.71,0.63,,,0.847,,sumo2_k11_product_ube2w,True,seed-8_sample-0,product
True,2,0.966,,,3.682,B/91,3.682,True,True,,,,,,8,A:96;B:151;L:1;U:76,sumo2_k11_product_ube2w,seed-8_sample-1,sumo2_k11_product_ube2w/seed-8_sample-1/model.cif,0.58,0.7,0.63,,,0.953,,sumo2_k11_product_ube2w,True,seed-8_sample-1,product
True,2,0.767,,,3.542,B/91,3.542,True,True,,,,,,11,A:96;B:151;L:1;U:76,sumo2_k11_product_ube2w,seed-8_sample-2,sumo2_k11_product_ube2w/seed-8_sample-2/model.cif,0.58,0.71,0.63,,,0.844,,sumo2_k11_product_ube2w,True,seed-8_sample-2,product
True,2,0.789,,,3.701,B/91,3.701,True,True,,,,,,7,A:96;B:151;L:1;U:76,sumo2_k11_product_ube2w,seed-8_sample-3,sumo2_k11_product_ube2w/seed-8_sample-3/model.cif,0.57,0.7,0.62,,,0.854,,sumo2_k11_product_ube2w,True,seed-8_sample-3,product
True,2,0.813,,,3.754,B/91,3.754,True,True,,,,,,9,A:96;B:151;L:1;U:76,sumo2_k11_product_ube2w,seed-8_sample-4,sumo2_k11_product_ube2w/seed-8_sample-4/model.cif,0.59,0.72,0.64,,,0.963,,sumo2_k11_product_ube2w,True,seed-8_sample-4,product
True,2,1.203,,,3.792,B/91,3.792,True,True,,,,,,8,A:96;B:151;L:1;U:76,sumo2_k11_product_ube2w,seed-9_sample-0,sumo2_k11_product_ube2w/seed-9_sample-0/model.cif,0.57,0.7,0.62,,,1.187,,sumo2_k11_product_ube2w,True,seed-9_sample-0,product
True,2,1.074,,,5.303,B/91,5.303,True,False,,,,,,6,A:96;B:151;L:1;U:76,sumo2_k11_product_ube2w,seed-9_sample-1,sumo2_k11_product_ube2w/seed-9_sample-1/model.cif,0.59,0.71,0.63,,,1.146,,sumo2_k11_product_ube2w,True,seed-9_sample-1,product
True,2,0.973,,,3.395,B/91,3.395,True,True,,,,,,7,A:96;B:151;L:1;U:76,sumo2_k11_product_ube2w,seed-9_sample-2,sumo2_k11_product_ube2w/seed-9_sample-2/model.cif,0.54,0.69,0.6,,,0.971,,sumo2_k11_product_ube2w,True,seed-9_sample-2,product
True,2,0.818,,,3.281,B/91,3.281,True,True,,,,,,9,A:96;B:151;L:1;U:76,sumo2_k11_product_ube2w,seed-9_sample-3,sumo2_k11_product_ube2w/seed-9_sample-3/model.cif,0.54,0.69,0.59,,,1.018,,sumo2_k11_product_ube2w,True,seed-9_sample-3,product
True,2,0.863,,,3.863,B/91,3.863,True,True,,,,,,6,A:96;B:151;L:1;U:76,sumo2_k11_product_ube2w,seed-9_sample-4,sumo2_k11_product_ube2w/seed-9_sample-4/model.cif,0.55,0.69,0.61,,,0.981,,sumo2_k11_product_ube2w,True,seed-9_sample-4,product
True,4,0.931,1.292,1.791,2.613,B/91,2.613,True,True,UBGT,1.791,329.6,False,1.45,7,A:96;B:151;G:1;L:1;U:74,sumo2_k11_tetrahedral_ube2w,seed-10_sample-0,sumo2_k11_tetrahedral_ube2w/seed-10_sample-0/model.cif,0.63,0.74,0.68,,,,1.45,sumo2_k11_tetrahedral_ube2w,True,seed-10_sample-0,tetrahedral
True,4,0.896,1.387,1.794,2.653,B/91,2.653,True,True,UBGT,1.794,328.6,False,1.445,5,A:96;B:151;G:1;L:1;U:74,sumo2_k11_tetrahedral_ube2w,seed-10_sample-1,sumo2_k11_tetrahedral_ube2w/seed-10_sample-1/model.cif,0.62,0.73,0.67,,,,1.445,sumo2_k11_tetrahedral_ube2w,True,seed-10_sample-1,tetrahedral
True,4,0.859,1.412,1.792,2.621,B/91,2.621,True,True,UBGT,1.792,329.0,False,1.428,9,A:96;B:151;G:1;L:1;U:74,sumo2_k11_tetrahedral_ube2w,seed-10_sample-2,sumo2_k11_tetrahedral_ube2w/seed-10_sample-2/model.cif,0.63,0.73,0.68,,,,1.428,sumo2_k11_tetrahedral_ube2w,True,seed-10_sample-2,tetrahedral
True,4,1.114,1.085,1.783,2.601,B/91,2.601,True,True,UBGT,1.783,328.6,False,1.478,7,A:96;B:151;G:1;L:1;U:74,sumo2_k11_tetrahedral_ube2w,seed-10_sample-3,sumo2_k11_tetrahedral_ube2w/seed-10_sample-3/model.cif,0.59,0.7,0.64,,,,1.478,sumo2_k11_tetrahedral_ube2w,True,seed-10_sample-3,tetrahedral
True,4,0.893,1.252,1.796,2.636,B/91,2.636,True,True,UBGT,1.796,329.2,False,1.452,9,A:96;B:151;G:1;L:1;U:74,sumo2_k11_tetrahedral_ube2w,seed-10_sample-4,sumo2_k11_tetrahedral_ube2w/seed-10_sample-4/model.cif,0.63,0.73,0.68,,,,1.452,sumo2_k11_tetrahedral_ube2w,True,seed-10_sample-4,tetrahedral
True,4,1.105,1.263,1.822,2.743,B/91,2.743,True,True,UBGT,1.822,328.4,False,1.519,9,A:96;B:151;G:1;L:1;U:74,sumo2_k11_tetrahedral_ube2w,seed-11_sample-0,sumo2_k11_tetrahedral_ube2w/seed-11_sample-0/model.cif,0.63,0.74,0.67,,,,1.519,sumo2_k11_tetrahedral_ube2w,True,seed-11_sample-0,tetrahedral
True,4,0.88,1.183,1.789,2.652,B/91,2.652,True,True,UBGT,1.789,328.5,False,1.445,12,A:96;B:151;G:1;L:1;U:74,sumo2_k11_tetrahedral_ube2w,seed-11_sample-1,sumo2_k11_tetrahedral_ube2w/seed-11_sample-1/model.cif,0.59,0.71,0.64,,,,1.445,sumo2_k11_tetrahedral_ube2w,True,seed-11_sample-1,tetrahedral
True,4,0.924,1.226,1.789,2.647,B/91,2.647,True,True,UBGT,1.789,328.3,False,1.464,11,A:96;B:151;G:1;L:1;U:74,sumo2_k11_tetrahedral_ube2w,seed-11_sample-2,sumo2_k11_tetrahedral_ube2w/seed-11_sample-2/model.cif,0.6,0.73,0.65,,,,1.464,sumo2_k11_tetrahedral_ube2w,True,seed-11_sample-2,tetrahedral
True,4,0.928,1.24,1.8,2.693,B/91,2.693,True,True,UBGT,1.8,327.5,False,1.466,9,A:96;B:151;G:1;L:1;U:74,sumo2_k11_tetrahedral_ube2w,seed-11_sample-3,sumo2_k11_tetrahedral_ube2w/seed-11_sample-3/model.cif,0.6,0.72,0.65,,,,1.466,sumo2_k11_tetrahedral_ube2w,True,seed-11_sample-3,tetrahedral
True,4,0.921,1.166,1.785,2.696,B/91,2.696,True,True,UBGT,1.785,327.4,False,1.466,5,A:96;B:151;G:1;L:1;U:74,sumo2_k11_tetrahedral_ube2w,seed-11_sample-4,sumo2_k11_tetrahedral_ube2w/seed-11_sample-4/model.cif,0.58,0.71,0.64,,,,1.466,sumo2_k11_tetrahedral_ube2w,True,seed-11_sample-4,tetrahedral
True,4,0.876,1.224,1.782,2.641,B/91,2.641,True,True,UBGT,1.782,329.6,False,1.443,7,A:96;B:151;G:1;L:1;U:74,sumo2_k11_tetrahedral_ube2w,seed-12_sample-0,sumo2_k11_tetrahedral_ube2w/seed-12_sample-0/model.cif,0.6,0.71,0.64,,,,1.443,sumo2_k11_tetrahedral_ube2w,True,seed-12_sample-0,tetrahedral
True,4,0.921,1.293,1.784,2.675,B/91,2.675,True,True,UBGT,1.784,327.0,False,1.463,11,A:96;B:151;G:1;L:1;U:74,sumo2_k11_tetrahedral_ube2w,seed-12_sample-1,sumo2_k11_tetrahedral_ube2w/seed-12_sample-1/model.cif,0.6,0.72,0.65,,,,1.463,sumo2_k11_tetrahedral_ube2w,True,seed-12_sample-1,tetrahedral
True,4,0.925,1.304,1.776,2.671,B/91,2.671,True,True,UBGT,1.776,328.1,False,1.471,12,A:96;B:151;G:1;L:1;U:74,sumo2_k11_tetrahedral_ube2w,seed-12_sample-2,sumo2_k11_tetrahedral_ube2w/seed-12_sample-2/model.cif,0.63,0.75,0.67,,,,1.471,sumo2_k11_tetrahedral_ube2w,True,seed-12_sample-2,tetrahedral
True,4,1.094,1.267,1.816,2.781,B/91,2.781,True,True,UBGT,1.816,329.5,False,1.51,17,A:96;B:151;G:1;L:1;U:74,sumo2_k11_tetrahedral_ube2w,seed-12_sample-3,sumo2_k11_tetrahedral_ube2w/seed-12_sample-3/model.cif,0.66,0.77,0.7,,,,1.51,sumo2_k11_tetrahedral_ube2w,True,seed-12_sample-3,tetrahedral
True,4,0.919,1.263,1.787,2.644,B/91,2.644,True,True,UBGT,1.787,328.9,False,1.462,5,A:96;B:151;G:1;L:1;U:74,sumo2_k11_tetrahedral_ube2w,seed-12_sample-4,sumo2_k11_tetrahedral_ube2w/seed-12_sample-4/model.cif,0.6,0.72,0.65,,,,1.462,sumo2_k11_tetrahedral_ube2w,True,seed-12_sample-4,tetrahedral
True,4,1.006,1.333,1.804,2.589,B/91,2.589,True,True,UBGT,1.804,328.7,False,1.473,9,A:96;B:151;G:1;L:1;U:74,sumo2_k11_tetrahedral_ube2w,seed-13_sample-0,sumo2_k11_tetrahedral_ube2w/seed-13_sample-0/model.cif,0.63,0.73,0.68,,,,1.473,sumo2_k11_tetrahedral_ube2w,True,seed-13_sample-0,tetrahedral
True,4,0.929,1.236,1.792,2.615,B/91,2.615,True,True,UBGT,1.792,329.9,False,1.479,6,A:96;B:151;G:1;L:1;U:74,sumo2_k11_tetrahedral_ube2w,seed-13_sample-1,sumo2_k11_tetrahedral_ube2w/seed-13_sample-1/model.cif,0.61,0.72,0.66,,,,1.479,sumo2_k11_tetrahedral_ube2w,True,seed-13_sample-1,tetrahedral
True,4,0.924,1.197,1.789,2.627,B/91,2.627,True,True,UBGT,1.789,329.2,False,1.46,8,A:96;B:151;G:1;L:1;U:74,sumo2_k11_tetrahedral_ube2w,seed-13_sample-2,sumo2_k11_tetrahedral_ube2w/seed-13_sample-2/model.cif,0.61,0.72,0.67,,,,1.46,sumo2_k11_tetrahedral_ube2w,True,seed-13_sample-2,tetrahedral
True,4,0.939,1.338,1.802,2.599,B/91,2.599,True,True,UBGT,1.802,330.0,False,1.465,10,A:96;B:151;G:1;L:1;U:74,sumo2_k11_tetrahedral_ube2w,seed-13_sample-3,sumo2_k11_tetrahedral_ube2w/seed-13_sample-3/model.cif,0.63,0.73,0.69,,,,1.465,sumo2_k11_tetrahedral_ube2w,True,seed-13_sample-3,tetrahedral
True,4,0.965,1.439,1.822,2.637,B/91,2.637,True,True,UBGT,1.822,328.5,False,1.465,7,A:96;B:151;G:1;L:1;U:74,sumo2_k11_tetrahedral_ube2w,seed-13_sample-4,sumo2_k11_tetrahedral_ube2w/seed-13_sample-4/model.cif,0.62,0.72,0.67,,,,1.465,sumo2_k11_tetrahedral_ube2w,True,seed-13_sample-4,tetrahedral
True,4,0.992,1.241,1.797,2.578,B/91,2.578,True,True,UBGT,1.797,328.6,False,1.456,6,A:96;B:151;G:1;L:1;U:74,sumo2_k11_tetrahedral_ube2w,seed-14_sample-0,sumo2_k11_tetrahedral_ube2w/seed-14_sample-0/model.cif,0.61,0.72,0.66,,,,1.456,sumo2_k11_tetrahedral_ube2w,True,seed-14_sample-0,tetrahedral
True,4,0.994,1.29,1.81,2.607,B/91,2.607,True,True,UBGT,1.81,329.4,False,1.446,8,A:96;B:151;G:1;L:1;U:74,sumo2_k11_tetrahedral_ube2w,seed-14_sample-1,sumo2_k11_tetrahedral_ube2w/seed-14_sample-1/model.cif,0.61,0.72,0.67,,,,1.446,sumo2_k11_tetrahedral_ube2w,True,seed-14_sample-1,tetrahedral
True,4,1.008,1.172,1.779,2.552,B/91,2.552,True,True,UBGT,1.779,329.0,False,1.453,7,A:96;B:151;G:1;L:1;U:74,sumo2_k11_tetrahedral_ube2w,seed-14_sample-2,sumo2_k11_tetrahedral_ube2w/seed-14_sample-2/model.cif,0.61,0.73,0.66,,,,1.453,sumo2_k11_tetrahedral_ube2w,True,seed-14_sample-2,tetrahedral
True,4,1.12,1.411,1.81,2.645,B/91,2.645,True,True,UBGT,1.81,328.2,False,1.499,14,A:96;B:151;G:1;L:1;U:74,sumo2_k11_tetrahedral_ube2w,seed-14_sample-3,sumo2_k11_tetrahedral_ube2w/seed-14_sample-3/model.cif,0.64,0.74,0.68,,,,1.499,sumo2_k11_tetrahedral_ube2w,True,seed-14_sample-3,tetrahedral
True,4,0.996,1.356,1.817,2.614,B/91,2.614,True,True,UBGT,1.817,328.8,False,1.458,9,A:96;B:151;G:1;L:1;U:74,sumo2_k11_tetrahedral_ube2w,seed-14_sample-4,sumo2_k11_tetrahedral_ube2w/seed-14_sample-4/model.cif,0.63,0.73,0.68,,,,1.458,sumo2_k11_tetrahedral_ube2w,True,seed-14_sample-4,tetrahedral
True,4,0.948,1.253,1.797,2.631,B/91,2.631,True,True,UBGT,1.797,329.5,False,1.478,8,A:96;B:151;G:1;L:1;U:74,sumo2_k11_tetrahedral_ube2w,seed-15_sample-0,sumo2_k11_tetrahedral_ube2w/seed-15_sample-0/model.cif,0.6,0.71,0.64,,,,1.478,sumo2_k11_tetrahedral_ube2w,True,seed-15_sample-0,tetrahedral
True,4,0.986,1.195,1.796,2.625,B/91,2.625,True,True,UBGT,1.796,328.1,False,1.466,6,A:96;B:151;G:1;L:1;U:74,sumo2_k11_tetrahedral_ube2w,seed-15_sample-1,sumo2_k11_tetrahedral_ube2w/seed-15_sample-1/model.cif,0.59,0.71,0.64,,,,1.466,sumo2_k11_tetrahedral_ube2w,True,seed-15_sample-1,tetrahedral
True,4,0.971,1.207,1.806,2.615,B/91,2.615,True,True,UBGT,1.806,329.3,False,1.474,8,A:96;B:151;G:1;L:1;U:74,sumo2_k11_tetrahedral_ube2w,seed-15_sample-2,sumo2_k11_tetrahedral_ube2w/seed-15_sample-2/model.cif,0.59,0.71,0.63,,,,1.474,sumo2_k11_tetrahedral_ube2w,True,seed-15_sample-2,tetrahedral
True,4,0.91,1.164,1.791,2.618,B/91,2.618,True,True,UBGT,1.791,328.3,False,1.467,6,A:96;B:151;G:1;L:1;U:74,sumo2_k11_tetrahedral_ube2w,seed-15_sample-3,sumo2_k11_tetrahedral_ube2w/seed-15_sample-3/model.cif,0.6,0.71,0.65,,,,1.467,sumo2_k11_tetrahedral_ube2w,True,seed-15_sample-3,tetrahedral
True,4,0.83,1.292,1.803,2.636,B/91,2.636,True,True,UBGT,1.803,330.2,False,1.478,6,A:96;B:151;G:1;L:1;U:74,sumo2_k11_tetrahedral_ube2w,seed-15_sample-4,sumo2_k11_tetrahedral_ube2w/seed-15_sample-4/model.cif,0.57,0.7,0.61,,,,1.478,sumo2_k11_tetrahedral_ube2w,True,seed-15_sample-4,tetrahedral
True,4,0.973,1.43,1.796,2.598,B/91,2.598,True,True,UBGT,1.796,329.9,False,1.464,7,A:96;B:151;G:1;L:1;U:74,sumo2_k11_tetrahedral_ube2w,seed-16_sample-0,sumo2_k11_tetrahedral_ube2w/seed-16_sample-0/model.cif,0.63,0.73,0.68,,,,1.464,sumo2_k11_tetrahedral_ube2w,True,seed-16_sample-0,tetrahedral
True,4,0.997,1.445,1.802,2.599,B/91,2.599,True,True,UBGT,1.802,329.8,False,1.481,6,A:96;B:151;G:1;L:1;U:74,sumo2_k11_tetrahedral_ube2w,seed-16_sample-1,sumo2_k11_tetrahedral_ube2w/seed-16_sample-1/model.cif,0.63,0.73,0.68,,,,1.481,sumo2_k11_tetrahedral_ube2w,True,seed-16_sample-1,tetrahedral
True,4,0.945,1.285,1.782,2.599,B/91,2.599,True,True,UBGT,1.782,330.3,False,1.463,10,A:96;B:151;G:1;L:1;U:74,sumo2_k11_tetrahedral_ube2w,seed-16_sample-2,sumo2_k11_tetrahedral_ube2w/seed-16_sample-2/model.cif,0.61,0.72,0.66,,,,1.463,sumo2_k11_tetrahedral_ube2w,True,seed-16_sample-2,tetrahedral
True,4,0.944,1.103,1.826,2.635,B/91,2.635,True,True,UBGT,1.826,329.0,False,1.462,9,A:96;B:151;G:1;L:1;U:74,sumo2_k11_tetrahedral_ube2w,seed-16_sample-3,sumo2_k11_tetrahedral_ube2w/seed-16_sample-3/model.cif,0.61,0.72,0.66,,,,1.462,sumo2_k11_tetrahedral_ube2w,True,seed-16_sample-3,tetrahedral
True,4,1.03,1.249,1.811,2.597,B/91,2.597,True,True,UBGT,1.811,330.7,False,1.476,7,A:96;B:151;G:1;L:1;U:74,sumo2_k11_tetrahedral_ube2w,seed-16_sample-4,sumo2_k11_tetrahedral_ube2w/seed-16_sample-4/model.cif,0.63,0.72,0.68,,,,1.476,sumo2_k11_tetrahedral_ube2w,True,seed-16_sample-4,tetrahedral
True,4,0.931,1.213,1.802,2.579,B/91,2.579,True,True,UBGT,1.802,328.3,False,1.446,12,A:96;B:151;G:1;L:1;U:74,sumo2_k11_tetrahedral_ube2w,seed-17_sample-0,sumo2_k11_tetrahedral_ube2w/seed-17_sample-0/model.cif,0.64,0.74,0.68,,,,1.446,sumo2_k11_tetrahedral_ube2w,True,seed-17_sample-0,tetrahedral
True,4,1.008,1.456,1.805,2.602,B/91,2.602,True,True,UBGT,1.805,329.4,False,1.462,14,A:96;B:151;G:1;L:1;U:74,sumo2_k11_tetrahedral_ube2w,seed-17_sample-1,sumo2_k11_tetrahedral_ube2w/seed-17_sample-1/model.cif,0.66,0.76,0.71,,,,1.462,sumo2_k11_tetrahedral_ube2w,True,seed-17_sample-1,tetrahedral
True,4,1.018,1.314,1.785,2.619,B/91,2.619,True,True,UBGT,1.785,329.3,False,1.482,11,A:96;B:151;G:1;L:1;U:74,sumo2_k11_tetrahedral_ube2w,seed-17_sample-2,sumo2_k11_tetrahedral_ube2w/seed-17_sample-2/model.cif,0.62,0.73,0.67,,,,1.482,sumo2_k11_tetrahedral_ube2w,True,seed-17_sample-2,tetrahedral
True,4,1.037,1.432,1.815,2.621,B/91,2.621,True,True,UBGT,1.815,329.9,False,1.492,10,A:96;B:151;G:1;L:1;U:74,sumo2_k11_tetrahedral_ube2w,seed-17_sample-3,sumo2_k11_tetrahedral_ube2w/seed-17_sample-3/model.cif,0.64,0.74,0.69,,,,1.492,sumo2_k11_tetrahedral_ube2w,True,seed-17_sample-3,tetrahedral
True,4,1.122,1.35,1.818,2.651,B/91,2.651,True,True,UBGT,1.818,329.6,False,1.512,7,A:96;B:151;G:1;L:1;U:74,sumo2_k11_tetrahedral_ube2w,seed-17_sample-4,sumo2_k11_tetrahedral_ube2w/seed-17_sample-4/model.cif,0.61,0.73,0.67,,,,1.512,sumo2_k11_tetrahedral_ube2w,True,seed-17_sample-4,tetrahedral
True,4,0.95,1.311,1.794,2.658,B/91,2.658,True,True,UBGT,1.794,328.9,False,1.499,13,A:96;B:151;G:1;L:1;U:74,sumo2_k11_tetrahedral_ube2w,seed-18_sample-0,sumo2_k11_tetrahedral_ube2w/seed-18_sample-0/model.cif,0.59,0.71,0.63,,,,1.499,sumo2_k11_tetrahedral_ube2w,True,seed-18_sample-0,tetrahedral
True,4,0.93,1.435,1.79,2.611,B/91,2.611,True,True,UBGT,1.79,330.5,False,1.483,10,A:96;B:151;G:1;L:1;U:74,sumo2_k11_tetrahedral_ube2w,seed-18_sample-1,sumo2_k11_tetrahedral_ube2w/seed-18_sample-1/model.cif,0.62,0.73,0.66,,,,1.483,sumo2_k11_tetrahedral_ube2w,True,seed-18_sample-1,tetrahedral
True,4,1.162,1.324,1.862,2.751,B/91,2.751,True,True,UBGT,1.862,329.6,False,1.529,9,A:96;B:151;G:1;L:1;U:74,sumo2_k11_tetrahedral_ube2w,seed-18_sample-2,sumo2_k11_tetrahedral_ube2w/seed-18_sample-2/model.cif,0.59,0.7,0.63,,,,1.529,sumo2_k11_tetrahedral_ube2w,True,seed-18_sample-2,tetrahedral
True,4,1.112,1.44,1.779,2.584,B/91,2.584,True,True,UBGT,1.779,327.5,False,1.489,7,A:96;B:151;G:1;L:1;U:74,sumo2_k11_tetrahedral_ube2w,seed-18_sample-3,sumo2_k11_tetrahedral_ube2w/seed-18_sample-3/model.cif,0.58,0.7,0.63,,,,1.489,sumo2_k11_tetrahedral_ube2w,True,seed-18_sample-3,tetrahedral
True,4,0.902,1.25,1.781,2.622,B/91,2.622,True,True,UBGT,1.781,330.2,False,1.468,7,A:96;B:151;G:1;L:1;U:74,sumo2_k11_tetrahedral_ube2w,seed-18_sample-4,sumo2_k11_tetrahedral_ube2w/seed-18_sample-4/model.cif,0.58,0.7,0.64,,,,1.468,sumo2_k11_tetrahedral_ube2w,True,seed-18_sample-4,tetrahedral
True,4,1.003,1.425,1.791,2.686,B/91,2.686,True,True,UBGT,1.791,327.7,False,1.477,11,A:96;B:151;G:1;L:1;U:74,sumo2_k11_tetrahedral_ube2w,seed-19_sample-0,sumo2_k11_tetrahedral_ube2w/seed-19_sample-0/model.cif,0.64,0.75,0.69,,,,1.477,sumo2_k11_tetrahedral_ube2w,True,seed-19_sample-0,tetrahedral
True,4,0.924,1.207,1.784,2.664,B/91,2.664,True,True,UBGT,1.784,327.6,False,1.452,14,A:96;B:151;G:1;L:1;U:74,sumo2_k11_tetrahedral_ube2w,seed-19_sample-1,sumo2_k11_tetrahedral_ube2w/seed-19_sample-1/model.cif,0.63,0.75,0.68,,,,1.452,sumo2_k11_tetrahedral_ube2w,True,seed-19_sample-1,tetrahedral
True,4,0.821,1.418,1.782,2.642,B/91,2.642,True,True,UBGT,1.782,328.8,False,1.452,11,A:96;B:151;G:1;L:1;U:74,sumo2_k11_tetrahedral_ube2w,seed-19_sample-2,sumo2_k11_tetrahedral_ube2w/seed-19_sample-2/model.cif,0.66,0.77,0.71,,,,1.452,sumo2_k11_tetrahedral_ube2w,True,seed-19_sample-2,tetrahedral
True,4,0.893,1.344,1.764,2.639,B/91,2.639,True,True,UBGT,1.764,327.3,False,1.439,16,A:96;B:151;G:1;L:1;U:74,sumo2_k11_tetrahedral_ube2w,seed-19_sample-3,sumo2_k11_tetrahedral_ube2w/seed-19_sample-3/model.cif,0.62,0.75,0.67,,,,1.439,sumo2_k11_tetrahedral_ube2w,True,seed-19_sample-3,tetrahedral
True,4,0.978,1.175,1.789,2.646,B/91,2.646,True,True,UBGT,1.789,329.3,False,1.476,9,A:96;B:151;G:1;L:1;U:74,sumo2_k11_tetrahedral_ube2w,seed-19_sample-4,sumo2_k11_tetrahedral_ube2w/seed-19_sample-4/model.cif,0.64,0.75,0.69,,,,1.476,sumo2_k11_tetrahedral_ube2w,True,seed-19_sample-4,tetrahedral
True,4,0.907,1.24,1.791,2.625,B/91,2.625,True,True,UBGT,1.791,328.2,False,1.471,11,A:96;B:151;G:1;L:1;U:74,sumo2_k11_tetrahedral_ube2w,seed-1_sample-0,sumo2_k11_tetrahedral_ube2w/seed-1_sample-0/model.cif,0.64,0.75,0.68,,,,1.471,sumo2_k11_tetrahedral_ube2w,True,seed-1_sample-0,tetrahedral
True,4,0.828,1.294,1.783,2.623,B/91,2.623,True,True,UBGT,1.783,328.6,False,1.427,12,A:96;B:151;G:1;L:1;U:74,sumo2_k11_tetrahedral_ube2w,seed-1_sample-1,sumo2_k11_tetrahedral_ube2w/seed-1_sample-1/model.cif,0.65,0.76,0.7,,,,1.427,sumo2_k11_tetrahedral_ube2w,True,seed-1_sample-1,tetrahedral
True,4,0.887,1.332,1.782,2.631,B/91,2.631,True,True,UBGT,1.782,328.5,False,1.453,12,A:96;B:151;G:1;L:1;U:74,sumo2_k11_tetrahedral_ube2w,seed-1_sample-2,sumo2_k11_tetrahedral_ube2w/seed-1_sample-2/model.cif,0.65,0.75,0.7,,,,1.453,sumo2_k11_tetrahedral_ube2w,True,seed-1_sample-2,tetrahedral
True,4,0.903,1.357,1.795,2.657,B/91,2.657,True,True,UBGT,1.795,328.9,False,1.46,9,A:96;B:151;G:1;L:1;U:74,sumo2_k11_tetrahedral_ube2w,seed-1_sample-3,sumo2_k11_tetrahedral_ube2w/seed-1_sample-3/model.cif,0.66,0.76,0.71,,,,1.46,sumo2_k11_tetrahedral_ube2w,True,seed-1_sample-3,tetrahedral
True,4,1.001,1.227,1.789,2.626,B/91,2.626,True,True,UBGT,1.789,328.7,False,1.47,9,A:96;B:151;G:1;L:1;U:74,sumo2_k11_tetrahedral_ube2w,seed-1_sample-4,sumo2_k11_tetrahedral_ube2w/seed-1_sample-4/model.cif,0.63,0.74,0.68,,,,1.47,sumo2_k11_tetrahedral_ube2w,True,seed-1_sample-4,tetrahedral
True,4,0.955,1.323,1.798,2.651,B/91,2.651,True,True,UBGT,1.798,330.5,False,1.504,7,A:96;B:151;G:1;L:1;U:74,sumo2_k11_tetrahedral_ube2w,seed-20_sample-0,sumo2_k11_tetrahedral_ube2w/seed-20_sample-0/model.cif,0.62,0.73,0.66,,,,1.504,sumo2_k11_tetrahedral_ube2w,True,seed-20_sample-0,tetrahedral
True,4,1.005,1.398,1.807,2.62,B/91,2.62,True,True,UBGT,1.807,329.3,False,1.506,7,A:96;B:151;G:1;L:1;U:74,sumo2_k11_tetrahedral_ube2w,seed-20_sample-1,sumo2_k11_tetrahedral_ube2w/seed-20_sample-1/model.cif,0.64,0.74,0.7,,,,1.506,sumo2_k11_tetrahedral_ube2w,True,seed-20_sample-1,tetrahedral
True,4,0.962,1.571,1.806,2.64,B/91,2.64,True,True,UBGT,1.806,329.9,False,1.491,8,A:96;B:151;G:1;L:1;U:74,sumo2_k11_tetrahedral_ube2w,seed-20_sample-2,sumo2_k11_tetrahedral_ube2w/seed-20_sample-2/model.cif,0.64,0.73,0.69,,,,1.491,sumo2_k11_tetrahedral_ube2w,True,seed-20_sample-2,tetrahedral
True,4,0.989,1.331,1.817,2.626,B/91,2.626,True,True,UBGT,1.817,330.4,False,1.463,7,A:96;B:151;G:1;L:1;U:74,sumo2_k11_tetrahedral_ube2w,seed-20_sample-3,sumo2_k11_tetrahedral_ube2w/seed-20_sample-3/model.cif,0.61,0.72,0.66,,,,1.463,sumo2_k11_tetrahedral_ube2w,True,seed-20_sample-3,tetrahedral
True,4,0.93,1.476,1.814,2.622,B/91,2.622,True,True,UBGT,1.814,330.0,False,1.482,6,A:96;B:151;G:1;L:1;U:74,sumo2_k11_tetrahedral_ube2w,seed-20_sample-4,sumo2_k11_tetrahedral_ube2w/seed-20_sample-4/model.cif,0.61,0.71,0.65,,,,1.482,sumo2_k11_tetrahedral_ube2w,True,seed-20_sample-4,tetrahedral
True,4,0.949,1.253,1.787,2.606,B/91,2.606,True,True,UBGT,1.787,330.9,False,1.468,8,A:96;B:151;G:1;L:1;U:74,sumo2_k11_tetrahedral_ube2w,seed-2_sample-0,sumo2_k11_tetrahedral_ube2w/seed-2_sample-0/model.cif,0.63,0.73,0.68,,,,1.468,sumo2_k11_tetrahedral_ube2w,True,seed-2_sample-0,tetrahedral
True,4,0.89,1.346,1.775,2.552,B/91,2.552,True,True,UBGT,1.775,329.9,False,1.454,11,A:96;B:151;G:1;L:1;U:74,sumo2_k11_tetrahedral_ube2w,seed-2_sample-1,sumo2_k11_tetrahedral_ube2w/seed-2_sample-1/model.cif,0.63,0.73,0.68,,,,1.454,sumo2_k11_tetrahedral_ube2w,True,seed-2_sample-1,tetrahedral
True,4,1.029,1.325,1.806,2.619,B/91,2.619,True,True,UBGT,1.806,329.7,False,1.482,11,A:96;B:151;G:1;L:1;U:74,sumo2_k11_tetrahedral_ube2w,seed-2_sample-2,sumo2_k11_tetrahedral_ube2w/seed-2_sample-2/model.cif,0.63,0.74,0.67,,,,1.482,sumo2_k11_tetrahedral_ube2w,True,seed-2_sample-2,tetrahedral
True,4,0.976,1.286,1.791,2.592,B/91,2.592,True,True,UBGT,1.791,330.8,False,1.478,7,A:96;B:151;G:1;L:1;U:74,sumo2_k11_tetrahedral_ube2w,seed-2_sample-3,sumo2_k11_tetrahedral_ube2w/seed-2_sample-3/model.cif,0.62,0.72,0.67,,,,1.478,sumo2_k11_tetrahedral_ube2w,True,seed-2_sample-3,tetrahedral
True,4,0.966,1.481,1.783,2.571,B/91,2.571,True,True,UBGT,1.783,330.1,False,1.471,7,A:96;B:151;G:1;L:1;U:74,sumo2_k11_tetrahedral_ube2w,seed-2_sample-4,sumo2_k11_tetrahedral_ube2w/seed-2_sample-4/model.cif,0.62,0.72,0.67,,,,1.471,sumo2_k11_tetrahedral_ube2w,True,seed-2_sample-4,tetrahedral
True,4,0.974,1.309,1.798,2.577,B/91,2.577,True,True,UBGT,1.798,330.8,False,1.483,6,A:96;B:151;G:1;L:1;U:74,sumo2_k11_tetrahedral_ube2w,seed-3_sample-0,sumo2_k11_tetrahedral_ube2w/seed-3_sample-0/model.cif,0.63,0.73,0.68,,,,1.483,sumo2_k11_tetrahedral_ube2w,True,seed-3_sample-0,tetrahedral
True,4,0.957,1.306,1.818,2.637,B/91,2.637,True,True,UBGT,1.818,329.1,False,1.492,8,A:96;B:151;G:1;L:1;U:74,sumo2_k11_tetrahedral_ube2w,seed-3_sample-1,sumo2_k11_tetrahedral_ube2w/seed-3_sample-1/model.cif,0.62,0.72,0.66,,,,1.492,sumo2_k11_tetrahedral_ube2w,True,seed-3_sample-1,tetrahedral
True,4,1.004,1.418,1.806,2.625,B/91,2.625,True,True,UBGT,1.806,329.5,False,1.483,12,A:96;B:151;G:1;L:1;U:74,sumo2_k11_tetrahedral_ube2w,seed-3_sample-2,sumo2_k11_tetrahedral_ube2w/seed-3_sample-2/model.cif,0.66,0.76,0.71,,,,1.483,sumo2_k11_tetrahedral_ube2w,True,seed-3_sample-2,tetrahedral
True,4,0.782,1.201,1.796,2.661,B/91,2.661,True,True,UBGT,1.796,327.6,False,1.454,8,A:96;B:151;G:1;L:1;U:74,sumo2_k11_tetrahedral_ube2w,seed-3_sample-3,sumo2_k11_tetrahedral_ube2w/seed-3_sample-3/model.cif,0.61,0.72,0.66,,,,1.454,sumo2_k11_tetrahedral_ube2w,True,seed-3_sample-3,tetrahedral
True,4,0.916,1.391,1.803,2.616,B/91,2.616,True,True,UBGT,1.803,330.0,False,1.463,8,A:96;B:151;G:1;L:1;U:74,sumo2_k11_tetrahedral_ube2w,seed-3_sample-4,sumo2_k11_tetrahedral_ube2w/seed-3_sample-4/model.cif,0.61,0.72,0.67,,,,1.463,sumo2_k11_tetrahedral_ube2w,True,seed-3_sample-4,tetrahedral
True,4,0.871,1.436,1.801,2.627,B/91,2.627,True,True,UBGT,1.801,328.8,False,1.454,8,A:96;B:151;G:1;L:1;U:74,sumo2_k11_tetrahedral_ube2w,seed-4_sample-0,sumo2_k11_tetrahedral_ube2w/seed-4_sample-0/model.cif,0.64,0.74,0.68,,,,1.454,sumo2_k11_tetrahedral_ube2w,True,seed-4_sample-0,tetrahedral
True,4,0.918,1.399,1.787,2.635,B/91,2.635,True,True,UBGT,1.787,328.1,False,1.481,5,A:96;B:151;G:1;L:1;U:74,sumo2_k11_tetrahedral_ube2w,seed-4_sample-1,sumo2_k11_tetrahedral_ube2w/seed-4_sample-1/model.cif,0.63,0.74,0.68,,,,1.481,sumo2_k11_tetrahedral_ube2w,True,seed-4_sample-1,tetrahedral
True,4,0.8,1.41,1.781,2.605,B/91,2.605,True,True,UBGT,1.781,329.8,False,1.452,7,A:96;B:151;G:1;L:1;U:74,sumo2_k11_tetrahedral_ube2w,seed-4_sample-2,sumo2_k11_tetrahedral_ube2w/seed-4_sample-2/model.cif,0.64,0.74,0.69,,,,1.452,sumo2_k11_tetrahedral_ube2w,True,seed-4_sample-2,tetrahedral
True,4,0.865,1.434,1.82,2.646,B/91,2.646,True,True,UBGT,1.82,328.8,False,1.473,11,A:96;B:151;G:1;L:1;U:74,sumo2_k11_tetrahedral_ube2w,seed-4_sample-3,sumo2_k11_tetrahedral_ube2w/seed-4_sample-3/model.cif,0.64,0.74,0.68,,,,1.473,sumo2_k11_tetrahedral_ube2w,True,seed-4_sample-3,tetrahedral
True,4,0.912,1.477,1.783,2.61,B/91,2.61,True,True,UBGT,1.783,328.7,False,1.474,10,A:96;B:151;G:1;L:1;U:74,sumo2_k11_tetrahedral_ube2w,seed-4_sample-4,sumo2_k11_tetrahedral_ube2w/seed-4_sample-4/model.cif,0.65,0.75,0.7,,,,1.474,sumo2_k11_tetrahedral_ube2w,True,seed-4_sample-4,tetrahedral
True,4,1.107,1.301,1.829,2.728,B/91,2.728,True,True,UBGT,1.829,328.6,False,1.503,7,A:96;B:151;G:1;L:1;U:74,sumo2_k11_tetrahedral_ube2w,seed-5_sample-0,sumo2_k11_tetrahedral_ube2w/seed-5_sample-0/model.cif,0.63,0.74,0.66,,,,1.503,sumo2_k11_tetrahedral_ube2w,True,seed-5_sample-0,tetrahedral
True,4,0.926,1.26,1.81,2.632,B/91,2.632,True,True,UBGT,1.81,327.7,False,1.472,10,A:96;B:151;G:1;L:1;U:74,sumo2_k11_tetrahedral_ube2w,seed-5_sample-1,sumo2_k11_tetrahedral_ube2w/seed-5_sample-1/model.cif,0.6,0.72,0.65,,,,1.472,sumo2_k11_tetrahedral_ube2w,True,seed-5_sample-1,tetrahedral
True,4,0.893,1.267,1.789,2.642,B/91,2.642,True,True,UBGT,1.789,329.4,False,1.454,7,A:96;B:151;G:1;L:1;U:74,sumo2_k11_tetrahedral_ube2w,seed-5_sample-2,sumo2_k11_tetrahedral_ube2w/seed-5_sample-2/model.cif,0.61,0.72,0.66,,,,1.454,sumo2_k11_tetrahedral_ube2w,True,seed-5_sample-2,tetrahedral
True,4,0.957,1.33,1.809,2.638,B/91,2.638,True,True,UBGT,1.809,326.9,False,1.475,6,A:96;B:151;G:1;L:1;U:74,sumo2_k11_tetrahedral_ube2w,seed-5_sample-3,sumo2_k11_tetrahedral_ube2w/seed-5_sample-3/model.cif,0.6,0.71,0.65,,,,1.475,sumo2_k11_tetrahedral_ube2w,True,seed-5_sample-3,tetrahedral
True,4,0.991,1.179,1.785,2.618,B/91,2.618,True,True,UBGT,1.785,328.6,False,1.443,7,A:96;B:151;G:1;L:1;U:74,sumo2_k11_tetrahedral_ube2w,seed-5_sample-4,sumo2_k11_tetrahedral_ube2w/seed-5_sample-4/model.cif,0.59,0.71,0.64,,,,1.443,sumo2_k11_tetrahedral_ube2w,True,seed-5_sample-4,tetrahedral
True,4,0.936,1.107,1.758,2.559,B/91,2.559,True,True,UBGT,1.758,326.5,False,1.404,11,A:96;B:151;G:1;L:1;U:74,sumo2_k11_tetrahedral_ube2w,seed-6_sample-0,sumo2_k11_tetrahedral_ube2w/seed-6_sample-0/model.cif,0.6,0.72,0.65,,,,1.404,sumo2_k11_tetrahedral_ube2w,True,seed-6_sample-0,tetrahedral
True,4,1.215,1.385,1.845,2.736,B/91,2.736,True,True,UBGT,1.845,328.3,False,1.553,20,A:96;B:151;G:1;L:1;U:74,sumo2_k11_tetrahedral_ube2w,seed-6_sample-1,sumo2_k11_tetrahedral_ube2w/seed-6_sample-1/model.cif,0.63,0.74,0.67,,,,1.553,sumo2_k11_tetrahedral_ube2w,True,seed-6_sample-1,tetrahedral
True,4,1.103,1.292,1.773,2.592,B/91,2.592,True,True,UBGT,1.773,330.1,False,1.462,8,A:96;B:151;G:1;L:1;U:74,sumo2_k11_tetrahedral_ube2w,seed-6_sample-2,sumo2_k11_tetrahedral_ube2w/seed-6_sample-2/model.cif,0.62,0.72,0.67,,,,1.462,sumo2_k11_tetrahedral_ube2w,True,seed-6_sample-2,tetrahedral
True,4,0.893,1.237,1.804,2.66,B/91,2.66,True,True,UBGT,1.804,329.4,False,1.471,7,A:96;B:151;G:1;L:1;U:74,sumo2_k11_tetrahedral_ube2w,seed-6_sample-3,sumo2_k11_tetrahedral_ube2w/seed-6_sample-3/model.cif,0.59,0.71,0.64,,,,1.471,sumo2_k11_tetrahedral_ube2w,True,seed-6_sample-3,tetrahedral
True,4,0.897,1.219,1.768,2.596,B/91,2.596,True,True,UBGT,1.768,328.9,False,1.444,7,A:96;B:151;G:1;L:1;U:74,sumo2_k11_tetrahedral_ube2w,seed-6_sample-4,sumo2_k11_tetrahedral_ube2w/seed-6_sample-4/model.cif,0.59,0.72,0.64,,,,1.444,sumo2_k11_tetrahedral_ube2w,True,seed-6_sample-4,tetrahedral
True,4,0.954,1.383,1.804,2.651,B/91,2.651,True,True,UBGT,1.804,330.6,False,1.478,11,A:96;B:151;G:1;L:1;U:74,sumo2_k11_tetrahedral_ube2w,seed-7_sample-0,sumo2_k11_tetrahedral_ube2w/seed-7_sample-0/model.cif,0.62,0.73,0.68,,,,1.478,sumo2_k11_tetrahedral_ube2w,True,seed-7_sample-0,tetrahedral
True,4,0.972,1.217,1.792,2.633,B/91,2.633,True,True,UBGT,1.792,328.9,False,1.473,8,A:96;B:151;G:1;L:1;U:74,sumo2_k11_tetrahedral_ube2w,seed-7_sample-1,sumo2_k11_tetrahedral_ube2w/seed-7_sample-1/model.cif,0.61,0.72,0.67,,,,1.473,sumo2_k11_tetrahedral_ube2w,True,seed-7_sample-1,tetrahedral
True,4,0.984,1.472,1.788,2.602,B/91,2.602,True,True,UBGT,1.788,329.1,False,1.467,7,A:96;B:151;G:1;L:1;U:74,sumo2_k11_tetrahedral_ube2w,seed-7_sample-2,sumo2_k11_tetrahedral_ube2w/seed-7_sample-2/model.cif,0.63,0.72,0.68,,,,1.467,sumo2_k11_tetrahedral_ube2w,True,seed-7_sample-2,tetrahedral
True,4,0.98,1.234,1.806,2.627,B/91,2.627,True,True,UBGT,1.806,329.2,False,1.455,9,A:96;B:151;G:1;L:1;U:74,sumo2_k11_tetrahedral_ube2w,seed-7_sample-3,sumo2_k11_tetrahedral_ube2w/seed-7_sample-3/model.cif,0.61,0.72,0.66,,,,1.455,sumo2_k11_tetrahedral_ube2w,True,seed-7_sample-3,tetrahedral
True,4,1.022,1.423,1.784,2.6,B/91,2.6,True,True,UBGT,1.784,328.6,False,1.466,15,A:96;B:151;G:1;L:1;U:74,sumo2_k11_tetrahedral_ube2w,seed-7_sample-4,sumo2_k11_tetrahedral_ube2w/seed-7_sample-4/model.cif,0.65,0.75,0.69,,,,1.466,sumo2_k11_tetrahedral_ube2w,True,seed-7_sample-4,tetrahedral
True,4,0.968,1.39,1.799,2.601,B/91,2.601,True,True,UBGT,1.799,329.5,False,1.474,6,A:96;B:151;G:1;L:1;U:74,sumo2_k11_tetrahedral_ube2w,seed-8_sample-0,sumo2_k11_tetrahedral_ube2w/seed-8_sample-0/model.cif,0.62,0.73,0.67,,,,1.474,sumo2_k11_tetrahedral_ube2w,True,seed-8_sample-0,tetrahedral
True,4,1.084,1.163,1.834,2.675,B/91,2.675,True,True,UBGT,1.834,328.3,False,1.498,14,A:96;B:151;G:1;L:1;U:74,sumo2_k11_tetrahedral_ube2w,seed-8_sample-1,sumo2_k11_tetrahedral_ube2w/seed-8_sample-1/model.cif,0.6,0.72,0.66,,,,1.498,sumo2_k11_tetrahedral_ube2w,True,seed-8_sample-1,tetrahedral
True,4,0.895,1.315,1.781,2.621,B/91,2.621,True,True,UBGT,1.781,327.8,False,1.497,7,A:96;B:151;G:1;L:1;U:74,sumo2_k11_tetrahedral_ube2w,seed-8_sample-2,sumo2_k11_tetrahedral_ube2w/seed-8_sample-2/model.cif,0.61,0.72,0.66,,,,1.497,sumo2_k11_tetrahedral_ube2w,True,seed-8_sample-2,tetrahedral
True,4,1.118,1.341,1.809,2.609,B/91,2.609,True,True,UBGT,1.809,327.7,False,1.5,12,A:96;B:151;G:1;L:1;U:74,sumo2_k11_tetrahedral_ube2w,seed-8_sample-3,sumo2_k11_tetrahedral_ube2w/seed-8_sample-3/model.cif,0.65,0.75,0.7,,,,1.5,sumo2_k11_tetrahedral_ube2w,True,seed-8_sample-3,tetrahedral
True,4,0.924,1.306,1.804,2.633,B/91,2.633,True,True,UBGT,1.804,328.4,False,1.473,11,A:96;B:151;G:1;L:1;U:74,sumo2_k11_tetrahedral_ube2w,seed-8_sample-4,sumo2_k11_tetrahedral_ube2w/seed-8_sample-4/model.cif,0.64,0.74,0.68,,,,1.473,sumo2_k11_tetrahedral_ube2w,True,seed-8_sample-4,tetrahedral
True,4,0.814,1.25,1.734,2.585,B/91,2.585,True,True,UBGT,1.734,325.4,False,1.423,8,A:96;B:151;G:1;L:1;U:74,sumo2_k11_tetrahedral_ube2w,seed-9_sample-0,sumo2_k11_tetrahedral_ube2w/seed-9_sample-0/model.cif,0.54,0.68,0.61,,,,1.423,sumo2_k11_tetrahedral_ube2w,True,seed-9_sample-0,tetrahedral
True,4,1.001,1.159,1.799,2.653,B/91,2.653,True,True,UBGT,1.799,326.0,False,1.446,8,A:96;B:151;G:1;L:1;U:74,sumo2_k11_tetrahedral_ube2w,seed-9_sample-1,sumo2_k11_tetrahedral_ube2w/seed-9_sample-1/model.cif,0.59,0.72,0.67,,,,1.446,sumo2_k11_tetrahedral_ube2w,True,seed-9_sample-1,tetrahedral
True,4,1.005,1.233,1.745,2.499,B/91,2.499,True,True,UBGT,1.745,328.0,False,1.403,10,A:96;B:151;G:1;L:1;U:74,sumo2_k11_tetrahedral_ube2w,seed-9_sample-2,sumo2_k11_tetrahedral_ube2w/seed-9_sample-2/model.cif,0.59,0.72,0.65,,,,1.403,sumo2_k11_tetrahedral_ube2w,True,seed-9_sample-2,tetrahedral
True,4,0.863,1.173,1.764,2.576,B/91,2.576,True,True,UBGT,1.764,325.9,False,1.407,7,A:96;B:151;G:1;L:1;U:74,sumo2_k11_tetrahedral_ube2w,seed-9_sample-3,sumo2_k11_tetrahedral_ube2w/seed-9_sample-3/model.cif,0.56,0.7,0.61,,,,1.407,sumo2_k11_tetrahedral_ube2w,True,seed-9_sample-3,tetrahedral
True,4,0.949,1.234,1.793,2.646,B/91,2.646,True,True,UBGT,1.793,327.4,False,1.428,7,A:96;B:151;G:1;L:1;U:74,sumo2_k11_tetrahedral_ube2w,seed-9_sample-4,sumo2_k11_tetrahedral_ube2w/seed-9_sample-4/model.cif,0.58,0.7,0.64,,,,1.428,sumo2_k11_tetrahedral_ube2w,True,seed-9_sample-4,tetrahedral
True,1,0.998,,,4.384,B/91,4.384,True,False,,,,,,13,A:96;B:151;L:1,sumo2_k11_xisok_ube2w,seed-10_sample-0,sumo2_k11_xisok_ube2w/seed-10_sample-0/model.cif,0.35,0.64,0.45,,,,,sumo2_k11_xisok_ube2w,True,seed-10_sample-0,xisok
True,1,1.164,,,4.927,B/91,4.927,True,False,,,,,,8,A:96;B:151;L:1,sumo2_k11_xisok_ube2w,seed-10_sample-1,sumo2_k11_xisok_ube2w/seed-10_sample-1/model.cif,0.42,0.65,0.52,,,,,sumo2_k11_xisok_ube2w,True,seed-10_sample-1,xisok
True,1,1.021,,,4.582,B/151,1.561,False,False,,,,,,15,A:96;B:151;L:1,sumo2_k11_xisok_ube2w,seed-10_sample-2,sumo2_k11_xisok_ube2w/seed-10_sample-2/model.cif,0.57,0.66,0.63,,,,,sumo2_k11_xisok_ube2w,True,seed-10_sample-2,xisok
True,1,0.944,,,4.132,B/151,1.856,False,False,,,,,,7,A:96;B:151;L:1,sumo2_k11_xisok_ube2w,seed-10_sample-3,sumo2_k11_xisok_ube2w/seed-10_sample-3/model.cif,0.47,0.64,0.54,,,,,sumo2_k11_xisok_ube2w,True,seed-10_sample-3,xisok
True,1,0.975,,,4.948,B/151,1.315,False,False,,,,,,5,A:96;B:151;L:1,sumo2_k11_xisok_ube2w,seed-10_sample-4,sumo2_k11_xisok_ube2w/seed-10_sample-4/model.cif,0.56,0.65,0.61,,,,,sumo2_k11_xisok_ube2w,True,seed-10_sample-4,xisok
True,1,1.165,,,4.89,B/91,4.89,True,False,,,,,,13,A:96;B:151;L:1,sumo2_k11_xisok_ube2w,seed-11_sample-0,sumo2_k11_xisok_ube2w/seed-11_sample-0/model.cif,0.41,0.65,0.51,,,,,sumo2_k11_xisok_ube2w,True,seed-11_sample-0,xisok
True,1,0.911,,,4.599,B/91,4.599,True,False,,,,,,8,A:96;B:151;L:1,sumo2_k11_xisok_ube2w,seed-11_sample-1,sumo2_k11_xisok_ube2w/seed-11_sample-1/model.cif,0.39,0.63,0.48,,,,,sumo2_k11_xisok_ube2w,True,seed-11_sample-1,xisok
True,1,1.175,,,5.14,B/91,5.14,True,False,,,,,,4,A:96;B:151;L:1,sumo2_k11_xisok_ube2w,seed-11_sample-2,sumo2_k11_xisok_ube2w/seed-11_sample-2/model.cif,0.38,0.63,0.45,,,,,sumo2_k11_xisok_ube2w,True,seed-11_sample-2,xisok
True,1,1.138,,,4.518,B/91,4.518,True,False,,,,,,12,A:96;B:151;L:1,sumo2_k11_xisok_ube2w,seed-11_sample-3,sumo2_k11_xisok_ube2w/seed-11_sample-3/model.cif,0.39,0.65,0.49,,,,,sumo2_k11_xisok_ube2w,True,seed-11_sample-3,xisok
True,1,1.116,,,5.016,B/151,4.457,False,False,,,,,,16,A:96;B:151;L:1,sumo2_k11_xisok_ube2w,seed-11_sample-4,sumo2_k11_xisok_ube2w/seed-11_sample-4/model.cif,0.3,0.64,0.4,,,,,sumo2_k11_xisok_ube2w,True,seed-11_sample-4,xisok
True,1,0.997,,,4.24,B/91,4.24,True,False,,,,,,6,A:96;B:151;L:1,sumo2_k11_xisok_ube2w,seed-12_sample-0,sumo2_k11_xisok_ube2w/seed-12_sample-0/model.cif,0.56,0.65,0.62,,,,,sumo2_k11_xisok_ube2w,True,seed-12_sample-0,xisok
True,1,1.013,,,4.051,B/91,4.051,True,False,,,,,,9,A:96;B:151;L:1,sumo2_k11_xisok_ube2w,seed-12_sample-1,sumo2_k11_xisok_ube2w/seed-12_sample-1/model.cif,0.54,0.65,0.61,,,,,sumo2_k11_xisok_ube2w,True,seed-12_sample-1,xisok
True,1,0.938,,,4.285,B/91,4.285,True,False,,,,,,10,A:96;B:151;L:1,sumo2_k11_xisok_ube2w,seed-12_sample-2,sumo2_k11_xisok_ube2w/seed-12_sample-2/model.cif,0.47,0.64,0.54,,,,,sumo2_k11_xisok_ube2w,True,seed-12_sample-2,xisok
True,1,0.777,,,4.152,B/91,4.152,True,False,,,,,,7,A:96;B:151;L:1,sumo2_k11_xisok_ube2w,seed-12_sample-3,sumo2_k11_xisok_ube2w/seed-12_sample-3/model.cif,0.28,0.62,0.38,,,,,sumo2_k11_xisok_ube2w,True,seed-12_sample-3,xisok
True,1,1.162,,,5.535,B/91,5.535,True,False,,,,,,9,A:96;B:151;L:1,sumo2_k11_xisok_ube2w,seed-12_sample-4,sumo2_k11_xisok_ube2w/seed-12_sample-4/model.cif,0.6,0.67,0.63,,,,,sumo2_k11_xisok_ube2w,True,seed-12_sample-4,xisok
True,1,0.824,,,4.129,B/91,4.129,True,False,,,,,,7,A:96;B:151;L:1,sumo2_k11_xisok_ube2w,seed-13_sample-0,sumo2_k11_xisok_ube2w/seed-13_sample-0/model.cif,0.36,0.63,0.46,,,,,sumo2_k11_xisok_ube2w,True,seed-13_sample-0,xisok
True,1,1.141,,,4.734,B/91,4.734,True,False,,,,,,4,A:96;B:151;L:1,sumo2_k11_xisok_ube2w,seed-13_sample-1,sumo2_k11_xisok_ube2w/seed-13_sample-1/model.cif,0.36,0.64,0.44,,,,,sumo2_k11_xisok_ube2w,True,seed-13_sample-1,xisok
True,1,1.067,,,4.507,B/91,4.507,True,False,,,,,,6,A:96;B:151;L:1,sumo2_k11_xisok_ube2w,seed-13_sample-2,sumo2_k11_xisok_ube2w/seed-13_sample-2/model.cif,0.37,0.63,0.45,,,,,sumo2_k11_xisok_ube2w,True,seed-13_sample-2,xisok
True,1,1.042,,,4.103,B/91,4.103,True,False,,,,,,5,A:96;B:151;L:1,sumo2_k11_xisok_ube2w,seed-13_sample-3,sumo2_k11_xisok_ube2w/seed-13_sample-3/model.cif,0.34,0.62,0.43,,,,,sumo2_k11_xisok_ube2w,True,seed-13_sample-3,xisok
True,1,1.172,,,4.735,B/91,4.735,True,False,,,,,,6,A:96;B:151;L:1,sumo2_k11_xisok_ube2w,seed-13_sample-4,sumo2_k11_xisok_ube2w/seed-13_sample-4/model.cif,0.36,0.63,0.43,,,,,sumo2_k11_xisok_ube2w,True,seed-13_sample-4,xisok
True,1,0.822,,,4.482,B/91,4.482,True,False,,,,,,8,A:96;B:151;L:1,sumo2_k11_xisok_ube2w,seed-14_sample-0,sumo2_k11_xisok_ube2w/seed-14_sample-0/model.cif,0.42,0.64,0.5,,,,,sumo2_k11_xisok_ube2w,True,seed-14_sample-0,xisok
True,1,1.178,,,5.31,B/91,5.31,True,False,,,,,,15,A:96;B:151;L:1,sumo2_k11_xisok_ube2w,seed-14_sample-1,sumo2_k11_xisok_ube2w/seed-14_sample-1/model.cif,0.37,0.66,0.46,,,,,sumo2_k11_xisok_ube2w,True,seed-14_sample-1,xisok
True,1,0.817,,,4.075,B/91,4.075,True,False,,,,,,10,A:96;B:151;L:1,sumo2_k11_xisok_ube2w,seed-14_sample-2,sumo2_k11_xisok_ube2w/seed-14_sample-2/model.cif,0.38,0.65,0.47,,,,,sumo2_k11_xisok_ube2w,True,seed-14_sample-2,xisok
True,1,0.923,,,4.471,B/91,4.471,True,False,,,,,,8,A:96;B:151;L:1,sumo2_k11_xisok_ube2w,seed-14_sample-3,sumo2_k11_xisok_ube2w/seed-14_sample-3/model.cif,0.4,0.63,0.49,,,,,sumo2_k11_xisok_ube2w,True,seed-14_sample-3,xisok
True,1,0.775,,,4.452,B/91,4.452,True,False,,,,,,9,A:96;B:151;L:1,sumo2_k11_xisok_ube2w,seed-14_sample-4,sumo2_k11_xisok_ube2w/seed-14_sample-4/model.cif,0.41,0.64,0.5,,,,,sumo2_k11_xisok_ube2w,True,seed-14_sample-4,xisok
True,1,1.135,,,4.441,B/91,4.441,True,False,,,,,,7,A:96;B:151;L:1,sumo2_k11_xisok_ube2w,seed-15_sample-0,sumo2_k11_xisok_ube2w/seed-15_sample-0/model.cif,0.54,0.65,0.59,,,,,sumo2_k11_xisok_ube2w,True,seed-15_sample-0,xisok
True,1,0.955,,,4.392,B/91,4.392,True,False,,,,,,9,A:96;B:151;L:1,sumo2_k11_xisok_ube2w,seed-15_sample-1,sumo2_k11_xisok_ube2w/seed-15_sample-1/model.cif,0.34,0.63,0.45,,,,,sumo2_k11_xisok_ube2w,True,seed-15_sample-1,xisok
True,1,1.161,,,4.595,B/91,4.595,True,False,,,,,,11,A:96;B:151;L:1,sumo2_k11_xisok_ube2w,seed-15_sample-2,sumo2_k11_xisok_ube2w/seed-15_sample-2/model.cif,0.3,0.64,0.38,,,,,sumo2_k11_xisok_ube2w,True,seed-15_sample-2,xisok
True,1,0.936,,,4.057,B/91,4.057,True,False,,,,,,6,A:96;B:151;L:1,sumo2_k11_xisok_ube2w,seed-15_sample-3,sumo2_k11_xisok_ube2w/seed-15_sample-3/model.cif,0.45,0.64,0.54,,,,,sumo2_k11_xisok_ube2w,True,seed-15_sample-3,xisok
True,1,0.995,,,4.247,B/91,4.247,True,False,,,,,,6,A:96;B:151;L:1,sumo2_k11_xisok_ube2w,seed-15_sample-4,sumo2_k11_xisok_ube2w/seed-15_sample-4/model.cif,0.49,0.65,0.56,,,,,sumo2_k11_xisok_ube2w,True,seed-15_sample-4,xisok
True,1,0.976,,,4.167,B/91,4.167,True,False,,,,,,6,A:96;B:151;L:1,sumo2_k11_xisok_ube2w,seed-16_sample-0,sumo2_k11_xisok_ube2w/seed-16_sample-0/model.cif,0.56,0.65,0.62,,,,,sumo2_k11_xisok_ube2w,True,seed-16_sample-0,xisok
True,1,0.889,,,4.056,B/91,4.056,True,False,,,,,,6,A:96;B:151;L:1,sumo2_k11_xisok_ube2w,seed-16_sample-1,sumo2_k11_xisok_ube2w/seed-16_sample-1/model.cif,0.4,0.64,0.48,,,,,sumo2_k11_xisok_ube2w,True,seed-16_sample-1,xisok
True,1,1.147,,,4.638,B/151,1.974,False,False,,,,,,12,A:96;B:151;L:1,sumo2_k11_xisok_ube2w,seed-16_sample-2,sumo2_k11_xisok_ube2w/seed-16_sample-2/model.cif,0.33,0.64,0.42,,,,,sumo2_k11_xisok_ube2w,True,seed-16_sample-2,xisok
True,1,1.139,,,4.56,B/91,4.56,True,False,,,,,,11,A:96;B:151;L:1,sumo2_k11_xisok_ube2w,seed-16_sample-3,sumo2_k11_xisok_ube2w/seed-16_sample-3/model.cif,0.55,0.66,0.59,,,,,sumo2_k11_xisok_ube2w,True,seed-16_sample-3,xisok
True,1,0.931,,,3.906,B/91,3.906,True,True,,,,,,8,A:96;B:151;L:1,sumo2_k11_xisok_ube2w,seed-16_sample-4,sumo2_k11_xisok_ube2w/seed-16_sample-4/model.cif,0.47,0.64,0.56,,,,,sumo2_k11_xisok_ube2w,True,seed-16_sample-4,xisok
True,1,0.935,,,4.101,B/91,4.101,True,False,,,,,,9,A:96;B:151;L:1,sumo2_k11_xisok_ube2w,seed-17_sample-0,sumo2_k11_xisok_ube2w/seed-17_sample-0/model.cif,0.41,0.63,0.49,,,,,sumo2_k11_xisok_ube2w,True,seed-17_sample-0,xisok
True,1,0.928,,,4.191,B/151,3.56,False,False,,,,,,9,A:96;B:151;L:1,sumo2_k11_xisok_ube2w,seed-17_sample-1,sumo2_k11_xisok_ube2w/seed-17_sample-1/model.cif,0.51,0.64,0.58,,,,,sumo2_k11_xisok_ube2w,True,seed-17_sample-1,xisok
True,1,0.921,,,4.364,B/151,3.075,False,False,,,,,,6,A:96;B:151;L:1,sumo2_k11_xisok_ube2w,seed-17_sample-2,sumo2_k11_xisok_ube2w/seed-17_sample-2/model.cif,0.44,0.63,0.51,,,,,sumo2_k11_xisok_ube2w,True,seed-17_sample-2,xisok
True,1,1.075,,,3.98,B/91,3.98,True,True,,,,,,9,A:96;B:151;L:1,sumo2_k11_xisok_ube2w,seed-17_sample-3,sumo2_k11_xisok_ube2w/seed-17_sample-3/model.cif,0.35,0.63,0.44,,,,,sumo2_k11_xisok_ube2w,True,seed-17_sample-3,xisok
True,1,1.156,,,5.78,B/91,5.78,True,False,,,,,,12,A:96;B:151;L:1,sumo2_k11_xisok_ube2w,seed-17_sample-4,sumo2_k11_xisok_ube2w/seed-17_sample-4/model.cif,0.34,0.65,0.44,,,,,sumo2_k11_xisok_ube2w,True,seed-17_sample-4,xisok
True,1,1.142,,,4.764,B/91,4.764,True,False,,,,,,15,A:96;B:151;L:1,sumo2_k11_xisok_ube2w,seed-18_sample-0,sumo2_k11_xisok_ube2w/seed-18_sample-0/model.cif,0.37,0.63,0.45,,,,,sumo2_k11_xisok_ube2w,True,seed-18_sample-0,xisok
True,1,1.119,,,4.993,B/91,4.993,True,False,,,,,,14,A:96;B:151;L:1,sumo2_k11_xisok_ube2w,seed-18_sample-1,sumo2_k11_xisok_ube2w/seed-18_sample-1/model.cif,0.47,0.65,0.53,,,,,sumo2_k11_xisok_ube2w,True,seed-18_sample-1,xisok
True,1,0.867,,,4.661,B/91,4.661,True,False,,,,,,5,A:96;B:151;L:1,sumo2_k11_xisok_ube2w,seed-18_sample-2,sumo2_k11_xisok_ube2w/seed-18_sample-2/model.cif,0.39,0.63,0.48,,,,,sumo2_k11_xisok_ube2w,True,seed-18_sample-2,xisok
True,1,0.878,,,4.667,B/91,4.667,True,False,,,,,,12,A:96;B:151;L:1,sumo2_k11_xisok_ube2w,seed-18_sample-3,sumo2_k11_xisok_ube2w/seed-18_sample-3/model.cif,0.44,0.65,0.51,,,,,sumo2_k11_xisok_ube2w,True,seed-18_sample-3,xisok
True,1,0.964,,,4.477,B/91,4.477,True,False,,,,,,12,A:96;B:151;L:1,sumo2_k11_xisok_ube2w,seed-18_sample-4,sumo2_k11_xisok_ube2w/seed-18_sample-4/model.cif,0.33,0.64,0.44,,,,,sumo2_k11_xisok_ube2w,True,seed-18_sample-4,xisok
True,1,1.146,,,4.596,B/91,4.596,True,False,,,,,,7,A:96;B:151;L:1,sumo2_k11_xisok_ube2w,seed-19_sample-0,sumo2_k11_xisok_ube2w/seed-19_sample-0/model.cif,0.34,0.63,0.41,,,,,sumo2_k11_xisok_ube2w,True,seed-19_sample-0,xisok
True,1,0.952,,,4.143,B/91,4.143,True,False,,,,,,8,A:96;B:151;L:1,sumo2_k11_xisok_ube2w,seed-19_sample-1,sumo2_k11_xisok_ube2w/seed-19_sample-1/model.cif,0.55,0.65,0.61,,,,,sumo2_k11_xisok_ube2w,True,seed-19_sample-1,xisok
True,1,1.167,,,5.662,B/91,5.662,True,False,,,,,,7,A:96;B:151;L:1,sumo2_k11_xisok_ube2w,seed-19_sample-2,sumo2_k11_xisok_ube2w/seed-19_sample-2/model.cif,0.48,0.64,0.52,,,,,sumo2_k11_xisok_ube2w,True,seed-19_sample-2,xisok
True,1,0.941,,,4.466,B/91,4.466,True,False,,,,,,6,A:96;B:151;L:1,sumo2_k11_xisok_ube2w,seed-19_sample-3,sumo2_k11_xisok_ube2w/seed-19_sample-3/model.cif,0.41,0.63,0.5,,,,,sumo2_k11_xisok_ube2w,True,seed-19_sample-3,xisok
True,1,0.945,,,4.198,B/151,2.581,False,False,,,,,,5,A:96;B:151;L:1,sumo2_k11_xisok_ube2w,seed-19_sample-4,sumo2_k11_xisok_ube2w/seed-19_sample-4/model.cif,0.33,0.63,0.41,,,,,sumo2_k11_xisok_ube2w,True,seed-19_sample-4,xisok
True,1,0.779,,,4.902,B/91,4.902,True,False,,,,,,9,A:96;B:151;L:1,sumo2_k11_xisok_ube2w,seed-1_sample-0,sumo2_k11_xisok_ube2w/seed-1_sample-0/model.cif,0.38,0.64,0.48,,,,,sumo2_k11_xisok_ube2w,True,seed-1_sample-0,xisok
True,1,1.192,,,4.907,B/91,4.907,True,False,,,,,,9,A:96;B:151;L:1,sumo2_k11_xisok_ube2w,seed-1_sample-1,sumo2_k11_xisok_ube2w/seed-1_sample-1/model.cif,0.37,0.63,0.44,,,,,sumo2_k11_xisok_ube2w,True,seed-1_sample-1,xisok
True,1,1.142,,,6.7,B/91,6.7,True,False,,,,,,14,A:96;B:151;L:1,sumo2_k11_xisok_ube2w,seed-1_sample-2,sumo2_k11_xisok_ube2w/seed-1_sample-2/model.cif,0.33,0.65,0.43,,,,,sumo2_k11_xisok_ube2w,True,seed-1_sample-2,xisok
True,1,1.16,,,4.8,B/91,4.8,True,False,,,,,,13,A:96;B:151;L:1,sumo2_k11_xisok_ube2w,seed-1_sample-3,sumo2_k11_xisok_ube2w/seed-1_sample-3/model.cif,0.48,0.66,0.54,,,,,sumo2_k11_xisok_ube2w,True,seed-1_sample-3,xisok
True,1,1.12,,,4.865,B/91,4.865,True,False,,,,,,13,A:96;B:151;L:1,sumo2_k11_xisok_ube2w,seed-1_sample-4,sumo2_k11_xisok_ube2w/seed-1_sample-4/model.cif,0.43,0.67,0.5,,,,,sumo2_k11_xisok_ube2w,True,seed-1_sample-4,xisok
True,1,1.136,,,4.67,B/91,4.67,True,False,,,,,,11,A:96;B:151;L:1,sumo2_k11_xisok_ube2w,seed-20_sample-0,sumo2_k11_xisok_ube2w/seed-20_sample-0/model.cif,0.38,0.64,0.45,,,,,sumo2_k11_xisok_ube2w,True,seed-20_sample-0,xisok
True,1,1.193,,,4.789,B/91,4.789,True,False,,,,,,18,A:96;B:151;L:1,sumo2_k11_xisok_ube2w,seed-20_sample-1,sumo2_k11_xisok_ube2w/seed-20_sample-1/model.cif,0.39,0.68,0.5,,,,,sumo2_k11_xisok_ube2w,True,seed-20_sample-1,xisok
True,1,0.909,,,3.826,B/91,3.826,True,True,,,,,,5,A:96;B:151;L:1,sumo2_k11_xisok_ube2w,seed-20_sample-2,sumo2_k11_xisok_ube2w/seed-20_sample-2/model.cif,0.36,0.62,0.45,,,,,sumo2_k11_xisok_ube2w,True,seed-20_sample-2,xisok
True,1,0.996,,,3.784,B/91,3.784,True,True,,,,,,6,A:96;B:151;L:1,sumo2_k11_xisok_ube2w,seed-20_sample-3,sumo2_k11_xisok_ube2w/seed-20_sample-3/model.cif,0.52,0.64,0.58,,,,,sumo2_k11_xisok_ube2w,True,seed-20_sample-3,xisok
True,1,0.969,,,4.014,B/91,4.014,True,False,,,,,,6,A:96;B:151;L:1,sumo2_k11_xisok_ube2w,seed-20_sample-4,sumo2_k11_xisok_ube2w/seed-20_sample-4/model.cif,0.38,0.64,0.46,,,,,sumo2_k11_xisok_ube2w,True,seed-20_sample-4,xisok
True,1,0.824,,,4.197,B/91,4.197,True,False,,,,,,9,A:96;B:151;L:1,sumo2_k11_xisok_ube2w,seed-2_sample-0,sumo2_k11_xisok_ube2w/seed-2_sample-0/model.cif,0.31,0.63,0.41,,,,,sumo2_k11_xisok_ube2w,True,seed-2_sample-0,xisok
True,1,0.91,,,4.075,B/91,4.075,True,False,,,,,,7,A:96;B:151;L:1,sumo2_k11_xisok_ube2w,seed-2_sample-1,sumo2_k11_xisok_ube2w/seed-2_sample-1/model.cif,0.34,0.63,0.43,,,,,sumo2_k11_xisok_ube2w,True,seed-2_sample-1,xisok
True,1,1.153,,,5.81,B/151,4.094,False,False,,,,,,6,A:96;B:151;L:1,sumo2_k11_xisok_ube2w,seed-2_sample-2,sumo2_k11_xisok_ube2w/seed-2_sample-2/model.cif,0.42,0.65,0.48,,,,,sumo2_k11_xisok_ube2w,True,seed-2_sample-2,xisok
True,1,1.183,,,4.834,B/91,4.834,True,False,,,,,,13,A:96;B:151;L:1,sumo2_k11_xisok_ube2w,seed-2_sample-3,sumo2_k11_xisok_ube2w/seed-2_sample-3/model.cif,0.58,0.66,0.63,,,,,sumo2_k11_xisok_ube2w,True,seed-2_sample-3,xisok
True,1,1.164,,,4.822,B/91,4.822,True,False,,,,,,9,A:96;B:151;L:1,sumo2_k11_xisok_ube2w,seed-2_sample-4,sumo2_k11_xisok_ube2w/seed-2_sample-4/model.cif,0.36,0.63,0.44,,,,,sumo2_k11_xisok_ube2w,True,seed-2_sample-4,xisok
True,1,0.888,,,4.431,B/91,4.431,True,False,,,,,,8,A:96;B:151;L:1,sumo2_k11_xisok_ube2w,seed-3_sample-0,sumo2_k11_xisok_ube2w/seed-3_sample-0/model.cif,0.39,0.64,0.48,,,,,sumo2_k11_xisok_ube2w,True,seed-3_sample-0,xisok
True,1,1.027,,,3.926,B/151,3.138,False,True,,,,,,13,A:96;B:151;L:1,sumo2_k11_xisok_ube2w,seed-3_sample-1,sumo2_k11_xisok_ube2w/seed-3_sample-1/model.cif,0.55,0.66,0.61,,,,,sumo2_k11_xisok_ube2w,True,seed-3_sample-1,xisok
True,1,1.025,,,4.311,B/91,4.311,True,False,,,,,,9,A:96;B:151;L:1,sumo2_k11_xisok_ube2w,seed-3_sample-2,sumo2_k11_xisok_ube2w/seed-3_sample-2/model.cif,0.56,0.65,0.63,,,,,sumo2_k11_xisok_ube2w,True,seed-3_sample-2,xisok
True,1,0.948,,,4.426,B/151,2.4,False,False,,,,,,6,A:96;B:151;L:1,sumo2_k11_xisok_ube2w,seed-3_sample-3,sumo2_k11_xisok_ube2w/seed-3_sample-3/model.cif,0.57,0.65,0.62,,,,,sumo2_k11_xisok_ube2w,True,seed-3_sample-3,xisok
True,1,1.193,,,4.664,B/91,4.664,True,False,,,,,,13,A:96;B:151;L:1,sumo2_k11_xisok_ube2w,seed-3_sample-4,sumo2_k11_xisok_ube2w/seed-3_sample-4/model.cif,0.41,0.65,0.49,,,,,sumo2_k11_xisok_ube2w,True,seed-3_sample-4,xisok
True,1,1.01,,,4.3,B/91,4.3,True,False,,,,,,7,A:96;B:151;L:1,sumo2_k11_xisok_ube2w,seed-4_sample-0,sumo2_k11_xisok_ube2w/seed-4_sample-0/model.cif,0.5,0.64,0.57,,,,,sumo2_k11_xisok_ube2w,True,seed-4_sample-0,xisok
True,1,1.109,,,4.629,B/91,4.629,True,False,,,,,,9,A:96;B:151;L:1,sumo2_k11_xisok_ube2w,seed-4_sample-1,sumo2_k11_xisok_ube2w/seed-4_sample-1/model.cif,0.43,0.63,0.51,,,,,sumo2_k11_xisok_ube2w,True,seed-4_sample-1,xisok
True,1,1.181,,,5.652,B/91,5.652,True,False,,,,,,12,A:96;B:151;L:1,sumo2_k11_xisok_ube2w,seed-4_sample-2,sumo2_k11_xisok_ube2w/seed-4_sample-2/model.cif,0.49,0.66,0.57,,,,,sumo2_k11_xisok_ube2w,True,seed-4_sample-2,xisok
True,1,0.877,,,4.0,B/91,4.0,True,True,,,,,,9,A:96;B:151;L:1,sumo2_k11_xisok_ube2w,seed-4_sample-3,sumo2_k11_xisok_ube2w/seed-4_sample-3/model.cif,0.47,0.65,0.53,,,,,sumo2_k11_xisok_ube2w,True,seed-4_sample-3,xisok
True,1,1.185,,,4.755,B/91,4.755,True,False,,,,,,19,A:96;B:151;L:1,sumo2_k11_xisok_ube2w,seed-4_sample-4,sumo2_k11_xisok_ube2w/seed-4_sample-4/model.cif,0.52,0.65,0.57,,,,,sumo2_k11_xisok_ube2w,True,seed-4_sample-4,xisok
True,1,1.166,,,4.753,B/91,4.753,True,False,,,,,,16,A:96;B:151;L:1,sumo2_k11_xisok_ube2w,seed-5_sample-0,sumo2_k11_xisok_ube2w/seed-5_sample-0/model.cif,0.51,0.65,0.56,,,,,sumo2_k11_xisok_ube2w,True,seed-5_sample-0,xisok
True,1,0.954,,,3.887,B/91,3.887,True,True,,,,,,7,A:96;B:151;L:1,sumo2_k11_xisok_ube2w,seed-5_sample-1,sumo2_k11_xisok_ube2w/seed-5_sample-1/model.cif,0.49,0.64,0.55,,,,,sumo2_k11_xisok_ube2w,True,seed-5_sample-1,xisok
True,1,1.136,,,4.317,B/91,4.317,True,False,,,,,,8,A:96;B:151;L:1,sumo2_k11_xisok_ube2w,seed-5_sample-2,sumo2_k11_xisok_ube2w/seed-5_sample-2/model.cif,0.45,0.65,0.52,,,,,sumo2_k11_xisok_ube2w,True,seed-5_sample-2,xisok
True,1,1.041,,,4.241,B/91,4.241,True,False,,,,,,9,A:96;B:151;L:1,sumo2_k11_xisok_ube2w,seed-5_sample-3,sumo2_k11_xisok_ube2w/seed-5_sample-3/model.cif,0.33,0.61,0.41,,,,,sumo2_k11_xisok_ube2w,True,seed-5_sample-3,xisok
True,1,1.192,,,4.668,B/91,4.668,True,False,,,,,,6,A:96;B:151;L:1,sumo2_k11_xisok_ube2w,seed-5_sample-4,sumo2_k11_xisok_ube2w/seed-5_sample-4/model.cif,0.49,0.64,0.54,,,,,sumo2_k11_xisok_ube2w,True,seed-5_sample-4,xisok
True,1,1.101,,,4.265,B/91,4.265,True,False,,,,,,4,A:96;B:151;L:1,sumo2_k11_xisok_ube2w,seed-6_sample-0,sumo2_k11_xisok_ube2w/seed-6_sample-0/model.cif,0.36,0.63,0.42,,,,,sumo2_k11_xisok_ube2w,True,seed-6_sample-0,xisok
True,1,0.843,,,4.654,B/151,3.898,False,False,,,,,,5,A:96;B:151;L:1,sumo2_k11_xisok_ube2w,seed-6_sample-1,sumo2_k11_xisok_ube2w/seed-6_sample-1/model.cif,0.43,0.63,0.52,,,,,sumo2_k11_xisok_ube2w,True,seed-6_sample-1,xisok
True,1,0.897,,,4.403,B/91,4.403,True,False,,,,,,10,A:96;B:151;L:1,sumo2_k11_xisok_ube2w,seed-6_sample-2,sumo2_k11_xisok_ube2w/seed-6_sample-2/model.cif,0.37,0.63,0.45,,,,,sumo2_k11_xisok_ube2w,True,seed-6_sample-2,xisok
True,1,1.156,,,4.527,B/151,4.379,False,False,,,,,,9,A:96;B:151;L:1,sumo2_k11_xisok_ube2w,seed-6_sample-3,sumo2_k11_xisok_ube2w/seed-6_sample-3/model.cif,0.51,0.67,0.57,,,,,sumo2_k11_xisok_ube2w,True,seed-6_sample-3,xisok
True,1,1.172,,,4.994,B/91,4.994,True,False,,,,,,7,A:96;B:151;L:1,sumo2_k11_xisok_ube2w,seed-6_sample-4,sumo2_k11_xisok_ube2w/seed-6_sample-4/model.cif,0.29,0.62,0.38,,,,,sumo2_k11_xisok_ube2w,True,seed-6_sample-4,xisok
True,1,1.143,,,4.756,B/91,4.756,True,False,,,,,,12,A:96;B:151;L:1,sumo2_k11_xisok_ube2w,seed-7_sample-0,sumo2_k11_xisok_ube2w/seed-7_sample-0/model.cif,0.34,0.65,0.42,,,,,sumo2_k11_xisok_ube2w,True,seed-7_sample-0,xisok
True,1,1.165,,,4.988,B/91,4.988,True,False,,,,,,8,A:96;B:151;L:1,sumo2_k11_xisok_ube2w,seed-7_sample-1,sumo2_k11_xisok_ube2w/seed-7_sample-1/model.cif,0.42,0.64,0.48,,,,,sumo2_k11_xisok_ube2w,True,seed-7_sample-1,xisok
True,1,0.968,,,4.19,B/91,4.19,True,False,,,,,,5,A:96;B:151;L:1,sumo2_k11_xisok_ube2w,seed-7_sample-2,sumo2_k11_xisok_ube2w/seed-7_sample-2/model.cif,0.36,0.63,0.47,,,,,sumo2_k11_xisok_ube2w,True,seed-7_sample-2,xisok
True,1,1.172,,,4.616,B/151,4.434,False,False,,,,,,15,A:96;B:151;L:1,sumo2_k11_xisok_ube2w,seed-7_sample-3,sumo2_k11_xisok_ube2w/seed-7_sample-3/model.cif,0.48,0.65,0.53,,,,,sumo2_k11_xisok_ube2w,True,seed-7_sample-3,xisok
True,1,0.848,,,4.272,B/91,4.272,True,False,,,,,,9,A:96;B:151;L:1,sumo2_k11_xisok_ube2w,seed-7_sample-4,sumo2_k11_xisok_ube2w/seed-7_sample-4/model.cif,0.44,0.64,0.52,,,,,sumo2_k11_xisok_ube2w,True,seed-7_sample-4,xisok
True,1,1.182,,,4.983,B/91,4.983,True,False,,,,,,7,A:96;B:151;L:1,sumo2_k11_xisok_ube2w,seed-8_sample-0,sumo2_k11_xisok_ube2w/seed-8_sample-0/model.cif,0.4,0.65,0.47,,,,,sumo2_k11_xisok_ube2w,True,seed-8_sample-0,xisok
True,1,1.154,,,4.797,B/151,2.573,False,False,,,,,,7,A:96;B:151;L:1,sumo2_k11_xisok_ube2w,seed-8_sample-1,sumo2_k11_xisok_ube2w/seed-8_sample-1/model.cif,0.4,0.64,0.47,,,,,sumo2_k11_xisok_ube2w,True,seed-8_sample-1,xisok
True,1,1.147,,,4.611,B/91,4.611,True,False,,,,,,16,A:96;B:151;L:1,sumo2_k11_xisok_ube2w,seed-8_sample-2,sumo2_k11_xisok_ube2w/seed-8_sample-2/model.cif,0.57,0.67,0.61,,,,,sumo2_k11_xisok_ube2w,True,seed-8_sample-2,xisok
True,1,1.026,,,4.328,B/91,4.328,True,False,,,,,,9,A:96;B:151;L:1,sumo2_k11_xisok_ube2w,seed-8_sample-3,sumo2_k11_xisok_ube2w/seed-8_sample-3/model.cif,0.51,0.65,0.57,,,,,sumo2_k11_xisok_ube2w,True,seed-8_sample-3,xisok
True,1,0.739,,,4.237,B/91,4.237,True,False,,,,,,7,A:96;B:151;L:1,sumo2_k11_xisok_ube2w,seed-8_sample-4,sumo2_k11_xisok_ube2w/seed-8_sample-4/model.cif,0.32,0.62,0.44,,,,,sumo2_k11_xisok_ube2w,True,seed-8_sample-4,xisok
True,1,0.873,,,4.362,B/151,3.57,False,False,,,,,,6,A:96;B:151;L:1,sumo2_k11_xisok_ube2w,seed-9_sample-0,sumo2_k11_xisok_ube2w/seed-9_sample-0/model.cif,0.4,0.64,0.48,,,,,sumo2_k11_xisok_ube2w,True,seed-9_sample-0,xisok
True,1,1.142,,,5.56,B/91,5.56,True,False,,,,,,10,A:96;B:151;L:1,sumo2_k11_xisok_ube2w,seed-9_sample-1,sumo2_k11_xisok_ube2w/seed-9_sample-1/model.cif,0.41,0.65,0.49,,,,,sumo2_k11_xisok_ube2w,True,seed-9_sample-1,xisok
True,1,1.108,,,4.879,B/91,4.879,True,False,,,,,,11,A:96;B:151;L:1,sumo2_k11_xisok_ube2w,seed-9_sample-2,sumo2_k11_xisok_ube2w/seed-9_sample-2/model.cif,0.42,0.64,0.48,,,,,sumo2_k11_xisok_ube2w,True,seed-9_sample-2,xisok
True,1,1.117,,,4.77,B/91,4.77,True,False,,,,,,15,A:96;B:151;L:1,sumo2_k11_xisok_ube2w,seed-9_sample-3,sumo2_k11_xisok_ube2w/seed-9_sample-3/model.cif,0.42,0.65,0.51,,,,,sumo2_k11_xisok_ube2w,True,seed-9_sample-3,xisok
True,1,1.175,,,5.871,B/151,4.251,False,False,,,,,,10,A:96;B:151;L:1,sumo2_k11_xisok_ube2w,seed-9_sample-4,sumo2_k11_xisok_ube2w/seed-9_sample-4/model.cif,0.49,0.65,0.55,,,,,sumo2_k11_xisok_ube2w,True,seed-9_sample-4,xisok
